Date,Low,Open,Volume,High,Close,Adjusted Close
04-10-1989,2.4375,2.46875,20636000,2.546875,2.5,1.7905142307281494
05-10-1989,2.5,2.515625,6453600,2.625,2.578125,1.84646737575531
06-10-1989,2.546875,2.59375,2755200,2.625,2.546875,1.8240865468978882
09-10-1989,2.5,2.546875,1084000,2.546875,2.546875,1.8240865468978882
10-10-1989,2.5,2.5625,1493600,2.5625,2.53125,1.8128951787948608
11-10-1989,2.46875,2.5,1260000,2.515625,2.515625,1.8017032146453857
12-10-1989,2.515625,2.515625,602400,2.546875,2.53125,1.8128951787948608
13-10-1989,2.46875,2.53125,3970400,2.53125,2.484375,1.7793225049972534
16-10-1989,2.375,2.375,3924800,2.46875,2.46875,1.7681328058242798
17-10-1989,2.4375,2.4375,1843200,2.5,2.5,1.7905142307281494
18-10-1989,2.484375,2.5,1128000,2.5625,2.546875,1.8240865468978882
19-10-1989,2.53125,2.53125,1040000,2.546875,2.546875,1.8240865468978882
20-10-1989,2.515625,2.53125,237600,2.53125,2.53125,1.8128951787948608
23-10-1989,2.546875,2.546875,87200,2.5625,2.546875,1.8240865468978882
24-10-1989,2.53125,2.546875,689600,2.5625,2.5625,1.8352762460708618
25-10-1989,2.515625,2.546875,608000,2.578125,2.546875,1.8240865468978882
26-10-1989,2.546875,2.546875,228800,2.5625,2.546875,1.8240865468978882
27-10-1989,2.5,2.546875,456000,2.546875,2.515625,1.8017032146453857
30-10-1989,2.5,2.515625,250400,2.515625,2.5,1.7905142307281494
31-10-1989,2.5,2.5,424800,2.515625,2.5,1.7905142307281494
01-11-1989,2.515625,2.515625,715200,2.5625,2.5625,1.8352762460708618
02-11-1989,2.59375,2.59375,130400,2.640625,2.640625,1.891229510307312
03-11-1989,2.625,2.625,1118400,2.75,2.734375,1.9583736658096313
06-11-1989,2.578125,2.71875,264800,2.71875,2.578125,1.84646737575531
07-11-1989,2.5,2.546875,727200,2.6875,2.6875,1.9248017072677612
08-11-1989,2.671875,2.6875,236800,2.71875,2.71875,1.9471842050552368
09-11-1989,2.6875,2.71875,60800,2.71875,2.6875,1.9248017072677612
10-11-1989,2.546875,2.6875,210400,2.6875,2.5625,1.8352762460708618
13-11-1989,2.515625,2.5625,92800,2.5625,2.546875,1.8240865468978882
14-11-1989,2.484375,2.578125,428000,2.578125,2.53125,1.8128951787948608
15-11-1989,2.53125,2.546875,176000,2.578125,2.5625,1.8352762460708618
16-11-1989,2.546875,2.546875,301600,2.59375,2.59375,1.8576586246490479
17-11-1989,2.59375,2.59375,249600,2.640625,2.640625,1.891229510307312
20-11-1989,2.609375,2.65625,43200,2.65625,2.609375,1.8688501119613647
21-11-1989,2.59375,2.59375,108800,2.671875,2.671875,1.9136121273040771
22-11-1989,2.6875,2.6875,255200,2.75,2.75,1.969565749168396
24-11-1989,2.78125,2.78125,572000,2.953125,2.921875,2.092663049697876
27-11-1989,2.859375,2.90625,253600,2.9375,2.875,2.059091567993164
28-11-1989,2.828125,2.875,560000,2.875,2.828125,2.0255191326141357
29-11-1989,2.78125,2.8125,60800,2.8125,2.796875,2.003138542175293
30-11-1989,2.8125,2.8125,712800,2.90625,2.890625,2.0702829360961914
01-12-1989,2.890625,2.890625,356800,2.953125,2.90625,2.081472158432007
04-12-1989,2.875,2.9375,172000,2.984375,2.984375,2.1374270915985107
05-12-1989,2.90625,2.953125,93600,2.984375,2.90625,2.081472158432007
06-12-1989,2.90625,2.90625,668800,3.0,2.984375,2.1374270915985107
07-12-1989,2.921875,2.984375,215200,2.984375,2.953125,2.1150448322296143
08-12-1989,2.921875,2.921875,122400,2.953125,2.953125,2.1150448322296143
11-12-1989,2.9375,2.96875,306400,3.03125,3.0,2.14861798286438
12-12-1989,2.984375,3.015625,1119200,3.03125,3.015625,2.159808397293091
13-12-1989,2.984375,3.0,400000,3.15625,3.15625,2.2605249881744385
14-12-1989,3.109375,3.125,391200,3.140625,3.125,2.238142251968384
15-12-1989,3.09375,3.140625,155200,3.140625,3.109375,2.2269511222839355
18-12-1989,3.03125,3.078125,224000,3.125,3.03125,2.170996904373169
19-12-1989,3.03125,3.03125,215200,3.0625,3.0625,2.193380117416382
20-12-1989,3.046875,3.0625,166400,3.109375,3.078125,2.2045705318450928
21-12-1989,3.0625,3.109375,174400,3.125,3.109375,2.2269511222839355
22-12-1989,3.109375,3.125,173600,3.125,3.125,2.238142251968384
26-12-1989,3.078125,3.109375,97600,3.109375,3.078125,2.2045705318450928
27-12-1989,3.03125,3.0625,144000,3.0625,3.03125,2.170996904373169
28-12-1989,3.03125,3.046875,11200,3.046875,3.03125,2.170996904373169
29-12-1989,3.015625,3.03125,219200,3.15625,3.15625,2.2605249881744385
02-01-1990,3.03125,3.125,194400,3.125,3.046875,2.182188034057617
03-01-1990,3.03125,3.0625,361600,3.0625,3.03125,2.170996904373169
04-01-1990,2.953125,3.03125,166400,3.0625,2.953125,2.1150448322296143
05-01-1990,2.859375,2.9375,100800,2.9375,2.90625,2.081472158432007
08-01-1990,2.84375,2.875,880800,2.890625,2.859375,2.047900915145874
09-01-1990,2.8125,2.828125,282400,2.84375,2.8125,2.0143284797668457
10-01-1990,2.6875,2.765625,784000,2.765625,2.703125,1.9403045177459717
11-01-1990,2.703125,2.71875,347200,2.765625,2.75,1.9739514589309692
12-01-1990,2.6875,2.71875,159200,2.734375,2.71875,1.9515212774276733
15-01-1990,2.71875,2.734375,25600,2.734375,2.71875,1.9515212774276733
16-01-1990,2.625,2.6875,172800,2.703125,2.703125,1.9403045177459717
17-01-1990,2.71875,2.71875,216000,2.8125,2.71875,1.9515212774276733
18-01-1990,2.6875,2.6875,157600,2.71875,2.703125,1.9403045177459717
19-01-1990,2.734375,2.734375,8800,2.75,2.75,1.9739514589309692
22-01-1990,2.71875,2.734375,56800,2.75,2.734375,1.9627355337142944
23-01-1990,2.734375,2.765625,101600,2.765625,2.75,1.9739514589309692
24-01-1990,2.6875,2.734375,26400,2.734375,2.6875,1.9290891885757446
25-01-1990,2.671875,2.6875,249600,2.71875,2.71875,1.9515212774276733
26-01-1990,2.671875,2.703125,45600,2.71875,2.671875,1.917874813079834
29-01-1990,2.625,2.6875,444000,2.6875,2.640625,1.8954417705535889
30-01-1990,2.578125,2.625,548000,2.65625,2.65625,1.9066574573516846
31-01-1990,2.6875,2.6875,757600,2.859375,2.859375,2.052461624145508
01-02-1990,2.84375,2.875,149600,2.875,2.859375,2.052461624145508
02-02-1990,2.875,2.875,720000,2.90625,2.875,2.0636770725250244
05-02-1990,2.875,2.90625,163200,2.90625,2.875,2.0636770725250244
06-02-1990,2.84375,2.875,99200,2.90625,2.890625,2.0748941898345947
07-02-1990,2.90625,2.90625,32800,2.9375,2.9375,2.1085400581359863
08-02-1990,2.96875,2.96875,346400,3.125,3.046875,2.1870479583740234
09-02-1990,2.96875,3.078125,179200,3.125,3.0,2.153402328491211
12-02-1990,2.90625,3.0,28000,3.0,2.90625,2.086108684539795
13-02-1990,2.9375,2.9375,26400,2.953125,2.953125,2.119755744934082
14-02-1990,2.9375,2.953125,32800,2.96875,2.9375,2.1085400581359863
15-02-1990,2.953125,2.953125,152000,2.96875,2.953125,2.119755744934082
16-02-1990,2.96875,2.96875,32000,2.96875,2.96875,2.130971908569336
20-02-1990,2.953125,2.984375,23200,2.984375,2.953125,2.119755744934082
21-02-1990,2.90625,2.953125,553600,2.953125,2.90625,2.086108684539795
22-02-1990,2.84375,2.90625,148000,2.90625,2.84375,2.041245937347412
23-02-1990,2.6875,2.78125,575200,2.78125,2.71875,1.9515212774276733
26-02-1990,2.734375,2.734375,477600,2.75,2.75,1.9739514589309692
27-02-1990,2.765625,2.765625,357600,2.84375,2.84375,2.041245937347412
28-02-1990,2.796875,2.8125,145600,2.828125,2.796875,2.0075998306274414
01-03-1990,2.75,2.796875,225600,2.796875,2.75,1.9739514589309692
02-03-1990,2.6875,2.75,931200,2.78125,2.703125,1.9403045177459717
05-03-1990,2.65625,2.671875,146400,2.703125,2.671875,1.917874813079834
06-03-1990,2.625,2.671875,258400,2.734375,2.734375,1.9627355337142944
07-03-1990,2.703125,2.734375,174400,2.75,2.75,1.9739514589309692
08-03-1990,2.734375,2.75,146400,2.796875,2.78125,1.9963834285736084
09-03-1990,2.734375,2.75,194400,2.78125,2.734375,1.9627355337142944
12-03-1990,2.625,2.703125,1072800,2.71875,2.6875,1.9290891885757446
13-03-1990,2.671875,2.671875,662400,2.6875,2.6875,1.9290891885757446
14-03-1990,2.671875,2.671875,298400,2.765625,2.765625,1.9851677417755127
15-03-1990,2.71875,2.78125,192000,2.796875,2.71875,1.9515212774276733
16-03-1990,2.734375,2.75,271200,2.78125,2.78125,1.9963834285736084
19-03-1990,2.75,2.75,476000,2.765625,2.765625,1.9851677417755127
20-03-1990,2.75,2.75,898400,2.90625,2.796875,2.0075998306274414
21-03-1990,2.796875,2.796875,102400,2.8125,2.796875,2.0075998306274414
22-03-1990,2.75,2.75,177600,2.765625,2.765625,1.9851677417755127
23-03-1990,2.796875,2.796875,320000,2.796875,2.796875,2.0075998306274414
26-03-1990,2.75,2.78125,37600,2.78125,2.75,1.9739514589309692
27-03-1990,2.734375,2.734375,24000,2.75,2.75,1.9739514589309692
28-03-1990,2.84375,2.84375,706400,2.9375,2.921875,2.0973241329193115
29-03-1990,2.890625,2.921875,361600,2.9375,2.90625,2.086108684539795
30-03-1990,2.921875,2.921875,161600,2.921875,2.921875,2.0973241329193115
02-04-1990,2.84375,2.921875,184800,2.921875,2.875,2.0636770725250244
03-04-1990,2.875,2.875,358400,3.03125,2.984375,2.1421873569488525
04-04-1990,2.90625,2.984375,364800,2.984375,2.90625,2.086108684539795
05-04-1990,2.90625,2.9375,373600,2.953125,2.90625,2.086108684539795
06-04-1990,2.78125,2.921875,810400,2.921875,2.78125,1.9963834285736084
09-04-1990,2.734375,2.734375,336800,2.765625,2.734375,1.9671555757522583
10-04-1990,2.71875,2.75,426400,2.8125,2.765625,1.9896382093429565
11-04-1990,2.71875,2.78125,234400,2.8125,2.734375,1.9671555757522583
12-04-1990,2.59375,2.71875,456000,2.734375,2.625,1.8884695768356323
16-04-1990,2.640625,2.640625,273600,2.734375,2.703125,1.944675326347351
17-04-1990,2.703125,2.71875,16800,2.71875,2.71875,1.955916404724121
18-04-1990,2.6875,2.6875,333600,2.75,2.71875,1.955916404724121
19-04-1990,2.671875,2.71875,207200,2.71875,2.6875,1.9334338903427124
20-04-1990,2.65625,2.671875,168800,2.6875,2.671875,1.922194004058838
23-04-1990,2.625,2.65625,173600,2.65625,2.625,1.8884695768356323
24-04-1990,2.625,2.625,458400,2.671875,2.625,1.8884695768356323
25-04-1990,2.640625,2.65625,104000,2.671875,2.65625,1.9109522104263306
26-04-1990,2.625,2.625,461600,2.6875,2.6875,1.9334338903427124
27-04-1990,2.6875,2.6875,133600,2.703125,2.703125,1.944675326347351
30-04-1990,2.6875,2.703125,68800,2.71875,2.71875,1.955916404724121
01-05-1990,2.6875,2.71875,732800,2.828125,2.8125,2.0233616828918457
02-05-1990,2.765625,2.78125,575200,2.828125,2.8125,2.0233616828918457
03-05-1990,2.828125,2.84375,105600,2.859375,2.828125,2.0346031188964844
04-05-1990,2.78125,2.84375,279200,2.84375,2.78125,2.0008792877197266
07-05-1990,2.78125,2.78125,32800,2.84375,2.84375,2.0458436012268066
08-05-1990,2.828125,2.84375,48800,2.84375,2.828125,2.0346031188964844
09-05-1990,2.796875,2.84375,1232800,2.859375,2.796875,2.0121212005615234
10-05-1990,2.796875,2.8125,428000,2.84375,2.796875,2.0121212005615234
11-05-1990,2.828125,2.828125,172000,2.875,2.875,2.0683257579803467
14-05-1990,2.75,2.890625,2418400,2.890625,2.75,1.978398084640503
15-05-1990,2.75,2.78125,5804800,2.828125,2.8125,2.0233616828918457
16-05-1990,2.8125,2.8125,367200,2.96875,2.90625,2.0908071994781494
17-05-1990,2.921875,2.921875,196000,2.953125,2.953125,2.1245296001434326
18-05-1990,2.96875,2.96875,181600,3.0,3.0,2.1582531929016113
21-05-1990,2.921875,2.96875,74400,2.96875,2.953125,2.1245296001434326
22-05-1990,2.96875,2.984375,40800,2.984375,2.96875,2.1357715129852295
23-05-1990,2.90625,2.96875,30400,2.96875,2.90625,2.0908071994781494
24-05-1990,2.75,2.921875,483200,2.921875,2.8125,2.0233616828918457
25-05-1990,2.75,2.8125,817600,2.875,2.875,2.0683257579803467
29-05-1990,2.890625,2.890625,60800,2.90625,2.90625,2.0908071994781494
30-05-1990,2.921875,2.9375,129600,2.984375,2.96875,2.1357715129852295
31-05-1990,2.90625,2.9375,143200,2.984375,2.96875,2.1357715129852295
01-06-1990,2.953125,2.96875,47200,2.984375,2.96875,2.1357715129852295
04-06-1990,2.90625,2.9375,68000,2.984375,2.984375,2.1470119953155518
05-06-1990,2.796875,2.984375,1125600,3.0,2.890625,2.0795669555664062
06-06-1990,2.875,2.890625,44000,2.90625,2.875,2.0683257579803467
07-06-1990,2.859375,2.890625,212800,2.890625,2.859375,2.057084560394287
08-06-1990,2.8125,2.875,405600,2.875,2.84375,2.0458436012268066
11-06-1990,2.84375,2.859375,48800,2.890625,2.875,2.0683257579803467
12-06-1990,2.859375,2.90625,196000,3.0,2.984375,2.1470119953155518
13-06-1990,2.96875,2.96875,208000,3.09375,2.96875,2.1357715129852295
14-06-1990,2.9375,2.953125,20800,2.984375,2.984375,2.1470119953155518
15-06-1990,2.921875,2.984375,158400,2.984375,2.96875,2.1357715129852295
18-06-1990,2.96875,2.96875,1600,2.96875,2.96875,2.1357715129852295
19-06-1990,2.875,2.9375,174400,2.9375,2.921875,2.102047920227051
20-06-1990,2.90625,2.953125,127200,2.953125,2.9375,2.1132888793945312
21-06-1990,2.921875,2.921875,6400,2.9375,2.9375,2.1132888793945312
22-06-1990,2.921875,2.9375,356800,2.953125,2.953125,2.1245296001434326
25-06-1990,2.90625,2.921875,24800,2.9375,2.921875,2.102047920227051
26-06-1990,2.859375,2.90625,207200,2.921875,2.921875,2.102047920227051
27-06-1990,2.921875,2.921875,13600,2.9375,2.921875,2.102047920227051
28-06-1990,2.9375,2.9375,157600,2.96875,2.96875,2.1357715129852295
29-06-1990,2.953125,2.984375,327200,2.984375,2.96875,2.1357715129852295
02-07-1990,2.875,2.953125,322400,2.953125,2.90625,2.0908071994781494
03-07-1990,2.875,2.9375,308800,2.9375,2.875,2.0683257579803467
05-07-1990,2.8125,2.84375,596800,2.84375,2.828125,2.0346031188964844
06-07-1990,2.78125,2.78125,82400,2.796875,2.796875,2.0121212005615234
09-07-1990,2.75,2.796875,724800,2.8125,2.78125,2.0008792877197266
10-07-1990,2.765625,2.78125,1073600,2.78125,2.78125,2.0053863525390625
11-07-1990,2.78125,2.78125,776000,2.8125,2.796875,2.0166537761688232
12-07-1990,2.796875,2.796875,1208800,2.90625,2.875,2.072983980178833
13-07-1990,2.90625,2.90625,568000,3.0,2.96875,2.1405818462371826
16-07-1990,2.96875,2.984375,680800,3.0,2.96875,2.1405818462371826
17-07-1990,2.921875,2.96875,102400,2.96875,2.921875,2.1067821979522705
18-07-1990,2.84375,2.921875,348000,2.921875,2.84375,2.0504517555236816
19-07-1990,2.796875,2.8125,465600,2.875,2.875,2.072983980178833
20-07-1990,2.890625,2.890625,51200,2.90625,2.890625,2.0842506885528564
23-07-1990,2.859375,2.875,349600,2.9375,2.9375,2.118049144744873
24-07-1990,2.90625,2.90625,353600,3.015625,2.984375,2.1518473625183105
25-07-1990,3.0,3.015625,52000,3.03125,3.03125,2.1856446266174316
26-07-1990,3.03125,3.0625,80000,3.0625,3.0625,2.2081782817840576
27-07-1990,2.984375,3.03125,75200,3.0625,2.984375,2.1518473625183105
30-07-1990,2.984375,3.0,160800,3.0,3.0,2.163114070892334
31-07-1990,2.953125,2.953125,175200,3.015625,3.0,2.163114070892334
01-08-1990,3.0,3.03125,134400,3.0625,3.015625,2.174379587173462
02-08-1990,3.03125,3.125,1056800,3.171875,3.171875,2.2870421409606934
03-08-1990,3.109375,3.15625,1272000,3.265625,3.203125,2.30957293510437
06-08-1990,3.125,3.25,247200,3.265625,3.125,2.2532429695129395
07-08-1990,3.125,3.125,148800,3.140625,3.140625,2.264509916305542
08-08-1990,3.09375,3.125,170400,3.140625,3.09375,2.230710506439209
09-08-1990,3.0625,3.09375,296000,3.09375,3.09375,2.230710506439209
10-08-1990,3.09375,3.09375,299200,3.109375,3.09375,2.230710506439209
13-08-1990,3.078125,3.109375,56800,3.125,3.078125,2.2194440364837646
14-08-1990,3.0625,3.109375,49600,3.109375,3.0625,2.2081782817840576
15-08-1990,3.0625,3.0625,196000,3.15625,3.125,2.2532429695129395
16-08-1990,3.078125,3.109375,140000,3.125,3.109375,2.241976261138916
17-08-1990,3.125,3.140625,201600,3.1875,3.140625,2.264509916305542
20-08-1990,3.046875,3.15625,239200,3.15625,3.046875,2.1969120502471924
21-08-1990,3.0625,3.0625,452000,3.09375,3.078125,2.2194440364837646
22-08-1990,3.015625,3.0625,333600,3.09375,3.015625,2.174379587173462
23-08-1990,2.9375,3.0,364000,3.0,2.96875,2.1405818462371826
24-08-1990,2.921875,2.921875,326400,3.0,3.0,2.163114070892334
27-08-1990,2.953125,3.0,88000,3.0,2.953125,2.1293153762817383
28-08-1990,2.953125,2.953125,8000,2.984375,2.984375,2.1518473625183105
29-08-1990,2.9375,3.015625,140800,3.015625,2.9375,2.118049144744873
30-08-1990,2.90625,2.953125,65600,2.984375,2.984375,2.1518473625183105
31-08-1990,2.890625,2.953125,256800,2.984375,2.921875,2.1067821979522705
04-09-1990,2.9375,2.9375,20000,2.953125,2.953125,2.1293153762817383
05-09-1990,2.953125,2.953125,223200,3.1875,3.171875,2.2870421409606934
06-09-1990,3.1875,3.203125,317600,3.296875,3.296875,2.377171516418457
07-09-1990,3.296875,3.296875,160800,3.359375,3.359375,2.422236204147339
10-09-1990,3.328125,3.328125,1408800,3.390625,3.359375,2.422236204147339
11-09-1990,3.1875,3.375,963200,3.375,3.3125,2.388437271118164
12-09-1990,3.265625,3.34375,336000,3.34375,3.3125,2.388437271118164
13-09-1990,3.25,3.3125,405600,3.328125,3.25,2.343374013900757
14-09-1990,3.25,3.25,209600,3.390625,3.390625,2.4447691440582275
17-09-1990,3.375,3.390625,1116000,3.46875,3.46875,2.5010986328125
18-09-1990,3.46875,3.46875,776800,3.765625,3.671875,2.64755916595459
19-09-1990,3.65625,3.6875,1624800,3.6875,3.65625,2.636293888092041
20-09-1990,3.53125,3.65625,432000,3.65625,3.53125,2.546164035797119
21-09-1990,3.46875,3.484375,521600,3.5625,3.5625,2.568696975708008
24-09-1990,3.484375,3.5625,112800,3.5625,3.515625,2.5348997116088867
25-09-1990,3.5,3.5,221600,3.515625,3.515625,2.5348997116088867
26-09-1990,3.453125,3.515625,55200,3.515625,3.46875,2.5010986328125
27-09-1990,3.375,3.4375,72800,3.453125,3.375,2.433502674102783
28-09-1990,3.28125,3.375,163200,3.375,3.34375,2.4109694957733154
01-10-1990,3.296875,3.328125,455200,3.390625,3.34375,2.4109694957733154
02-10-1990,3.328125,3.359375,72000,3.359375,3.359375,2.422236204147339
03-10-1990,3.3125,3.34375,26400,3.34375,3.34375,2.4109694957733154
04-10-1990,3.25,3.34375,313600,3.34375,3.25,2.343374013900757
05-10-1990,3.1875,3.234375,550400,3.296875,3.1875,2.2983078956604004
08-10-1990,3.1875,3.203125,411200,3.234375,3.1875,2.2983078956604004
09-10-1990,3.203125,3.203125,298400,3.375,3.34375,2.415706157684326
10-10-1990,3.21875,3.34375,200000,3.34375,3.234375,2.3366880416870117
11-10-1990,3.203125,3.25,34400,3.25,3.21875,2.3253986835479736
12-10-1990,3.171875,3.1875,89600,3.203125,3.203125,2.3141112327575684
15-10-1990,3.15625,3.203125,36800,3.203125,3.15625,2.280247211456299
16-10-1990,3.109375,3.140625,153600,3.15625,3.109375,2.2463815212249756
17-10-1990,3.09375,3.109375,11200,3.125,3.125,2.2576708793640137
18-10-1990,3.109375,3.109375,113600,3.125,3.109375,2.2463815212249756
19-10-1990,3.078125,3.109375,36800,3.109375,3.09375,2.235092878341675
22-10-1990,3.0625,3.109375,68000,3.109375,3.0625,2.2125165462493896
23-10-1990,3.0625,3.0625,17600,3.109375,3.109375,2.2463815212249756
24-10-1990,3.125,3.125,120000,3.15625,3.15625,2.280247211456299
25-10-1990,3.1875,3.1875,112800,3.328125,3.328125,2.4044179916381836
26-10-1990,3.3125,3.3125,22400,3.359375,3.359375,2.426995277404785
29-10-1990,3.359375,3.375,16000,3.375,3.359375,2.426995277404785
30-10-1990,3.28125,3.34375,29600,3.359375,3.296875,2.3818421363830566
31-10-1990,3.3125,3.3125,366400,3.453125,3.375,2.4382824897766113
01-11-1990,3.359375,3.375,163200,3.375,3.375,2.4382824897766113
02-11-1990,3.375,3.375,469600,3.53125,3.5,2.5285894870758057
05-11-1990,3.46875,3.53125,426400,3.546875,3.46875,2.5060133934020996
06-11-1990,3.421875,3.484375,8800,3.484375,3.421875,2.4721477031707764
07-11-1990,3.375,3.421875,148000,3.421875,3.375,2.4382824897766113
08-11-1990,3.34375,3.34375,37600,3.390625,3.390625,2.4495723247528076
09-11-1990,3.375,3.375,397600,3.4375,3.421875,2.4721477031707764
12-11-1990,3.328125,3.390625,76800,3.390625,3.328125,2.4044179916381836
13-11-1990,3.109375,3.15625,208000,3.15625,3.109375,2.2463815212249756
14-11-1990,3.109375,3.125,75200,3.1875,3.1875,2.3028242588043213
15-11-1990,3.125,3.15625,45600,3.171875,3.140625,2.2689568996429443
16-11-1990,3.09375,3.140625,300800,3.15625,3.15625,2.280247211456299
19-11-1990,2.984375,3.15625,456800,3.15625,2.984375,2.1560754776000977
20-11-1990,2.84375,2.96875,329600,2.96875,2.921875,2.1109211444854736
21-11-1990,2.890625,2.90625,32800,2.96875,2.96875,2.144787311553955
23-11-1990,2.96875,2.96875,18400,2.984375,2.96875,2.144787311553955
26-11-1990,2.96875,2.984375,40000,3.0,2.96875,2.144787311553955
27-11-1990,2.9375,2.984375,39200,2.984375,2.953125,2.133498430252075
28-11-1990,2.90625,2.953125,145600,2.953125,2.921875,2.1109211444854736
29-11-1990,2.90625,2.90625,36800,2.90625,2.90625,2.0996322631835938
30-11-1990,2.765625,2.875,236000,2.890625,2.8125,2.0319015979766846
03-12-1990,2.609375,2.796875,366400,2.796875,2.75,1.9867486953735352
04-12-1990,2.671875,2.734375,230400,2.734375,2.71875,1.9641722440719604
05-12-1990,2.71875,2.71875,432000,2.796875,2.78125,2.0093252658843994
06-12-1990,2.734375,2.78125,248800,2.8125,2.75,1.9867486953735352
07-12-1990,2.625,2.71875,257600,2.71875,2.71875,1.9641722440719604
10-12-1990,2.703125,2.734375,179200,2.734375,2.71875,1.9641722440719604
11-12-1990,2.703125,2.703125,981600,2.78125,2.734375,1.9754605293273926
12-12-1990,2.734375,2.75,493600,2.78125,2.78125,2.0093252658843994
13-12-1990,2.71875,2.75,908000,2.75,2.71875,1.9641722440719604
14-12-1990,2.65625,2.71875,207200,2.78125,2.78125,2.0093252658843994
17-12-1990,2.734375,2.796875,89600,2.828125,2.734375,1.9754605293273926
18-12-1990,2.703125,2.765625,153600,2.796875,2.703125,1.952884316444397
19-12-1990,2.640625,2.703125,277600,2.734375,2.640625,1.9077309370040894
20-12-1990,2.546875,2.609375,1007200,2.609375,2.5625,1.8512874841690063
21-12-1990,2.484375,2.484375,980000,2.515625,2.5,1.806136131286621
24-12-1990,2.5,2.5,222400,2.546875,2.546875,1.840000867843628
26-12-1990,2.5625,2.5625,93600,2.75,2.75,1.9867486953735352
27-12-1990,2.71875,2.75,51200,2.75,2.734375,1.9754605293273926
28-12-1990,2.65625,2.71875,49600,2.71875,2.65625,1.9190194606781006
31-12-1990,2.53125,2.65625,364800,2.65625,2.65625,1.9190194606781006
02-01-1991,2.59375,2.625,36000,2.625,2.59375,1.8738666772842407
03-01-1991,2.484375,2.59375,413600,2.59375,2.484375,1.7948471307754517
04-01-1991,2.328125,2.4375,216800,2.4375,2.328125,1.6819636821746826
07-01-1991,2.21875,2.296875,599200,2.3125,2.265625,1.636810064315796
08-01-1991,2.15625,2.25,679200,2.265625,2.15625,1.5577919483184814
09-01-1991,2.140625,2.171875,572000,2.1875,2.140625,1.5509989261627197
10-01-1991,2.09375,2.125,296000,2.140625,2.140625,1.5509989261627197
11-01-1991,2.109375,2.109375,278400,2.21875,2.21875,1.6076050996780396
14-01-1991,2.21875,2.234375,172800,2.265625,2.25,1.6302473545074463
15-01-1991,2.171875,2.25,92800,2.25,2.234375,1.6189258098602295
16-01-1991,2.171875,2.234375,50400,2.25,2.203125,1.5962846279144287
17-01-1991,2.03125,2.1875,1341600,2.25,2.203125,1.5962846279144287
18-01-1991,2.15625,2.203125,275200,2.21875,2.1875,1.5849626064300537
21-01-1991,2.0625,2.15625,550400,2.15625,2.125,1.539678692817688
22-01-1991,2.125,2.15625,174400,2.171875,2.125,1.539678692817688
23-01-1991,2.140625,2.140625,837600,2.265625,2.25,1.6302473545074463
24-01-1991,2.265625,2.3125,495200,2.34375,2.28125,1.6528898477554321
25-01-1991,2.21875,2.3125,817600,2.375,2.25,1.6302473545074463
28-01-1991,2.203125,2.28125,679200,2.296875,2.234375,1.6189258098602295
29-01-1991,2.25,2.25,99200,2.265625,2.25,1.6302473545074463
30-01-1991,2.203125,2.21875,132000,2.25,2.234375,1.6189258098602295
31-01-1991,2.15625,2.21875,384800,2.21875,2.171875,1.573641300201416
01-02-1991,2.15625,2.15625,869600,2.21875,2.21875,1.6076050996780396
04-02-1991,2.203125,2.21875,961600,2.28125,2.25,1.6302473545074463
05-02-1991,2.25,2.25,1217600,2.375,2.28125,1.6528898477554321
06-02-1991,2.28125,2.28125,1186400,2.5,2.484375,1.8000653982162476
07-02-1991,2.546875,2.546875,1224000,2.78125,2.6875,1.9472399950027466
08-02-1991,2.640625,2.65625,94400,2.6875,2.671875,1.9359192848205566
11-02-1991,2.640625,2.6875,307200,2.75,2.703125,1.9585614204406738
12-02-1991,2.59375,2.734375,216000,2.734375,2.59375,1.8793118000030518
13-02-1991,2.625,2.625,45600,2.703125,2.703125,1.9585614204406738
14-02-1991,2.515625,2.6875,148800,2.6875,2.515625,1.8227065801620483
15-02-1991,2.484375,2.484375,356800,2.609375,2.609375,1.8906344175338745
19-02-1991,2.515625,2.59375,160800,2.59375,2.546875,1.8453491926193237
20-02-1991,2.515625,2.546875,219200,2.625,2.625,1.9019559621810913
21-02-1991,2.59375,2.609375,188000,2.625,2.59375,1.8793118000030518
22-02-1991,2.453125,2.59375,408000,2.59375,2.453125,1.7774227857589722
25-02-1991,2.328125,2.453125,88800,2.453125,2.328125,1.6868537664413452
26-02-1991,2.265625,2.3125,776800,2.328125,2.3125,1.6755321025848389
27-02-1991,2.34375,2.34375,1544000,2.453125,2.4375,1.7661008834838867
28-02-1991,2.453125,2.46875,578400,2.59375,2.59375,1.8793118000030518
01-03-1991,2.53125,2.59375,692800,2.59375,2.546875,1.8453491926193237
04-03-1991,2.546875,2.546875,555200,2.609375,2.59375,1.8793118000030518
05-03-1991,2.5625,2.5625,418400,2.578125,2.578125,1.8679924011230469
06-03-1991,2.546875,2.546875,180800,2.59375,2.5625,1.8566715717315674
07-03-1991,2.5625,2.5625,280800,2.625,2.625,1.9019559621810913
08-03-1991,2.59375,2.625,442400,2.78125,2.671875,1.9359192848205566
11-03-1991,2.6875,2.6875,116000,2.75,2.71875,1.969881296157837
12-03-1991,2.6875,2.75,163200,2.75,2.6875,1.9472399950027466
13-03-1991,2.59375,2.671875,147200,2.671875,2.59375,1.8793118000030518
14-03-1991,2.546875,2.578125,184000,2.59375,2.5625,1.8566715717315674
15-03-1991,2.546875,2.546875,289600,2.65625,2.625,1.9019559621810913
18-03-1991,2.625,2.640625,136000,2.6875,2.6875,1.9472399950027466
19-03-1991,2.609375,2.65625,172000,2.65625,2.625,1.9019559621810913
20-03-1991,2.625,2.625,71200,2.65625,2.65625,1.9245978593826294
21-03-1991,2.65625,2.671875,327200,2.734375,2.734375,1.9812039136886597
22-03-1991,2.703125,2.734375,93600,2.734375,2.703125,1.9585614204406738
25-03-1991,2.640625,2.71875,115200,2.71875,2.703125,1.9585614204406738
26-03-1991,2.625,2.671875,447200,2.6875,2.65625,1.9245978593826294
27-03-1991,2.578125,2.640625,86400,2.640625,2.578125,1.8679924011230469
28-03-1991,2.515625,2.578125,70400,2.59375,2.515625,1.8227065801620483
01-04-1991,2.453125,2.53125,128000,2.53125,2.453125,1.7774227857589722
02-04-1991,2.359375,2.46875,367200,2.46875,2.375,1.7208173274993896
03-04-1991,2.3125,2.359375,1358400,2.4375,2.3125,1.6755321025848389
04-04-1991,2.34375,2.34375,1049600,2.40625,2.40625,1.7434593439102173
05-04-1991,2.421875,2.421875,73600,2.484375,2.484375,1.8000653982162476
08-04-1991,2.4375,2.46875,24000,2.46875,2.4375,1.7661008834838867
09-04-1991,2.375,2.40625,198400,2.4375,2.4375,1.7661008834838867
10-04-1991,2.34375,2.421875,198400,2.421875,2.390625,1.7365919351577759
11-04-1991,2.359375,2.40625,255200,2.4375,2.40625,1.7479418516159058
12-04-1991,2.390625,2.40625,398400,2.46875,2.46875,1.7933422327041626
15-04-1991,2.5,2.5,258400,2.5625,2.546875,1.8500930070877075
16-04-1991,2.53125,2.53125,468000,2.640625,2.625,1.9068456888198853
17-04-1991,2.578125,2.640625,662400,2.640625,2.578125,1.8727951049804688
18-04-1991,2.609375,2.609375,68800,2.640625,2.625,1.9068456888198853
19-04-1991,2.5625,2.609375,20000,2.625,2.578125,1.8727951049804688
22-04-1991,2.484375,2.578125,263200,2.578125,2.5,1.8160426616668701
23-04-1991,2.453125,2.484375,69600,2.5,2.5,1.8160426616668701
24-04-1991,2.46875,2.5,44800,2.5,2.5,1.8160426616668701
25-04-1991,2.46875,2.484375,70400,2.484375,2.46875,1.7933422327041626
26-04-1991,2.421875,2.453125,24000,2.453125,2.4375,1.77064049243927
29-04-1991,2.34375,2.421875,373600,2.421875,2.34375,1.7025405168533325
30-04-1991,2.328125,2.375,1024800,2.375,2.375,1.7252410650253296
01-05-1991,2.34375,2.375,403200,2.421875,2.421875,1.759291172027588
02-05-1991,2.375,2.40625,714400,2.40625,2.375,1.7252410650253296
03-05-1991,2.359375,2.40625,464000,2.4375,2.390625,1.7365919351577759
06-05-1991,2.359375,2.375,11200,2.375,2.359375,1.713890790939331
07-05-1991,2.28125,2.375,360800,2.375,2.34375,1.7025405168533325
08-05-1991,2.328125,2.34375,567200,2.453125,2.4375,1.77064049243927
09-05-1991,2.40625,2.453125,150400,2.46875,2.46875,1.7933422327041626
10-05-1991,2.375,2.453125,88800,2.453125,2.375,1.7252410650253296
13-05-1991,2.28125,2.359375,872000,2.359375,2.28125,1.6571385860443115
14-05-1991,2.28125,2.28125,366400,2.375,2.3125,1.6798392534255981
15-05-1991,2.3125,2.3125,276000,2.40625,2.390625,1.7365919351577759
16-05-1991,2.421875,2.453125,404000,2.46875,2.421875,1.759291172027588
17-05-1991,2.390625,2.421875,25600,2.421875,2.40625,1.7479418516159058
20-05-1991,2.390625,2.40625,121600,2.4375,2.40625,1.7479418516159058
21-05-1991,2.34375,2.4375,480800,2.4375,2.375,1.7252410650253296
22-05-1991,2.375,2.375,31200,2.390625,2.390625,1.7365919351577759
23-05-1991,2.375,2.40625,240800,2.421875,2.40625,1.7479418516159058
24-05-1991,2.375,2.421875,160800,2.453125,2.390625,1.7365919351577759
28-05-1991,2.375,2.375,60000,2.453125,2.4375,1.77064049243927
29-05-1991,2.421875,2.4375,334400,2.4375,2.4375,1.77064049243927
30-05-1991,2.421875,2.4375,521600,2.5,2.5,1.8160426616668701
31-05-1991,2.53125,2.53125,1612000,2.625,2.625,1.9068456888198853
03-06-1991,2.609375,2.65625,256000,2.6875,2.625,1.9068456888198853
04-06-1991,2.625,2.65625,1272800,2.671875,2.625,1.9068456888198853
05-06-1991,2.578125,2.625,141600,2.625,2.578125,1.8727951049804688
06-06-1991,2.5625,2.5625,201600,2.609375,2.59375,1.8841437101364136
07-06-1991,2.53125,2.59375,473600,2.59375,2.53125,1.8387424945831299
10-06-1991,2.53125,2.546875,168000,2.5625,2.53125,1.8387424945831299
11-06-1991,2.4375,2.53125,155200,2.53125,2.5,1.8160426616668701
12-06-1991,2.484375,2.5,51200,2.5,2.5,1.8160426616668701
13-06-1991,2.484375,2.5,1600,2.5,2.484375,1.8046927452087402
14-06-1991,2.46875,2.46875,83200,2.46875,2.46875,1.7933422327041626
17-06-1991,2.453125,2.46875,21600,2.46875,2.453125,1.781991958618164
18-06-1991,2.4375,2.46875,341600,2.46875,2.46875,1.7933422327041626
19-06-1991,2.46875,2.46875,170400,2.5,2.5,1.8160426616668701
20-06-1991,2.375,2.4375,30400,2.4375,2.375,1.7252410650253296
21-06-1991,2.3125,2.34375,251200,2.375,2.34375,1.7025405168533325
24-06-1991,2.3125,2.359375,124800,2.375,2.375,1.7252410650253296
25-06-1991,2.359375,2.375,39200,2.375,2.359375,1.713890790939331
26-06-1991,2.296875,2.328125,188000,2.359375,2.3125,1.6798392534255981
27-06-1991,2.28125,2.3125,260800,2.34375,2.3125,1.6798392534255981
28-06-1991,2.25,2.3125,418400,2.3125,2.25,1.6344385147094727
01-07-1991,2.203125,2.25,188800,2.25,2.203125,1.600388526916504
02-07-1991,2.21875,2.21875,127200,2.25,2.234375,1.6230876445770264
03-07-1991,2.203125,2.203125,267200,2.28125,2.25,1.6344385147094727
05-07-1991,2.25,2.25,3200,2.25,2.25,1.6344385147094727
08-07-1991,2.25,2.25,192800,2.296875,2.296875,1.6684889793395996
09-07-1991,2.234375,2.28125,359200,2.3125,2.265625,1.6502796411514282
10-07-1991,2.234375,2.25,56000,2.25,2.234375,1.6275168657302856
11-07-1991,2.25,2.25,152800,2.328125,2.3125,1.6844229698181152
12-07-1991,2.28125,2.34375,1025600,2.359375,2.296875,1.673041582107544
15-07-1991,2.328125,2.328125,791200,2.375,2.375,1.7299479246139526
16-07-1991,2.34375,2.359375,1204800,2.421875,2.421875,1.7640917301177979
17-07-1991,2.4375,2.453125,1052000,2.59375,2.59375,1.8892838954925537
18-07-1991,2.625,2.625,304800,2.671875,2.671875,1.9461915493011475
19-07-1991,2.609375,2.671875,73600,2.671875,2.625,1.9120488166809082
22-07-1991,2.5625,2.625,72000,2.625,2.59375,1.8892838954925537
23-07-1991,2.578125,2.609375,124000,2.625,2.578125,1.8779053688049316
24-07-1991,2.578125,2.578125,39200,2.59375,2.578125,1.8779053688049316
25-07-1991,2.5625,2.5625,232800,2.578125,2.5625,1.8665233850479126
26-07-1991,2.5625,2.5625,226400,2.59375,2.59375,1.8892838954925537
29-07-1991,2.59375,2.609375,6400,2.609375,2.609375,1.9006657600402832
30-07-1991,2.59375,2.59375,582400,2.65625,2.625,1.9120488166809082
31-07-1991,2.53125,2.5625,698400,2.578125,2.53125,1.8437596559524536
01-08-1991,2.53125,2.53125,248800,2.578125,2.5625,1.8665233850479126
02-08-1991,2.546875,2.546875,71200,2.546875,2.546875,1.855141282081604
05-08-1991,2.546875,2.5625,96800,2.578125,2.5625,1.8665233850479126
06-08-1991,2.5625,2.5625,457600,2.625,2.59375,1.8892838954925537
07-08-1991,2.59375,2.59375,733600,2.625,2.625,1.9120488166809082
08-08-1991,2.625,2.640625,413600,2.6875,2.640625,1.9234288930892944
09-08-1991,2.625,2.625,111200,2.65625,2.65625,1.9348094463348389
12-08-1991,2.640625,2.6875,223200,2.703125,2.65625,1.9348094463348389
13-08-1991,2.640625,2.640625,118400,2.6875,2.6875,1.9575718641281128
14-08-1991,2.671875,2.671875,372000,2.75,2.75,2.0030975341796875
15-08-1991,2.71875,2.75,369600,2.75,2.75,2.0030975341796875
16-08-1991,2.703125,2.734375,490400,2.734375,2.703125,1.968955159187317
19-08-1991,2.609375,2.671875,91200,2.671875,2.609375,1.9006657600402832
20-08-1991,2.609375,2.609375,22400,2.625,2.625,1.9120488166809082
21-08-1991,2.609375,2.625,78400,2.625,2.625,1.9120488166809082
22-08-1991,2.5625,2.640625,292800,2.640625,2.59375,1.8892838954925537
23-08-1991,2.59375,2.59375,1125600,2.75,2.75,2.0030975341796875
26-08-1991,2.734375,2.75,183200,2.78125,2.75,2.0030975341796875
27-08-1991,2.75,2.75,362400,2.84375,2.8125,2.0486233234405518
28-08-1991,2.828125,2.84375,203200,2.953125,2.9375,2.1396725177764893
29-08-1991,2.921875,2.921875,416800,3.0,2.953125,2.1510541439056396
30-08-1991,2.90625,2.96875,236800,2.96875,2.921875,2.128291606903076
03-09-1991,2.78125,2.890625,230400,2.890625,2.78125,2.0258612632751465
04-09-1991,2.75,2.765625,175200,2.8125,2.765625,2.014479637145996
05-09-1991,2.796875,2.796875,309600,2.828125,2.8125,2.0486233234405518
06-09-1991,2.78125,2.8125,55200,2.828125,2.828125,2.060004711151123
09-09-1991,2.8125,2.8125,8000,2.84375,2.84375,2.0713858604431152
10-09-1991,2.8125,2.828125,452800,2.84375,2.84375,2.0713858604431152
11-09-1991,2.8125,2.828125,145600,2.84375,2.84375,2.0713858604431152
12-09-1991,2.84375,2.859375,48000,2.859375,2.84375,2.0713858604431152
13-09-1991,2.828125,2.875,366400,2.875,2.84375,2.0713858604431152
16-09-1991,2.828125,2.859375,433600,2.859375,2.84375,2.0713858604431152
17-09-1991,2.84375,2.84375,648800,2.890625,2.890625,2.105529308319092
18-09-1991,2.90625,2.90625,136800,2.9375,2.9375,2.1396725177764893
19-09-1991,2.921875,2.953125,153600,3.03125,3.03125,2.2079591751098633
20-09-1991,3.0,3.078125,312000,3.078125,3.03125,2.2079591751098633
23-09-1991,2.96875,3.0625,113600,3.0625,2.96875,2.1624343395233154
24-09-1991,2.875,2.96875,77600,2.96875,2.875,2.094147205352783
25-09-1991,2.875,2.890625,7200,2.890625,2.875,2.094147205352783
26-09-1991,2.875,2.90625,296000,2.953125,2.953125,2.1510541439056396
27-09-1991,2.953125,2.96875,70400,3.0,2.96875,2.1624343395233154
30-09-1991,2.953125,2.953125,229600,2.984375,2.984375,2.1738169193267822
01-10-1991,2.859375,2.984375,1317600,3.0,2.859375,2.0827648639678955
02-10-1991,2.84375,2.84375,740800,2.9375,2.90625,2.116910696029663
03-10-1991,2.890625,2.90625,106400,2.90625,2.890625,2.105529308319092
04-10-1991,2.859375,2.875,599200,2.890625,2.890625,2.105529308319092
07-10-1991,2.859375,2.875,973600,2.9375,2.9375,2.1396725177764893
08-10-1991,2.90625,2.9375,735200,2.953125,2.9375,2.1442346572875977
09-10-1991,2.90625,2.9375,43200,2.9375,2.90625,2.121422290802002
10-10-1991,2.875,2.90625,144000,2.921875,2.90625,2.121422290802002
11-10-1991,2.90625,2.921875,23200,2.921875,2.921875,2.132828712463379
14-10-1991,2.9375,2.9375,32000,2.984375,2.96875,2.1670453548431396
15-10-1991,2.984375,2.984375,181600,3.015625,3.015625,2.201263189315796
16-10-1991,3.0,3.046875,104000,3.078125,3.0,2.189857244491577
17-10-1991,2.984375,3.0,89600,3.03125,3.03125,2.21266770362854
18-10-1991,3.0,3.046875,87200,3.046875,3.0,2.189857244491577
21-10-1991,2.984375,2.984375,3200,2.984375,2.984375,2.178450584411621
22-10-1991,2.875,2.953125,495200,2.953125,2.875,2.0986127853393555
23-10-1991,2.890625,2.953125,95200,2.953125,2.890625,2.110018253326416
24-10-1991,2.84375,2.875,35200,2.875,2.84375,2.0758020877838135
25-10-1991,2.75,2.8125,277600,2.8125,2.765625,2.018775701522827
28-10-1991,2.75,2.75,181600,2.84375,2.84375,2.0758020877838135
29-10-1991,2.75,2.859375,404800,2.859375,2.765625,2.018775701522827
30-10-1991,2.78125,2.78125,12800,2.796875,2.796875,2.0415842533111572
31-10-1991,2.796875,2.8125,37600,2.84375,2.84375,2.0758020877838135
01-11-1991,2.84375,2.859375,62400,2.9375,2.9375,2.1442346572875977
04-11-1991,2.921875,2.921875,624800,3.078125,3.03125,2.21266770362854
05-11-1991,3.046875,3.046875,421600,3.140625,3.109375,2.2696962356567383
06-11-1991,3.03125,3.140625,228000,3.140625,3.03125,2.21266770362854
07-11-1991,3.0,3.046875,206400,3.046875,3.03125,2.21266770362854
08-11-1991,3.015625,3.015625,96800,3.0625,3.0625,2.2354776859283447
11-11-1991,3.03125,3.0625,20000,3.0625,3.03125,2.21266770362854
12-11-1991,3.0,3.0,71200,3.046875,3.03125,2.21266770362854
13-11-1991,3.03125,3.03125,127200,3.140625,3.125,2.2811005115509033
14-11-1991,3.015625,3.125,102400,3.125,3.03125,2.21266770362854
15-11-1991,2.890625,3.015625,141600,3.015625,2.9375,2.1442346572875977
18-11-1991,2.875,2.9375,236800,2.9375,2.875,2.0986127853393555
19-11-1991,2.8125,2.890625,143200,2.890625,2.8125,2.0529911518096924
20-11-1991,2.78125,2.796875,144000,2.796875,2.78125,2.0301778316497803
21-11-1991,2.78125,2.78125,202400,2.84375,2.796875,2.0415842533111572
22-11-1991,2.75,2.78125,97600,2.78125,2.75,2.007369041442871
25-11-1991,2.75,2.75,16800,2.765625,2.765625,2.018775701522827
26-11-1991,2.609375,2.75,346400,2.75,2.625,1.9161245822906494
27-11-1991,2.625,2.640625,76800,2.65625,2.625,1.9161245822906494
29-11-1991,2.640625,2.640625,28800,2.65625,2.65625,1.93893563747406
02-12-1991,2.59375,2.65625,299200,2.671875,2.59375,1.8933136463165283
03-12-1991,2.59375,2.59375,97600,2.65625,2.65625,1.93893563747406
04-12-1991,2.625,2.65625,20800,2.65625,2.625,1.9161245822906494
05-12-1991,2.625,2.625,96800,2.6875,2.640625,1.9275306463241577
06-12-1991,2.640625,2.640625,858400,2.65625,2.640625,1.9275306463241577
09-12-1991,2.59375,2.625,57600,2.625,2.59375,1.8933136463165283
10-12-1991,2.484375,2.5625,171200,2.5625,2.5,1.8248811960220337
11-12-1991,2.453125,2.515625,415200,2.5625,2.546875,1.859096884727478
12-12-1991,2.515625,2.515625,124000,2.53125,2.53125,1.8476917743682861
13-12-1991,2.5,2.53125,319200,2.53125,2.5,1.8248811960220337
16-12-1991,2.484375,2.5,372800,2.515625,2.515625,1.8362858295440674
17-12-1991,2.515625,2.515625,683200,2.53125,2.53125,1.8476917743682861
18-12-1991,2.546875,2.546875,112800,2.578125,2.578125,1.8819081783294678
19-12-1991,2.53125,2.5625,392800,2.5625,2.546875,1.859096884727478
20-12-1991,2.5,2.53125,164800,2.53125,2.515625,1.8362858295440674
23-12-1991,2.421875,2.5,1115200,2.5,2.421875,1.7678524255752563
24-12-1991,2.40625,2.421875,107200,2.515625,2.515625,1.8362858295440674
26-12-1991,2.5,2.5,15200,2.515625,2.5,1.8248811960220337
27-12-1991,2.46875,2.5,48000,2.5,2.46875,1.8020693063735962
30-12-1991,2.421875,2.46875,920800,2.46875,2.4375,1.7792577743530273
31-12-1991,2.421875,2.4375,116000,2.484375,2.4375,1.7792577743530273
02-01-1992,2.390625,2.421875,732000,2.421875,2.390625,1.7450425624847412
03-01-1992,2.375,2.390625,277600,2.390625,2.375,1.733636736869812
06-01-1992,2.3125,2.390625,528000,2.390625,2.328125,1.6994203329086304
07-01-1992,2.140625,2.3125,584000,2.3125,2.140625,1.5625543594360352
08-01-1992,2.109375,2.125,692800,2.203125,2.125,1.551148533821106
09-01-1992,2.109375,2.125,348000,2.171875,2.171875,1.5853650569915771
10-01-1992,2.140625,2.15625,840800,2.234375,2.234375,1.6309863328933716
13-01-1992,2.234375,2.234375,456000,2.328125,2.296875,1.6766098737716675
14-01-1992,2.21875,2.296875,281600,2.3125,2.21875,1.6195813417434692
15-01-1992,2.234375,2.234375,377600,2.296875,2.28125,1.6652039289474487
16-01-1992,2.28125,2.28125,80800,2.328125,2.328125,1.6994203329086304
17-01-1992,2.359375,2.359375,47200,2.421875,2.421875,1.7678524255752563
20-01-1992,2.421875,2.421875,91200,2.53125,2.515625,1.8362858295440674
21-01-1992,2.515625,2.53125,578400,2.546875,2.515625,1.8362858295440674
22-01-1992,2.484375,2.515625,300000,2.515625,2.484375,1.8134759664535522
23-01-1992,2.453125,2.46875,313600,2.5,2.453125,1.7906644344329834
24-01-1992,2.3125,2.453125,1104800,2.453125,2.3125,1.6880141496658325
27-01-1992,2.25,2.296875,292800,2.296875,2.265625,1.653798222541809
28-01-1992,2.1875,2.265625,2736800,2.265625,2.1875,1.5967698097229004
29-01-1992,2.15625,2.203125,463200,2.25,2.203125,1.6081761121749878
30-01-1992,2.140625,2.140625,405600,2.21875,2.1875,1.5967698097229004
31-01-1992,2.1875,2.203125,714400,2.296875,2.25,1.642393708229065
03-02-1992,2.21875,2.265625,96800,2.265625,2.234375,1.6309863328933716
04-02-1992,2.1875,2.21875,355200,2.234375,2.203125,1.6081761121749878
05-02-1992,2.15625,2.203125,604000,2.203125,2.171875,1.5853650569915771
06-02-1992,2.09375,2.1875,492800,2.1875,2.09375,1.528338074684143
07-02-1992,2.078125,2.078125,704000,2.21875,2.21875,1.6195813417434692
10-02-1992,2.234375,2.234375,782400,2.34375,2.328125,1.6994203329086304
11-02-1992,2.3125,2.328125,241600,2.34375,2.3125,1.6880141496658325
12-02-1992,2.28125,2.3125,446400,2.328125,2.3125,1.6880141496658325
13-02-1992,2.296875,2.3125,161600,2.3125,2.296875,1.6766098737716675
14-02-1992,2.28125,2.296875,190400,2.328125,2.328125,1.6994203329086304
18-02-1992,2.28125,2.3125,504800,2.3125,2.296875,1.6766098737716675
19-02-1992,2.265625,2.28125,20800,2.28125,2.265625,1.653798222541809
20-02-1992,2.265625,2.265625,260800,2.296875,2.296875,1.6766098737716675
21-02-1992,2.296875,2.296875,311200,2.328125,2.3125,1.6880141496658325
24-02-1992,2.3125,2.328125,249600,2.34375,2.3125,1.6880141496658325
25-02-1992,2.28125,2.3125,144000,2.3125,2.28125,1.6652039289474487
26-02-1992,2.25,2.265625,835200,2.265625,2.265625,1.653798222541809
27-02-1992,2.25,2.25,67200,2.296875,2.265625,1.653798222541809
28-02-1992,2.234375,2.234375,321600,2.265625,2.234375,1.6309863328933716
02-03-1992,2.25,2.25,588800,2.296875,2.25,1.642393708229065
03-03-1992,2.25,2.265625,608800,2.28125,2.25,1.642393708229065
04-03-1992,2.234375,2.234375,488000,2.25,2.25,1.642393708229065
05-03-1992,2.265625,2.265625,607200,2.28125,2.28125,1.6652039289474487
06-03-1992,2.28125,2.28125,404800,2.296875,2.28125,1.6652039289474487
09-03-1992,2.28125,2.28125,348000,2.328125,2.328125,1.6994203329086304
10-03-1992,2.328125,2.328125,348000,2.40625,2.390625,1.7450425624847412
11-03-1992,2.390625,2.40625,376000,2.40625,2.40625,1.7564479112625122
12-03-1992,2.40625,2.4375,347200,2.4375,2.40625,1.7564479112625122
13-03-1992,2.421875,2.4375,138400,2.46875,2.46875,1.8020693063735962
16-03-1992,2.40625,2.5,122400,2.5,2.40625,1.7564479112625122
17-03-1992,2.421875,2.4375,569600,2.4375,2.4375,1.7792577743530273
18-03-1992,2.40625,2.421875,46400,2.421875,2.40625,1.7564479112625122
19-03-1992,2.375,2.4375,394400,2.4375,2.40625,1.7564479112625122
20-03-1992,2.453125,2.46875,232000,2.484375,2.46875,1.8020693063735962
23-03-1992,2.5,2.5,545600,2.546875,2.5,1.8248811960220337
24-03-1992,2.5,2.5,618400,2.578125,2.5625,1.8705018758773804
25-03-1992,2.5625,2.578125,116800,2.578125,2.578125,1.8819081783294678
26-03-1992,2.609375,2.609375,959200,2.734375,2.6875,1.9617478847503662
27-03-1992,2.609375,2.625,236800,2.65625,2.625,1.9161245822906494
30-03-1992,2.609375,2.625,324800,2.625,2.625,1.9161245822906494
31-03-1992,2.640625,2.640625,307200,2.65625,2.65625,1.93893563747406
01-04-1992,2.609375,2.65625,172800,2.65625,2.609375,1.9047197103500366
02-04-1992,2.578125,2.609375,878400,2.609375,2.59375,1.8933136463165283
03-04-1992,2.546875,2.5625,109600,2.5625,2.5625,1.8705018758773804
06-04-1992,2.578125,2.578125,336000,2.734375,2.734375,1.995964765548706
07-04-1992,2.6875,2.734375,612000,2.734375,2.6875,1.9617478847503662
08-04-1992,2.625,2.671875,771200,2.671875,2.625,1.9161245822906494
09-04-1992,2.609375,2.609375,170400,2.75,2.75,2.012159585952759
10-04-1992,2.734375,2.734375,213600,2.75,2.734375,2.0007269382476807
13-04-1992,2.75,2.765625,141600,2.78125,2.765625,2.023592710494995
14-04-1992,2.78125,2.78125,228000,2.8125,2.8125,2.057891368865967
15-04-1992,2.8125,2.8125,312000,2.828125,2.828125,2.069324254989624
16-04-1992,2.8125,2.8125,39200,2.828125,2.8125,2.057891368865967
20-04-1992,2.8125,2.8125,245600,2.890625,2.890625,2.115054130554199
21-04-1992,2.875,2.921875,337600,2.921875,2.90625,2.126488447189331
22-04-1992,2.875,2.890625,8800,2.890625,2.875,2.1036217212677
23-04-1992,2.84375,2.875,1366400,2.984375,2.875,2.1036217212677
24-04-1992,3.0,3.03125,687200,3.171875,3.0,2.1950831413269043
27-04-1992,3.03125,3.0625,511200,3.09375,3.046875,2.2293813228607178
28-04-1992,3.015625,3.046875,234400,3.046875,3.03125,2.2179481983184814
29-04-1992,3.03125,3.046875,237600,3.046875,3.03125,2.2179481983184814
30-04-1992,3.03125,3.046875,1008800,3.0625,3.046875,2.2293813228607178
01-05-1992,3.03125,3.03125,146400,3.046875,3.046875,2.2293813228607178
04-05-1992,3.0625,3.0625,251200,3.078125,3.0625,2.240813732147217
05-05-1992,3.046875,3.046875,532000,3.078125,3.078125,2.252246618270874
06-05-1992,3.015625,3.078125,792800,3.078125,3.015625,2.206516742706299
07-05-1992,2.96875,3.015625,61600,3.015625,2.96875,2.172217845916748
08-05-1992,2.9375,3.0,42400,3.0,2.953125,2.1607847213745117
11-05-1992,2.90625,2.953125,91200,2.953125,2.90625,2.126488447189331
12-05-1992,2.75,2.921875,1191200,2.921875,2.796875,2.0464565753936768
13-05-1992,2.765625,2.796875,261600,2.796875,2.765625,2.023592710494995
14-05-1992,2.6875,2.765625,1236800,2.84375,2.84375,2.0807559490203857
15-05-1992,2.8125,2.828125,509600,2.90625,2.890625,2.115054130554199
18-05-1992,2.90625,2.90625,431200,3.015625,3.0,2.1950831413269043
19-05-1992,2.953125,3.0,572000,3.046875,3.046875,2.2293813228607178
20-05-1992,3.0625,3.0625,200800,3.09375,3.09375,2.263681411743164
21-05-1992,3.078125,3.078125,946400,3.15625,3.09375,2.263681411743164
22-05-1992,3.078125,3.09375,230400,3.15625,3.140625,2.297977924346924
26-05-1992,3.125,3.140625,1300800,3.1875,3.1875,2.332275867462158
27-05-1992,3.125,3.203125,1122400,3.25,3.125,2.2865452766418457
28-05-1992,3.078125,3.140625,627200,3.140625,3.125,2.2865452766418457
29-05-1992,3.078125,3.125,368800,3.125,3.09375,2.263681411743164
01-06-1992,3.078125,3.078125,348800,3.171875,3.171875,2.320842742919922
02-06-1992,3.125,3.140625,108000,3.15625,3.140625,2.297977924346924
03-06-1992,3.125,3.15625,1278400,3.1875,3.15625,2.30941104888916
04-06-1992,3.125,3.125,1169600,3.140625,3.140625,2.297977924346924
05-06-1992,3.140625,3.15625,816800,3.1875,3.1875,2.332275867462158
08-06-1992,3.21875,3.21875,1822400,3.375,3.3125,2.4237382411956787
09-06-1992,3.28125,3.3125,2077600,3.34375,3.3125,2.4237382411956787
10-06-1992,3.21875,3.3125,778400,3.3125,3.28125,2.4008724689483643
11-06-1992,3.28125,3.28125,438400,3.40625,3.40625,2.4923343658447266
12-06-1992,3.34375,3.375,2042400,3.375,3.34375,2.446603775024414
15-06-1992,3.296875,3.328125,2438400,3.328125,3.3125,2.4237382411956787
16-06-1992,3.296875,3.328125,660800,3.328125,3.296875,2.4123036861419678
17-06-1992,3.21875,3.3125,673600,3.3125,3.234375,2.366572856903076
18-06-1992,3.21875,3.21875,948800,3.265625,3.234375,2.366572856903076
19-06-1992,3.234375,3.25,417600,3.265625,3.234375,2.366572856903076
22-06-1992,3.203125,3.203125,568000,3.21875,3.203125,2.3437085151672363
23-06-1992,3.203125,3.203125,518400,3.21875,3.203125,2.3437085151672363
24-06-1992,3.171875,3.21875,224000,3.21875,3.21875,2.3551409244537354
25-06-1992,3.125,3.21875,307200,3.21875,3.125,2.2865452766418457
26-06-1992,3.109375,3.125,629600,3.140625,3.140625,2.297977924346924
29-06-1992,3.125,3.125,1169600,3.1875,3.171875,2.320842742919922
30-06-1992,3.15625,3.1875,1156800,3.1875,3.1875,2.332275867462158
01-07-1992,3.203125,3.21875,694400,3.25,3.25,2.3780064582824707
02-07-1992,3.25,3.28125,2007200,3.296875,3.28125,2.4008724689483643
06-07-1992,3.296875,3.3125,771200,3.328125,3.3125,2.4237382411956787
07-07-1992,3.3125,3.3125,655200,3.359375,3.328125,2.435170888900757
08-07-1992,3.3125,3.328125,480800,3.34375,3.328125,2.435170888900757
09-07-1992,3.328125,3.34375,424000,3.375,3.359375,2.4626595973968506
10-07-1992,3.328125,3.390625,568800,3.390625,3.328125,2.4397523403167725
13-07-1992,3.328125,3.328125,624800,3.359375,3.359375,2.4626595973968506
14-07-1992,3.390625,3.390625,627200,3.625,3.578125,2.6230204105377197
15-07-1992,3.515625,3.59375,465600,3.609375,3.53125,2.5886571407318115
16-07-1992,3.390625,3.5,143200,3.5,3.421875,2.5084776878356934
17-07-1992,3.421875,3.4375,45600,3.453125,3.4375,2.519932746887207
20-07-1992,3.390625,3.4375,645600,3.453125,3.390625,2.485570192337036
21-07-1992,3.390625,3.390625,224000,3.421875,3.40625,2.497022867202759
22-07-1992,3.40625,3.40625,235200,3.484375,3.484375,2.5542938709259033
23-07-1992,3.46875,3.5,112000,3.515625,3.5,2.565747022628784
24-07-1992,3.5,3.5,329600,3.609375,3.609375,2.6459293365478516
27-07-1992,3.5625,3.609375,66400,3.609375,3.59375,2.634474039077759
28-07-1992,3.53125,3.59375,91200,3.59375,3.5625,2.611565589904785
29-07-1992,3.546875,3.5625,84800,3.578125,3.578125,2.6230204105377197
30-07-1992,3.5625,3.5625,565600,3.640625,3.640625,2.668837308883667
31-07-1992,3.625,3.640625,500800,3.65625,3.640625,2.668837308883667
03-08-1992,3.625,3.625,492000,3.703125,3.703125,2.714653968811035
04-08-1992,3.6875,3.6875,398400,3.71875,3.71875,2.7261078357696533
05-08-1992,3.375,3.59375,268800,3.59375,3.40625,2.497022867202759
06-08-1992,3.171875,3.25,1166400,3.265625,3.25,2.3824806213378906
07-08-1992,3.25,3.25,996000,3.515625,3.515625,2.5772037506103516
10-08-1992,3.5,3.515625,88000,3.5625,3.546875,2.6001110076904297
11-08-1992,3.546875,3.546875,2608000,3.5625,3.546875,2.6001110076904297
12-08-1992,3.5625,3.5625,92800,3.59375,3.59375,2.634474039077759
13-08-1992,3.609375,3.625,684800,3.734375,3.734375,2.737563371658325
14-08-1992,3.734375,3.78125,1344000,3.84375,3.75,2.7490158081054688
17-08-1992,3.671875,3.71875,1498400,3.71875,3.6875,2.7031986713409424
18-08-1992,3.578125,3.671875,823200,3.6875,3.59375,2.634474039077759
19-08-1992,3.5,3.5,844800,3.6875,3.5625,2.611565589904785
20-08-1992,3.5625,3.625,7611200,3.640625,3.59375,2.634474039077759
21-08-1992,3.59375,3.609375,1631200,3.640625,3.59375,2.634474039077759
24-08-1992,3.578125,3.578125,1412000,3.609375,3.578125,2.6230204105377197
25-08-1992,3.578125,3.578125,1002400,3.71875,3.671875,2.6917455196380615
26-08-1992,3.6875,3.6875,1988000,3.75,3.75,2.7490158081054688
27-08-1992,3.71875,3.734375,872800,3.796875,3.78125,2.7719249725341797
28-08-1992,3.8125,3.8125,1732800,3.9375,3.9375,2.8864669799804688
31-08-1992,3.84375,3.90625,1392800,3.984375,3.875,2.840651035308838
01-09-1992,3.859375,3.875,740000,3.9375,3.90625,2.863558292388916
02-09-1992,3.875,3.9375,458400,3.953125,3.890625,2.8521053791046143
03-09-1992,3.890625,3.90625,617600,3.921875,3.921875,2.875013828277588
04-09-1992,3.921875,3.921875,190400,3.96875,3.953125,2.897920608520508
08-09-1992,3.953125,3.953125,1150400,4.09375,4.078125,2.9895553588867188
09-09-1992,4.0625,4.078125,660000,4.09375,4.09375,3.0010106563568115
10-09-1992,4.0625,4.09375,809600,4.109375,4.078125,2.9895553588867188
11-09-1992,4.0625,4.078125,549600,4.109375,4.109375,3.012463331222534
14-09-1992,4.109375,4.140625,684000,4.171875,4.125,3.0239171981811523
15-09-1992,4.109375,4.125,557600,4.140625,4.109375,3.012463331222534
16-09-1992,4.09375,4.109375,723200,4.171875,4.125,3.0239171981811523
17-09-1992,4.125,4.125,565600,4.28125,4.21875,3.0926437377929688
18-09-1992,4.1875,4.1875,668000,4.3125,4.3125,3.1613693237304688
21-09-1992,4.328125,4.328125,808000,4.34375,4.34375,3.184276819229126
22-09-1992,4.296875,4.3125,662400,4.375,4.359375,3.195729970932007
23-09-1992,4.359375,4.375,898400,4.46875,4.375,3.2071845531463623
24-09-1992,4.390625,4.390625,1256800,4.484375,4.46875,3.2759106159210205
25-09-1992,4.203125,4.421875,1837600,4.4375,4.25,3.1155529022216797
28-09-1992,4.109375,4.25,1749600,4.25,4.125,3.0239171981811523
29-09-1992,4.171875,4.203125,276800,4.234375,4.234375,3.104097843170166
30-09-1992,4.15625,4.21875,330400,4.234375,4.15625,3.0468273162841797
01-10-1992,4.03125,4.140625,378400,4.140625,4.03125,2.9551923274993896
02-10-1992,4.015625,4.046875,772800,4.078125,4.046875,2.966646194458008
05-10-1992,3.953125,4.046875,312000,4.046875,3.96875,2.9093759059906006
06-10-1992,3.90625,3.96875,885600,3.96875,3.9375,2.8864669799804688
07-10-1992,3.953125,3.953125,649600,4.015625,3.984375,2.920830011367798
08-10-1992,3.96875,3.96875,266400,4.0625,4.0,2.9368910789489746
09-10-1992,3.90625,3.96875,112000,4.03125,3.9375,2.8910021781921387
12-10-1992,3.9375,3.9375,351200,3.953125,3.953125,2.9024734497070312
13-10-1992,3.890625,3.9375,412000,3.953125,3.9375,2.8910021781921387
14-10-1992,3.921875,3.9375,341600,3.953125,3.9375,2.8910021781921387
15-10-1992,3.90625,3.9375,205600,3.9375,3.90625,2.8680570125579834
16-10-1992,3.921875,3.921875,1151200,4.078125,4.0625,2.9827797412872314
19-10-1992,4.0625,4.0625,756000,4.3125,4.28125,3.1433913707733154
20-10-1992,4.203125,4.265625,209600,4.265625,4.21875,3.0975024700164795
21-10-1992,4.140625,4.203125,104800,4.203125,4.15625,3.0516138076782227
22-10-1992,3.953125,4.140625,365600,4.140625,3.953125,2.9024734497070312
23-10-1992,3.9375,3.96875,101600,3.96875,3.953125,2.9024734497070312
26-10-1992,3.953125,3.953125,396800,4.015625,4.0,2.9368910789489746
27-10-1992,3.8125,3.984375,318400,3.984375,3.859375,2.8336408138275146
28-10-1992,3.71875,3.859375,920800,3.859375,3.828125,2.8106961250305176
29-10-1992,3.828125,3.828125,348000,3.90625,3.84375,2.822169780731201
30-10-1992,3.8125,3.875,143200,3.875,3.8125,2.799225091934204
02-11-1992,3.828125,3.828125,156800,3.875,3.875,2.845114231109619
03-11-1992,3.75,3.875,296800,3.875,3.75,2.7533347606658936
04-11-1992,3.65625,3.765625,464000,3.78125,3.65625,2.684501886367798
05-11-1992,3.46875,3.625,1245600,3.625,3.484375,2.558306932449341
06-11-1992,3.53125,3.53125,1823200,3.671875,3.65625,2.684501886367798
09-11-1992,3.5,3.625,1322400,3.65625,3.546875,2.604196310043335
10-11-1992,3.5625,3.5625,1669600,3.625,3.625,2.661557197570801
11-11-1992,3.5625,3.625,551200,3.625,3.5625,2.615668773651123
12-11-1992,3.5625,3.625,1320800,3.640625,3.578125,2.6271414756774902
13-11-1992,3.59375,3.609375,324000,3.640625,3.625,2.661557197570801
16-11-1992,3.609375,3.609375,257600,3.65625,3.65625,2.684501886367798
17-11-1992,3.625,3.625,304000,3.640625,3.625,2.661557197570801
18-11-1992,3.625,3.625,693600,3.640625,3.640625,2.673030138015747
19-11-1992,3.46875,3.609375,821600,3.640625,3.5,2.5697784423828125
20-11-1992,3.53125,3.53125,536800,3.59375,3.59375,2.638613224029541
23-11-1992,3.5625,3.5625,660000,3.671875,3.625,2.661557197570801
24-11-1992,3.578125,3.609375,503200,3.609375,3.59375,2.638613224029541
25-11-1992,3.578125,3.578125,96000,3.609375,3.59375,2.638613224029541
27-11-1992,3.578125,3.59375,230400,3.625,3.625,2.661557197570801
30-11-1992,3.53125,3.625,539200,3.625,3.546875,2.604196310043335
01-12-1992,3.53125,3.546875,1116800,3.546875,3.53125,2.592724323272705
02-12-1992,3.53125,3.53125,721600,3.578125,3.578125,2.6271414756774902
03-12-1992,3.421875,3.5625,1191200,3.5625,3.4375,2.5238916873931885
04-12-1992,3.421875,3.4375,1249600,3.5,3.5,2.5697784423828125
07-12-1992,3.484375,3.484375,167200,3.546875,3.5,2.5697784423828125
08-12-1992,3.453125,3.5,580000,3.515625,3.484375,2.558306932449341
09-12-1992,3.484375,3.5,374400,3.546875,3.53125,2.592724323272705
10-12-1992,3.484375,3.546875,1601600,3.609375,3.609375,2.650085926055908
11-12-1992,3.65625,3.65625,151200,3.703125,3.671875,2.695974349975586
14-12-1992,3.609375,3.671875,920000,3.671875,3.65625,2.684501886367798
15-12-1992,3.609375,3.640625,406400,3.640625,3.625,2.661557197570801
16-12-1992,3.59375,3.609375,402400,3.625,3.59375,2.638613224029541
17-12-1992,3.5625,3.609375,52800,3.609375,3.5625,2.615668773651123
18-12-1992,3.578125,3.59375,295200,3.59375,3.59375,2.638613224029541
21-12-1992,3.546875,3.578125,488000,3.578125,3.546875,2.604196310043335
22-12-1992,3.53125,3.5625,960800,3.5625,3.546875,2.604196310043335
23-12-1992,3.515625,3.546875,1008000,3.546875,3.515625,2.5812530517578125
24-12-1992,3.53125,3.546875,655200,3.59375,3.59375,2.638613224029541
28-12-1992,3.53125,3.578125,97600,3.578125,3.546875,2.604196310043335
29-12-1992,3.53125,3.546875,596000,3.59375,3.5625,2.615668773651123
30-12-1992,3.546875,3.578125,639200,3.578125,3.546875,2.604196310043335
31-12-1992,3.5625,3.5625,376000,3.6875,3.671875,2.695974349975586
04-01-1993,3.609375,3.6875,597600,3.71875,3.609375,2.650085926055908
05-01-1993,3.578125,3.609375,715200,3.6875,3.6875,2.7074456214904785
06-01-1993,3.59375,3.6875,928800,3.6875,3.609375,2.650085926055908
07-01-1993,3.5625,3.609375,333600,3.609375,3.578125,2.6271414756774902
08-01-1993,3.46875,3.578125,1617600,3.578125,3.46875,2.546835422515869
11-01-1993,3.375,3.484375,410400,3.484375,3.390625,2.4948668479919434
12-01-1993,3.359375,3.390625,269600,3.40625,3.40625,2.5063655376434326
13-01-1993,3.359375,3.40625,826400,3.484375,3.46875,2.5523550510406494
14-01-1993,3.34375,3.4375,619200,3.453125,3.34375,2.4603776931762695
15-01-1993,3.359375,3.375,1232800,3.421875,3.390625,2.4948668479919434
18-01-1993,3.359375,3.390625,460000,3.390625,3.375,2.483370542526245
19-01-1993,3.359375,3.359375,1157600,3.484375,3.453125,2.54085636138916
20-01-1993,3.4375,3.453125,132800,3.484375,3.46875,2.5523550510406494
21-01-1993,3.4375,3.4375,272800,3.5,3.5,2.5753493309020996
22-01-1993,3.5,3.515625,540800,3.59375,3.59375,2.64432954788208
25-01-1993,3.578125,3.578125,969600,3.703125,3.6875,2.7133126258850098
26-01-1993,3.78125,3.8125,1224000,3.875,3.78125,2.7822954654693604
27-01-1993,3.703125,3.734375,636000,3.765625,3.75,2.759300708770752
28-01-1993,3.75,3.765625,773600,3.90625,3.90625,2.8742730617523193
29-01-1993,3.890625,3.90625,492800,4.0,3.96875,2.9202609062194824
01-02-1993,4.0,4.0,1876800,4.078125,4.0625,2.989244222640991
02-02-1993,4.046875,4.046875,1044000,4.09375,4.09375,3.0122368335723877
03-02-1993,4.09375,4.09375,1448000,4.359375,4.296875,3.161698341369629
04-02-1993,4.328125,4.328125,1330400,4.4375,4.4375,3.26517391204834
05-02-1993,4.4375,4.4375,1606400,4.515625,4.5,3.3111624717712402
08-02-1993,4.46875,4.5,1975200,4.5,4.5,3.3111624717712402
09-02-1993,4.40625,4.5,756000,4.5,4.421875,3.253676414489746
10-02-1993,4.359375,4.421875,800000,4.453125,4.375,3.2191836833953857
11-02-1993,4.359375,4.359375,971200,4.5,4.484375,3.299663782119751
12-02-1993,4.46875,4.484375,932000,4.484375,4.484375,3.299663782119751
16-02-1993,4.34375,4.46875,292800,4.46875,4.34375,3.19619083404541
17-02-1993,4.34375,4.359375,632800,4.40625,4.390625,3.230682611465454
18-02-1993,4.421875,4.421875,604800,4.484375,4.4375,3.26517391204834
19-02-1993,4.421875,4.4375,3408800,4.515625,4.5,3.3111624717712402
22-02-1993,4.5,4.5,1140000,4.609375,4.5625,3.3571512699127197
23-02-1993,4.5,4.59375,664000,4.59375,4.546875,3.345654249191284
24-02-1993,4.46875,4.515625,499200,4.515625,4.484375,3.299663782119751
25-02-1993,4.359375,4.484375,259200,4.484375,4.359375,3.2076897621154785
26-02-1993,4.359375,4.390625,128000,4.421875,4.40625,3.2421791553497314
01-03-1993,4.421875,4.4375,1396000,4.53125,4.4375,3.26517391204834
02-03-1993,4.4375,4.46875,332800,4.484375,4.453125,3.2766714096069336
03-03-1993,4.46875,4.46875,4088800,4.84375,4.78125,3.518108606338501
04-03-1993,4.640625,4.75,913600,4.78125,4.734375,3.4836184978485107
05-03-1993,4.6875,4.71875,335200,4.734375,4.6875,3.449127197265625
08-03-1993,4.703125,4.703125,472000,4.796875,4.78125,3.518108606338501
09-03-1993,4.75,4.796875,324000,4.796875,4.78125,3.518108606338501
10-03-1993,4.734375,4.78125,199200,4.8125,4.8125,3.5411040782928467
11-03-1993,4.796875,4.8125,213600,4.921875,4.890625,3.598588228225708
12-03-1993,4.796875,4.921875,702400,4.921875,4.84375,3.5640978813171387
15-03-1993,4.84375,4.84375,209600,4.875,4.875,3.5870938301086426
16-03-1993,4.84375,4.859375,316800,4.875,4.859375,3.575594902038574
17-03-1993,4.859375,4.875,136800,4.984375,4.984375,3.6675727367401123
18-03-1993,4.921875,4.96875,444000,5.0,5.0,3.6790711879730225
19-03-1993,4.96875,4.984375,300800,5.0,4.96875,3.6560730934143066
22-03-1993,4.96875,4.984375,640800,5.0,4.984375,3.6675727367401123
23-03-1993,4.96875,5.015625,100800,5.015625,4.96875,3.6560730934143066
24-03-1993,4.96875,4.96875,574400,5.078125,4.96875,3.6560730934143066
25-03-1993,4.84375,4.90625,1020000,4.921875,4.84375,3.5640978813171387
26-03-1993,4.8125,4.84375,753600,4.921875,4.90625,3.6100854873657227
29-03-1993,4.921875,4.921875,589600,4.984375,4.984375,3.6675727367401123
30-03-1993,5.0,5.0,663200,5.03125,5.03125,3.7020645141601562
31-03-1993,4.96875,5.03125,558400,5.03125,5.015625,3.690565586090088
01-04-1993,4.984375,5.03125,537600,5.03125,5.0,3.6790711879730225
02-04-1993,4.859375,4.953125,240800,4.953125,4.890625,3.598588228225708
05-04-1993,4.875,4.90625,292800,4.90625,4.90625,3.6100854873657227
06-04-1993,4.875,4.90625,604800,4.90625,4.875,3.5870938301086426
07-04-1993,4.8125,4.84375,860000,4.875,4.875,3.5870938301086426
08-04-1993,4.859375,4.859375,24000,4.875,4.875,3.592618227005005
12-04-1993,4.859375,4.859375,325600,4.96875,4.96875,3.6617090702056885
13-04-1993,4.84375,4.96875,1076800,5.03125,4.875,3.592618227005005
14-04-1993,4.84375,4.890625,447200,4.890625,4.84375,3.569589376449585
15-04-1993,4.8125,4.875,231200,4.921875,4.8125,3.546560287475586
16-04-1993,4.796875,4.828125,356800,4.84375,4.84375,3.569589376449585
19-04-1993,4.828125,4.828125,173600,4.890625,4.875,3.592618227005005
20-04-1993,4.90625,4.90625,1133600,5.0625,4.984375,3.673224925994873
21-04-1993,4.875,5.015625,185600,5.015625,4.875,3.592618227005005
22-04-1993,4.671875,4.84375,335200,4.84375,4.671875,3.442927598953247
23-04-1993,4.46875,4.671875,786400,4.671875,4.5,3.3162636756896973
26-04-1993,4.515625,4.53125,367200,4.640625,4.625,3.4083828926086426
27-04-1993,4.625,4.65625,108000,4.65625,4.640625,3.419898509979248
28-04-1993,4.625,4.625,189600,4.640625,4.640625,3.419898509979248
29-04-1993,4.625,4.65625,383200,4.75,4.75,3.500500440597534
30-04-1993,4.75,4.75,779200,4.96875,4.921875,3.6271629333496094
03-05-1993,4.953125,4.953125,249600,4.984375,4.953125,3.6501924991607666
04-05-1993,4.90625,4.921875,1332800,4.953125,4.921875,3.6271629333496094
05-05-1993,4.921875,4.921875,65600,4.9375,4.921875,3.6271629333496094
06-05-1993,4.921875,4.921875,664800,5.0,4.9375,3.638678789138794
07-05-1993,4.90625,4.921875,186400,4.96875,4.921875,3.6271629333496094
10-05-1993,4.8125,4.9375,828000,4.9375,4.8125,3.546560287475586
11-05-1993,4.78125,4.78125,1120800,4.953125,4.9375,3.638678789138794
12-05-1993,4.90625,4.9375,852000,4.984375,4.953125,3.6501924991607666
13-05-1993,4.90625,4.90625,702400,5.09375,5.0625,3.7307960987091064
14-05-1993,5.0625,5.0625,931200,5.265625,5.171875,3.8114004135131836
17-05-1993,5.15625,5.171875,390400,5.203125,5.203125,3.834430694580078
18-05-1993,5.203125,5.203125,340800,5.328125,5.296875,3.903517961502075
19-05-1993,5.1875,5.3125,412800,5.3125,5.234375,3.857459783554077
20-05-1993,5.21875,5.21875,216000,5.25,5.234375,3.857459783554077
21-05-1993,5.203125,5.234375,400000,5.234375,5.21875,3.845942974090576
24-05-1993,5.21875,5.25,496000,5.25,5.234375,3.857459783554077
25-05-1993,5.171875,5.1875,400800,5.25,5.1875,3.822915554046631
26-05-1993,5.15625,5.1875,188000,5.203125,5.203125,3.834430694580078
27-05-1993,5.203125,5.203125,511200,5.3125,5.3125,3.9150333404541016
28-05-1993,5.28125,5.296875,473600,5.3125,5.3125,3.9150333404541016
01-06-1993,5.328125,5.34375,619200,5.4375,5.40625,3.984123706817627
02-06-1993,5.40625,5.40625,522400,5.625,5.5625,4.099271297454834
03-06-1993,5.484375,5.5625,403200,5.5625,5.515625,4.064725875854492
04-06-1993,5.484375,5.5,889600,5.515625,5.5,4.053208827972412
07-06-1993,5.484375,5.5,482400,5.515625,5.5,4.053208827972412
08-06-1993,5.421875,5.484375,277600,5.484375,5.4375,4.0071516036987305
09-06-1993,5.40625,5.40625,262400,5.5,5.5,4.053208827972412
10-06-1993,5.4375,5.484375,779200,5.484375,5.4375,4.0071516036987305
11-06-1993,5.234375,5.40625,606400,5.40625,5.234375,3.857459783554077
14-06-1993,5.125,5.21875,763200,5.21875,5.125,3.7768568992614746
15-06-1993,5.125,5.125,288800,5.15625,5.125,3.7768568992614746
16-06-1993,5.140625,5.140625,219200,5.203125,5.203125,3.834430694580078
17-06-1993,5.21875,5.21875,193600,5.328125,5.25,3.868974208831787
18-06-1993,5.265625,5.28125,224800,5.296875,5.265625,3.8804876804351807
21-06-1993,5.28125,5.28125,292800,5.359375,5.34375,3.938063144683838
22-06-1993,5.265625,5.34375,1112000,5.34375,5.265625,3.8804876804351807
23-06-1993,5.265625,5.265625,2466400,5.296875,5.296875,3.903517961502075
24-06-1993,5.0625,5.296875,637600,5.296875,5.125,3.7768568992614746
25-06-1993,5.109375,5.125,36000,5.125,5.125,3.7768568992614746
28-06-1993,5.125,5.125,204800,5.140625,5.140625,3.7883706092834473
29-06-1993,4.984375,5.109375,648000,5.125,5.046875,3.71928071975708
30-06-1993,5.03125,5.0625,552000,5.09375,5.09375,3.7538254261016846
01-07-1993,5.015625,5.078125,376800,5.078125,5.046875,3.71928071975708
02-07-1993,5.015625,5.0625,100000,5.0625,5.046875,3.71928071975708
06-07-1993,5.0,5.046875,437600,5.09375,5.0,3.6847376823425293
07-07-1993,4.96875,4.96875,1369600,5.078125,5.078125,3.742309093475342
08-07-1993,5.078125,5.078125,955200,5.1875,5.1875,3.822915554046631
09-07-1993,5.171875,5.171875,1352000,5.25,5.25,3.874574899673462
12-07-1993,5.28125,5.28125,900000,5.34375,5.3125,3.9207024574279785
13-07-1993,5.28125,5.3125,100000,5.3125,5.28125,3.897639036178589
14-07-1993,5.28125,5.28125,538400,5.3125,5.28125,3.897639036178589
15-07-1993,5.21875,5.3125,338400,5.3125,5.25,3.874574899673462
16-07-1993,5.234375,5.25,147200,5.265625,5.25,3.874574899673462
19-07-1993,5.25,5.296875,417600,5.296875,5.28125,3.897639036178589
20-07-1993,5.25,5.25,713600,5.3125,5.3125,3.9207024574279785
21-07-1993,5.3125,5.3125,395200,5.34375,5.3125,3.9207024574279785
22-07-1993,5.28125,5.3125,314400,5.3125,5.296875,3.9091691970825195
23-07-1993,5.25,5.296875,341600,5.3125,5.3125,3.9207024574279785
26-07-1993,5.296875,5.34375,196000,5.34375,5.296875,3.9091691970825195
27-07-1993,5.21875,5.265625,191200,5.28125,5.25,3.874574899673462
28-07-1993,5.234375,5.25,356800,5.296875,5.265625,3.886104106903076
29-07-1993,5.25,5.265625,98400,5.3125,5.296875,3.9091691970825195
30-07-1993,5.3125,5.3125,57600,5.328125,5.328125,3.93223237991333
02-08-1993,5.3125,5.328125,1029600,5.46875,5.46875,4.036019802093506
03-08-1993,5.484375,5.484375,356000,5.578125,5.5625,4.105207443237305
04-08-1993,5.546875,5.546875,400000,5.65625,5.625,4.151331901550293
05-08-1993,5.609375,5.609375,56000,5.640625,5.625,4.151331901550293
06-08-1993,5.578125,5.625,348800,5.625,5.59375,4.128268718719482
09-08-1993,5.609375,5.609375,344800,5.6875,5.6875,4.197458267211914
10-08-1993,5.6875,5.6875,632800,5.75,5.75,4.243585586547852
11-08-1993,5.78125,5.78125,784800,6.0,6.0,4.428084850311279
12-08-1993,5.984375,6.0,1103200,6.21875,6.015625,4.439616680145264
13-08-1993,5.9375,6.03125,226400,6.03125,5.9375,4.381962299346924
16-08-1993,5.9375,5.9375,448000,5.984375,5.984375,4.416556358337402
17-08-1993,6.0625,6.0625,640000,6.25,6.25,4.612591743469238
18-08-1993,6.234375,6.234375,805600,6.484375,6.421875,4.739437580108643
19-08-1993,6.3125,6.4375,424000,6.46875,6.3125,4.658716678619385
20-08-1993,6.3125,6.3125,914400,6.453125,6.453125,4.762500286102295
23-08-1993,6.453125,6.46875,964800,6.703125,6.703125,4.947002410888672
24-08-1993,6.53125,6.703125,704000,6.703125,6.5625,4.84322452545166
25-08-1993,6.4375,6.5625,753600,6.578125,6.453125,4.762500286102295
26-08-1993,6.25,6.453125,817600,6.453125,6.296875,4.647184371948242
27-08-1993,6.03125,6.28125,627200,6.28125,6.125,4.520339012145996
30-08-1993,6.109375,6.125,529600,6.25,6.21875,4.589529037475586
31-08-1993,6.171875,6.234375,888000,6.328125,6.28125,4.635653972625732
01-09-1993,6.28125,6.28125,388800,6.390625,6.375,4.704842567443848
02-09-1993,6.28125,6.375,286400,6.375,6.28125,4.635653972625732
03-09-1993,6.28125,6.28125,135200,6.328125,6.296875,4.647184371948242
07-09-1993,6.125,6.296875,236800,6.328125,6.125,4.520339012145996
08-09-1993,5.953125,6.125,388800,6.125,5.953125,4.39349365234375
09-09-1993,5.921875,5.953125,533600,5.984375,5.96875,4.405023097991943
10-09-1993,5.953125,5.96875,121600,5.984375,5.984375,4.416556358337402
13-09-1993,5.921875,5.984375,472800,6.03125,5.921875,4.370428085327148
14-09-1993,5.90625,5.953125,633600,5.96875,5.9375,4.381962299346924
15-09-1993,5.921875,5.9375,994400,6.046875,6.0,4.428084850311279
16-09-1993,6.0,6.0,152800,6.03125,6.0,4.428084850311279
17-09-1993,5.890625,5.96875,127200,5.96875,5.9375,4.381962299346924
20-09-1993,5.9375,5.9375,248000,5.96875,5.96875,4.405023097991943
21-09-1993,5.96875,5.96875,218400,6.03125,6.015625,4.439616680145264
22-09-1993,5.96875,6.0,99200,6.03125,5.96875,4.405023097991943
23-09-1993,5.953125,5.984375,232800,5.984375,5.984375,4.416556358337402
24-09-1993,5.953125,5.96875,357600,6.0,5.96875,4.405023097991943
27-09-1993,5.953125,5.953125,441600,6.0,5.984375,4.416556358337402
28-09-1993,5.921875,5.984375,326400,5.984375,5.9375,4.381962299346924
29-09-1993,5.9375,5.9375,1200800,6.453125,6.453125,4.762500286102295
30-09-1993,6.453125,6.453125,755200,6.625,6.625,4.889346599578857
01-10-1993,6.59375,6.59375,599200,6.71875,6.71875,4.958535194396973
04-10-1993,6.640625,6.71875,248000,6.75,6.640625,4.90087890625
05-10-1993,6.578125,6.65625,122400,6.65625,6.578125,4.854750633239746
06-10-1993,6.5,6.578125,114400,6.578125,6.53125,4.820158004760742
07-10-1993,6.4375,6.5,224000,6.5,6.484375,4.785562992095947
08-10-1993,6.40625,6.484375,245600,6.484375,6.421875,4.744925498962402
11-10-1993,6.25,6.421875,288000,6.421875,6.25,4.6179327964782715
12-10-1993,6.125,6.25,272800,6.25,6.125,4.52557373046875
13-10-1993,5.96875,6.078125,826400,6.109375,5.984375,4.421669960021973
14-10-1993,6.0,6.09375,388000,6.125,6.03125,4.456302642822266
15-10-1993,5.828125,6.0,707200,6.0,5.875,4.340857982635498
18-10-1993,5.71875,5.875,719200,5.875,5.75,4.248499870300293
19-10-1993,5.484375,5.75,1467200,5.875,5.828125,4.306221008300781
20-10-1993,5.3125,5.796875,1626400,5.796875,5.3125,3.9252424240112305
21-10-1993,5.4375,5.4375,3216000,5.6875,5.5,4.063780307769775
22-10-1993,5.375,5.5,928800,5.5,5.375,3.9714231491088867
25-10-1993,5.28125,5.375,901600,5.421875,5.28125,3.9021522998809814
26-10-1993,5.0,5.28125,1536800,5.3125,5.03125,3.717435121536255
27-10-1993,5.0625,5.0625,1416000,5.1875,5.1875,3.832886219024658
28-10-1993,5.1875,5.1875,1215200,5.453125,5.453125,4.02914571762085
29-10-1993,5.328125,5.421875,412800,5.46875,5.34375,3.9483296871185303
01-11-1993,5.34375,5.359375,379200,5.484375,5.453125,4.02914571762085
02-11-1993,5.453125,5.453125,553600,5.578125,5.5625,4.109961032867432
03-11-1993,5.578125,5.609375,540800,5.671875,5.625,4.156138896942139
04-11-1993,5.625,5.65625,345600,5.734375,5.625,4.156138896942139
05-11-1993,5.53125,5.625,112800,5.625,5.5625,4.109961032867432
08-11-1993,5.46875,5.5625,207200,5.5625,5.46875,4.040693759918213
09-11-1993,5.1875,5.46875,542400,5.46875,5.21875,3.8559730052948
10-11-1993,5.21875,5.25,191200,5.28125,5.265625,3.890604257583618
11-11-1993,5.203125,5.28125,564800,5.40625,5.21875,3.8559730052948
12-11-1993,5.0625,5.203125,1202400,5.203125,5.203125,3.8444297313690186
15-11-1993,5.140625,5.203125,675200,5.234375,5.140625,3.798248767852783
16-11-1993,4.875,4.96875,827200,4.984375,4.9375,3.6481668949127197
17-11-1993,4.9375,5.0,1617600,5.203125,5.203125,3.8444297313690186
18-11-1993,5.15625,5.203125,463200,5.359375,5.296875,3.913696050643921
19-11-1993,5.21875,5.25,85600,5.265625,5.265625,3.890604257583618
22-11-1993,5.078125,5.25,173600,5.25,5.078125,3.7520675659179688
23-11-1993,5.078125,5.109375,697600,5.21875,5.09375,3.7636144161224365
24-11-1993,5.109375,5.109375,556800,5.15625,5.15625,3.80979061126709
26-11-1993,5.03125,5.125,94400,5.125,5.03125,3.717435121536255
29-11-1993,4.828125,4.96875,1270400,4.96875,4.828125,3.5673515796661377
30-11-1993,4.78125,4.84375,457600,4.859375,4.828125,3.5673515796661377
01-12-1993,4.828125,4.859375,316000,4.921875,4.859375,3.5904417037963867
02-12-1993,4.84375,4.84375,429600,4.90625,4.859375,3.5904417037963867
03-12-1993,4.875,4.875,142400,4.90625,4.875,3.601986885070801
06-12-1993,4.84375,4.875,308800,4.90625,4.890625,3.613530397415161
07-12-1993,4.859375,4.875,528800,4.953125,4.90625,3.6250762939453125
08-12-1993,4.84375,4.890625,89600,4.890625,4.859375,3.5904417037963867
09-12-1993,4.71875,4.859375,69600,4.859375,4.78125,3.5327179431915283
10-12-1993,4.796875,4.796875,271200,4.84375,4.828125,3.5673515796661377
13-12-1993,4.71875,4.859375,102400,4.859375,4.765625,3.5211751461029053
14-12-1993,4.734375,4.796875,620800,4.8125,4.8125,3.555806875228882
15-12-1993,4.71875,4.765625,128000,4.765625,4.734375,3.4980857372283936
16-12-1993,4.75,4.75,565600,4.84375,4.78125,3.5327179431915283
17-12-1993,4.734375,4.796875,200800,4.8125,4.75,3.5096275806427
20-12-1993,4.40625,4.71875,927200,4.71875,4.515625,3.3364553451538086
21-12-1993,4.265625,4.546875,880000,4.546875,4.4375,3.2787303924560547
22-12-1993,4.40625,4.453125,676000,4.75,4.734375,3.4980857372283936
23-12-1993,4.703125,4.703125,176000,4.796875,4.75,3.5096275806427
27-12-1993,4.6875,4.6875,1060000,4.890625,4.859375,3.5904417037963867
28-12-1993,4.8125,4.890625,629600,4.921875,4.8125,3.555806875228882
29-12-1993,4.828125,4.828125,648000,4.890625,4.859375,3.5904417037963867
30-12-1993,4.828125,4.84375,270400,4.859375,4.859375,3.5904417037963867
31-12-1993,4.828125,4.859375,112800,4.875,4.875,3.601986885070801
03-01-1994,4.828125,4.875,332000,4.875,4.875,3.601986885070801
04-01-1994,4.84375,4.84375,202400,4.890625,4.890625,3.613530397415161
05-01-1994,4.96875,4.96875,800000,5.25,5.203125,3.8444297313690186
06-01-1994,5.234375,5.234375,999200,5.484375,5.453125,4.02914571762085
07-01-1994,5.40625,5.46875,704800,5.46875,5.4375,4.017601490020752
10-01-1994,5.421875,5.421875,573600,5.640625,5.640625,4.1734395027160645
11-01-1994,5.453125,5.59375,1028800,5.59375,5.5,4.069392681121826
12-01-1994,5.390625,5.5,296000,5.53125,5.40625,4.000025749206543
13-01-1994,5.3125,5.40625,10779200,5.421875,5.3125,3.930664300918579
14-01-1994,5.15625,5.28125,1295200,5.328125,5.15625,3.815053701400757
17-01-1994,5.21875,5.25,1098400,5.3125,5.296875,3.9191014766693115
18-01-1994,5.3125,5.3125,851200,5.4375,5.4375,4.02315092086792
19-01-1994,5.46875,5.46875,1249600,5.609375,5.515625,4.0809550285339355
20-01-1994,5.359375,5.515625,487200,5.5625,5.359375,3.965346097946167
21-01-1994,5.34375,5.390625,354400,5.421875,5.375,3.976907730102539
24-01-1994,5.3125,5.390625,408800,5.40625,5.3125,3.930664300918579
25-01-1994,5.296875,5.3125,284000,5.328125,5.3125,3.930664300918579
26-01-1994,5.265625,5.3125,873600,5.40625,5.375,3.976907730102539
27-01-1994,5.375,5.375,1322400,5.5625,5.546875,4.104073524475098
28-01-1994,5.484375,5.5,303200,5.515625,5.5,4.069392681121826
31-01-1994,5.515625,5.53125,787200,5.671875,5.515625,4.0809550285339355
01-02-1994,5.546875,5.546875,700800,5.625,5.609375,4.150318145751953
02-02-1994,5.578125,5.578125,999200,5.9375,5.765625,4.26592493057251
03-02-1994,5.734375,5.8125,155200,5.8125,5.75,4.254366874694824
04-02-1994,5.703125,5.78125,1171200,5.828125,5.71875,4.231243133544922
07-02-1994,5.609375,5.671875,363200,5.671875,5.625,4.161879539489746
08-02-1994,5.59375,5.625,355200,5.75,5.734375,4.242805004119873
09-02-1994,5.59375,5.734375,272800,5.734375,5.65625,4.184998989105225
10-02-1994,5.5,5.65625,944800,5.65625,5.5,4.069392681121826
11-02-1994,5.5,5.53125,212800,5.71875,5.6875,4.208122730255127
14-02-1994,5.40625,5.6875,335200,5.6875,5.5,4.069392681121826
15-02-1994,5.46875,5.46875,137600,5.53125,5.5,4.069392681121826
16-02-1994,5.375,5.46875,541600,5.484375,5.375,3.976907730102539
17-02-1994,5.34375,5.390625,538400,5.46875,5.34375,3.9537839889526367
18-02-1994,5.328125,5.375,437600,5.390625,5.34375,3.9537839889526367
22-02-1994,5.359375,5.375,83200,5.40625,5.375,3.976907730102539
23-02-1994,5.34375,5.34375,152000,5.4375,5.421875,4.011589527130127
24-02-1994,5.375,5.421875,108800,5.4375,5.4375,4.02315092086792
25-02-1994,5.46875,5.5,848800,5.5625,5.46875,4.046274185180664
28-02-1994,5.375,5.46875,57600,5.46875,5.375,3.976907730102539
01-03-1994,5.34375,5.40625,180000,5.40625,5.375,3.976907730102539
02-03-1994,5.28125,5.34375,310400,5.34375,5.3125,3.930664300918579
03-03-1994,5.296875,5.328125,92800,5.34375,5.3125,3.930664300918579
04-03-1994,5.296875,5.296875,196800,5.40625,5.390625,3.988468885421753
07-03-1994,5.34375,5.40625,268800,5.40625,5.34375,3.9537839889526367
08-03-1994,5.234375,5.3125,516800,5.328125,5.234375,3.8728585243225098
09-03-1994,4.96875,5.203125,609600,5.203125,5.03125,3.722569465637207
10-03-1994,4.921875,5.015625,894400,5.046875,4.9375,3.6532065868377686
11-03-1994,4.921875,4.953125,410400,5.03125,5.015625,3.711008310317993
14-03-1994,5.015625,5.015625,308800,5.1875,5.171875,3.826617479324341
15-03-1994,5.21875,5.21875,446400,5.328125,5.28125,3.907543897628784
16-03-1994,5.25,5.265625,458400,5.296875,5.28125,3.907543897628784
17-03-1994,5.265625,5.265625,423200,5.515625,5.484375,4.057831287384033
18-03-1994,5.5,5.53125,879200,5.6875,5.6875,4.208122730255127
21-03-1994,5.671875,5.71875,813600,5.734375,5.71875,4.231243133544922
22-03-1994,5.6875,5.6875,1078400,5.8125,5.796875,4.289048671722412
23-03-1994,5.625,5.6875,722400,5.6875,5.671875,4.196563720703125
24-03-1994,5.5625,5.59375,674400,5.65625,5.625,4.161879539489746
25-03-1994,5.609375,5.609375,510400,5.671875,5.625,4.161879539489746
28-03-1994,5.4375,5.609375,1590400,5.609375,5.4375,4.02315092086792
29-03-1994,5.25,5.421875,617600,5.421875,5.25,3.884420156478882
30-03-1994,5.109375,5.234375,567200,5.328125,5.3125,3.930664300918579
31-03-1994,5.265625,5.3125,148800,5.34375,5.34375,3.9537839889526367
04-04-1994,5.25,5.3125,445600,5.3125,5.265625,3.895977735519409
05-04-1994,5.234375,5.28125,940000,5.328125,5.25,3.884420156478882
06-04-1994,5.21875,5.3125,240000,5.375,5.375,3.976907730102539
07-04-1994,5.34375,5.375,574400,5.4375,5.34375,3.9537839889526367
08-04-1994,5.3125,5.328125,169600,5.34375,5.34375,3.9537839889526367
11-04-1994,5.265625,5.3125,698400,5.3125,5.296875,3.924609899520874
12-04-1994,5.3125,5.3125,1101600,5.40625,5.375,3.9824976921081543
13-04-1994,5.359375,5.375,604000,5.4375,5.4375,4.028805255889893
14-04-1994,5.359375,5.390625,1280800,5.53125,5.53125,4.098264217376709
15-04-1994,5.46875,5.53125,826400,5.875,5.875,4.352960586547852
18-04-1994,5.6875,5.8125,1331200,5.8125,5.796875,4.295075416564941
19-04-1994,5.734375,5.78125,704000,5.8125,5.734375,4.248767375946045
20-04-1994,5.703125,5.71875,727200,5.71875,5.71875,4.237191677093506
21-04-1994,5.703125,5.703125,480000,5.765625,5.75,4.260344505310059
22-04-1994,5.71875,5.734375,332000,5.796875,5.765625,4.271918773651123
25-04-1994,5.734375,5.765625,498400,5.9375,5.9375,4.399270534515381
26-04-1994,5.9375,5.9375,1096000,5.96875,5.96875,4.422422885894775
28-04-1994,5.9375,5.953125,856800,6.015625,5.953125,4.410846710205078
29-04-1994,5.890625,5.9375,535200,5.9375,5.9375,4.399270534515381
02-05-1994,5.890625,5.90625,652000,5.953125,5.953125,4.410846710205078
03-05-1994,5.859375,5.9375,560800,5.9375,5.875,4.352960586547852
04-05-1994,5.875,5.875,358400,5.9375,5.9375,4.399270534515381
05-05-1994,5.921875,5.96875,66400,5.96875,5.921875,4.387692451477051
06-05-1994,5.921875,5.921875,343200,6.125,6.09375,4.515038013458252
09-05-1994,6.03125,6.109375,453600,6.109375,6.078125,4.503464698791504
10-05-1994,6.09375,6.140625,632800,6.140625,6.09375,4.515038013458252
11-05-1994,6.03125,6.09375,187200,6.109375,6.03125,4.468731880187988
12-05-1994,6.03125,6.046875,806400,6.15625,6.140625,4.549770355224609
13-05-1994,6.109375,6.109375,257600,6.125,6.125,4.53819465637207
16-05-1994,6.109375,6.140625,293600,6.140625,6.109375,4.526614189147949
17-05-1994,5.890625,6.09375,1044000,6.09375,5.953125,4.410846710205078
18-05-1994,5.90625,5.96875,1417600,5.984375,5.96875,4.422422885894775
19-05-1994,5.890625,5.984375,205600,5.984375,5.890625,4.364538669586182
20-05-1994,5.8125,5.90625,309600,5.90625,5.828125,4.318226337432861
23-05-1994,5.765625,5.796875,208800,5.8125,5.765625,4.271918773651123
24-05-1994,5.703125,5.75,287200,5.75,5.703125,4.22561502456665
25-05-1994,5.65625,5.71875,179200,5.71875,5.65625,4.190882682800293
26-05-1994,5.515625,5.59375,840800,5.625,5.546875,4.109842777252197
27-05-1994,5.53125,5.5625,70400,5.59375,5.578125,4.132997035980225
31-05-1994,5.5,5.546875,752800,5.578125,5.5,4.075112342834473
01-06-1994,5.5,5.5,480800,5.546875,5.515625,4.086691379547119
02-06-1994,5.46875,5.5,600000,5.53125,5.46875,4.051962375640869
03-06-1994,5.34375,5.453125,136800,5.453125,5.421875,4.017228603363037
06-06-1994,5.453125,5.5,132800,5.5,5.46875,4.051962375640869
07-06-1994,5.46875,5.46875,863200,5.578125,5.5625,4.1214213371276855
08-06-1994,5.4375,5.5625,276800,5.5625,5.46875,4.051962375640869
09-06-1994,5.375,5.4375,304800,5.4375,5.375,3.9824976921081543
10-06-1994,5.375,5.375,165600,5.578125,5.578125,4.132997035980225
13-06-1994,5.578125,5.578125,736800,5.703125,5.6875,4.2140374183654785
14-06-1994,5.703125,5.703125,476000,5.75,5.75,4.260344505310059
15-06-1994,5.71875,5.75,292000,5.78125,5.734375,4.248767375946045
16-06-1994,5.71875,5.71875,132000,5.78125,5.78125,4.2835001945495605
17-06-1994,5.75,5.75,384000,5.90625,5.90625,4.3761138916015625
20-06-1994,5.75,5.9375,174800,5.9375,5.84375,4.329806804656982
21-06-1994,5.78125,5.78125,166400,5.90625,5.90625,4.3761138916015625
22-06-1994,5.875,5.96875,52800,5.96875,5.90625,4.3761138916015625
23-06-1994,5.75,5.96875,197200,5.96875,5.75,4.260344505310059
24-06-1994,5.59375,5.75,143200,5.75,5.71875,4.237191677093506
27-06-1994,5.625,5.6875,136800,5.75,5.71875,4.237191677093506
28-06-1994,5.59375,5.65625,190800,5.71875,5.71875,4.237191677093506
29-06-1994,5.65625,5.71875,94800,5.75,5.75,4.260344505310059
30-06-1994,5.59375,5.6875,440400,5.75,5.75,4.260344505310059
01-07-1994,5.625,5.75,150400,5.75,5.65625,4.190882682800293
05-07-1994,5.5,5.6875,72400,5.6875,5.5,4.075112342834473
06-07-1994,5.46875,5.5,182800,5.6875,5.6875,4.2140374183654785
07-07-1994,5.59375,5.71875,36000,5.71875,5.59375,4.1445722579956055
08-07-1994,5.5,5.5625,24000,5.59375,5.5,4.075112342834473
11-07-1994,5.5,5.53125,51600,5.5625,5.5625,4.127050399780273
12-07-1994,5.5,5.5625,98800,5.59375,5.5625,4.127050399780273
13-07-1994,5.40625,5.59375,277200,5.65625,5.5,4.080676555633545
14-07-1994,5.4375,5.53125,72800,5.53125,5.4375,4.034307956695557
15-07-1994,5.34375,5.40625,68800,5.40625,5.375,3.9879348278045654
18-07-1994,5.3125,5.4375,261600,5.46875,5.46875,4.057492733001709
19-07-1994,5.375,5.4375,143200,5.4375,5.375,3.9879348278045654
20-07-1994,5.3125,5.40625,31600,5.40625,5.3125,3.941563129425049
21-07-1994,5.1875,5.1875,230800,5.34375,5.34375,3.964747190475464
22-07-1994,5.1875,5.3125,37600,5.3125,5.21875,3.872006416320801
25-07-1994,5.03125,5.25,187200,5.25,5.03125,3.7328908443450928
26-07-1994,4.9375,5.0625,230000,5.0625,4.96875,3.6865203380584717
27-07-1994,4.90625,5.0,551200,5.03125,4.9375,3.663337469100952
28-07-1994,4.9375,4.9375,342800,5.0,5.0,3.7097055912017822
29-07-1994,4.96875,5.0,209600,5.0,4.96875,3.6865203380584717
01-08-1994,4.9375,4.9375,620000,5.0,5.0,3.7097055912017822
02-08-1994,4.9375,4.96875,216400,5.0,5.0,3.7097055912017822
03-08-1994,4.90625,4.96875,430800,5.03125,5.0,3.7097055912017822
04-08-1994,4.9375,4.96875,156400,5.0625,5.0,3.7097055912017822
05-08-1994,4.78125,4.96875,233200,5.0,4.78125,3.547408103942871
08-08-1994,4.8125,4.84375,731600,4.90625,4.84375,3.5937798023223877
09-08-1994,4.78125,4.8125,1479200,5.0,5.0,3.7097055912017822
10-08-1994,5.03125,5.0625,600000,5.125,5.0625,3.756077289581299
11-08-1994,4.96875,5.03125,326800,5.09375,4.96875,3.6865203380584717
12-08-1994,4.9375,4.96875,558400,5.03125,5.0,3.7097055912017822
15-08-1994,4.96875,5.0,71600,5.0625,4.96875,3.6865203380584717
16-08-1994,4.9375,5.0,300800,5.0,4.9375,3.663337469100952
17-08-1994,4.90625,4.9375,148800,5.0,4.96875,3.6865203380584717
18-08-1994,4.90625,4.96875,228400,4.96875,4.9375,3.663337469100952
19-08-1994,4.90625,4.9375,330400,4.953125,4.90625,3.640151023864746
22-08-1994,4.8125,4.9375,137200,4.9375,4.8125,3.570591449737549
23-08-1994,4.78125,4.875,459200,4.90625,4.84375,3.5937798023223877
24-08-1994,4.875,4.875,956000,5.03125,4.9375,3.663337469100952
25-08-1994,4.75,4.96875,773200,4.96875,4.78125,3.547408103942871
26-08-1994,4.65625,4.8125,1071600,4.875,4.8125,3.570591449737549
29-08-1994,4.625,4.875,1677600,4.875,4.71875,3.5010368824005127
30-08-1994,4.6875,4.71875,976800,4.8125,4.8125,3.570591449737549
31-08-1994,4.75,4.8125,1103600,4.90625,4.8125,3.570591449737549
01-09-1994,4.78125,4.78125,967600,4.875,4.84375,3.5937798023223877
02-09-1994,4.84375,4.90625,250400,4.9375,4.9375,3.663337469100952
06-09-1994,4.875,4.90625,397200,5.03125,5.03125,3.7328908443450928
07-09-1994,5.0625,5.0625,1347600,5.25,5.1875,3.848820209503174
08-09-1994,5.125,5.125,1925200,5.4375,5.4375,4.034307956695557
09-09-1994,5.125,5.375,1384800,5.375,5.125,3.802450180053711
12-09-1994,5.125,5.1875,572800,5.21875,5.125,3.802450180053711
13-09-1994,5.125,5.15625,136400,5.1875,5.15625,3.8256330490112305
14-09-1994,5.125,5.125,378800,5.25,5.25,3.8951895236968994
15-09-1994,5.21875,5.25,1040800,5.3125,5.25,3.8951895236968994
16-09-1994,5.25,5.28125,429600,5.375,5.375,3.9879348278045654
19-09-1994,5.25,5.375,374400,5.375,5.25,3.8951895236968994
20-09-1994,5.0,5.1875,248400,5.1875,5.125,3.802450180053711
21-09-1994,4.9375,5.125,303200,5.125,5.0,3.7097055912017822
22-09-1994,5.0,5.0625,68000,5.0625,5.0,3.7097055912017822
23-09-1994,5.0625,5.0625,456000,5.21875,5.1875,3.848820209503174
26-09-1994,5.15625,5.15625,168800,5.25,5.25,3.8951895236968994
27-09-1994,5.15625,5.21875,271200,5.21875,5.1875,3.848820209503174
28-09-1994,5.15625,5.1875,45600,5.21875,5.15625,3.8256330490112305
29-09-1994,5.125,5.1875,135200,5.1875,5.15625,3.8256330490112305
30-09-1994,5.0625,5.1875,63600,5.1875,5.09375,3.7792630195617676
03-10-1994,5.0625,5.09375,100000,5.125,5.0625,3.756077289581299
04-10-1994,4.96875,5.09375,256800,5.09375,4.96875,3.6865203380584717
05-10-1994,4.96875,4.96875,100400,5.03125,5.03125,3.7328908443450928
06-10-1994,5.03125,5.0625,187200,5.125,5.0625,3.756077289581299
07-10-1994,5.09375,5.09375,220000,5.3125,5.28125,3.924191951751709
10-10-1994,5.28125,5.28125,344000,5.375,5.3125,3.94740891456604
11-10-1994,5.3125,5.3125,328800,5.375,5.3125,3.94740891456604
12-10-1994,5.15625,5.25,155600,5.25,5.15625,3.831310510635376
13-10-1994,5.1875,5.21875,285600,5.28125,5.25,3.900972604751587
14-10-1994,5.1875,5.25,151200,5.25,5.25,3.900972604751587
17-10-1994,5.25,5.3125,88000,5.3125,5.25,3.900972604751587
18-10-1994,5.25,5.25,153200,5.375,5.375,3.993849515914917
19-10-1994,5.34375,5.34375,236000,5.4375,5.34375,3.9706337451934814
20-10-1994,5.21875,5.3125,174000,5.34375,5.25,3.900972604751587
21-10-1994,5.1875,5.1875,66800,5.25,5.21875,3.8777499198913574
24-10-1994,5.1875,5.25,72800,5.34375,5.3125,3.94740891456604
25-10-1994,5.1875,5.3125,243200,5.34375,5.25,3.900972604751587
26-10-1994,5.21875,5.25,512800,5.40625,5.40625,4.0170722007751465
27-10-1994,5.375,5.375,1548800,5.625,5.53125,4.109950065612793
28-10-1994,5.46875,5.5,638000,5.6875,5.65625,4.202831268310547
31-10-1994,5.5,5.625,102000,5.625,5.53125,4.109950065612793
01-11-1994,5.46875,5.53125,71200,5.5625,5.5625,4.133172035217285
02-11-1994,5.4375,5.53125,349600,5.53125,5.46875,4.063512325286865
03-11-1994,5.46875,5.5,54000,5.5625,5.53125,4.109950065612793
04-11-1994,5.46875,5.46875,237600,5.53125,5.46875,4.063512325286865
07-11-1994,5.4375,5.5,145600,5.5,5.4375,4.040292263031006
08-11-1994,5.375,5.40625,126800,5.4375,5.40625,4.0170722007751465
09-11-1994,5.4375,5.4375,328400,5.46875,5.4375,4.040292263031006
10-11-1994,5.4375,5.4375,60800,5.46875,5.4375,4.040292263031006
11-11-1994,5.34375,5.4375,80800,5.46875,5.34375,3.9706337451934814
14-11-1994,5.21875,5.3125,125600,5.3125,5.25,3.900972604751587
15-11-1994,5.21875,5.25,166400,5.28125,5.28125,3.924191951751709
16-11-1994,5.15625,5.21875,154800,5.25,5.15625,3.831310510635376
17-11-1994,4.90625,5.09375,990400,5.09375,4.96875,3.6919894218444824
18-11-1994,4.625,4.90625,1564800,4.90625,4.78125,3.5526692867279053
21-11-1994,4.71875,4.8125,789600,4.84375,4.75,3.5294501781463623
22-11-1994,4.625,4.6875,559600,4.71875,4.6875,3.4830105304718018
23-11-1994,4.5,4.71875,952400,4.71875,4.59375,3.4133501052856445
25-11-1994,4.53125,4.5625,45600,4.59375,4.53125,3.366908550262451
28-11-1994,4.46875,4.59375,1295600,4.59375,4.53125,3.366908550262451
29-11-1994,4.46875,4.53125,1277200,4.625,4.59375,3.4133501052856445
30-11-1994,4.53125,4.625,410400,4.625,4.53125,3.366908550262451
01-12-1994,4.5,4.53125,507600,4.65625,4.625,3.436570167541504
02-12-1994,4.625,4.625,588000,4.6875,4.625,3.436570167541504
05-12-1994,4.375,4.59375,1013600,4.65625,4.375,3.2508084774017334
06-12-1994,4.375,4.375,664400,4.4375,4.375,3.2508084774017334
07-12-1994,4.34375,4.375,218400,4.5625,4.5625,3.3901314735412598
08-12-1994,4.53125,4.53125,552800,4.8125,4.6875,3.4830105304718018
09-12-1994,4.5625,4.625,588400,4.625,4.59375,3.4133501052856445
12-12-1994,4.625,4.625,519200,4.6875,4.65625,3.459787607192993
13-12-1994,4.65625,4.65625,408000,4.78125,4.75,3.5294501781463623
14-12-1994,4.78125,4.78125,529200,4.96875,4.9375,3.668769598007202
15-12-1994,4.8125,4.96875,116000,4.96875,4.84375,3.5991098880767822
16-12-1994,4.8125,4.84375,312800,4.875,4.84375,3.5991098880767822
19-12-1994,4.75,4.84375,426800,4.84375,4.8125,3.5758914947509766
20-12-1994,4.625,4.75,305200,4.8125,4.65625,3.459787607192993
21-12-1994,4.59375,4.6875,634400,4.6875,4.625,3.436570167541504
22-12-1994,4.53125,4.65625,284000,4.65625,4.53125,3.366908550262451
23-12-1994,4.53125,4.5625,29600,4.59375,4.5625,3.3901314735412598
27-12-1994,4.4375,4.59375,209600,4.59375,4.5,3.343688488006592
28-12-1994,4.5,4.5,228800,4.59375,4.59375,3.4133501052856445
29-12-1994,4.65625,4.65625,221200,4.8125,4.71875,3.5062294006347656
30-12-1994,4.6875,4.71875,150400,4.78125,4.6875,3.4830105304718018
03-01-1995,4.65625,4.75,129600,4.78125,4.75,3.5294501781463623
04-01-1995,4.6875,4.75,68400,4.8125,4.71875,3.5062294006347656
05-01-1995,4.59375,4.65625,260000,4.6875,4.65625,3.459787607192993
06-01-1995,4.5,4.6875,404800,4.6875,4.5625,3.3901314735412598
09-01-1995,4.46875,4.53125,613600,4.5625,4.46875,3.325934648513794
10-01-1995,4.3125,4.4375,289600,4.4375,4.3125,3.2096452713012695
11-01-1995,4.3125,4.3125,124800,4.40625,4.40625,3.2794203758239746
12-01-1995,4.3125,4.375,374400,4.4375,4.3125,3.2096452713012695
13-01-1995,4.28125,4.3125,66800,4.40625,4.375,3.2561612129211426
16-01-1995,4.28125,4.3125,480800,4.328125,4.3125,3.2096452713012695
17-01-1995,4.3125,4.3125,437600,4.4375,4.40625,3.2794203758239746
18-01-1995,4.40625,4.40625,606000,4.59375,4.5625,3.3957128524780273
19-01-1995,4.5,4.5625,248000,4.5625,4.5,3.3491947650909424
20-01-1995,4.5,4.53125,76400,4.53125,4.53125,3.3724546432495117
23-01-1995,4.375,4.46875,128800,4.5,4.375,3.2561612129211426
24-01-1995,4.375,4.375,345600,4.5625,4.53125,3.3724546432495117
25-01-1995,4.46875,4.53125,129600,4.53125,4.5,3.3491947650909424
26-01-1995,4.5,4.5,145200,4.625,4.625,3.4422271251678467
27-01-1995,4.5,4.5625,512000,4.59375,4.53125,3.3724546432495117
30-01-1995,4.4375,4.53125,193200,4.53125,4.46875,3.325934648513794
31-01-1995,4.4375,4.4375,186400,4.53125,4.4375,3.302678346633911
01-02-1995,4.4375,4.4375,46000,4.5,4.46875,3.325934648513794
02-02-1995,4.4375,4.46875,41600,4.5,4.46875,3.325934648513794
03-02-1995,4.4375,4.5,243600,4.53125,4.5,3.3491947650909424
06-02-1995,4.5625,4.625,651200,4.8125,4.75,3.5352606773376465
07-02-1995,4.6875,4.8125,437200,4.8125,4.6875,3.4887442588806152
08-02-1995,4.71875,4.71875,549600,4.8125,4.75,3.5352606773376465
09-02-1995,4.6875,4.78125,278800,4.78125,4.6875,3.4887442588806152
10-02-1995,4.6875,4.71875,243600,4.78125,4.78125,3.5585215091705322
13-02-1995,4.8125,4.8125,264800,4.90625,4.84375,3.6050360202789307
14-02-1995,4.75,4.84375,137600,4.84375,4.84375,3.6050360202789307
15-02-1995,4.8125,4.84375,277200,4.96875,4.9375,3.6748130321502686
16-02-1995,4.9375,4.9375,477600,5.03125,5.0,3.721327543258667
17-02-1995,5.0,5.0,261200,5.125,5.125,3.8143606185913086
21-02-1995,5.09375,5.125,92400,5.125,5.125,3.8143606185913086
22-02-1995,5.0625,5.09375,214400,5.125,5.09375,3.7911019325256348
23-02-1995,5.0625,5.125,348800,5.15625,5.15625,3.8376195430755615
24-02-1995,5.09375,5.15625,281200,5.15625,5.125,3.8143606185913086
27-02-1995,5.09375,5.125,381600,5.15625,5.15625,3.8376195430755615
28-02-1995,5.15625,5.1875,322400,5.21875,5.21875,3.8841359615325928
01-03-1995,5.15625,5.1875,70800,5.1875,5.15625,3.8376195430755615
02-03-1995,5.15625,5.15625,218800,5.25,5.25,3.90739369392395
03-03-1995,5.21875,5.25,259600,5.28125,5.25,3.90739369392395
06-03-1995,5.15625,5.25,236400,5.25,5.21875,3.8841359615325928
07-03-1995,5.125,5.25,405200,5.25,5.125,3.8143606185913086
08-03-1995,5.125,5.15625,442800,5.28125,5.21875,3.8841359615325928
09-03-1995,5.1875,5.25,179600,5.28125,5.28125,3.9306514263153076
10-03-1995,5.15625,5.25,170400,5.25,5.15625,3.8376195430755615
13-03-1995,5.15625,5.1875,100800,5.21875,5.1875,3.8608758449554443
14-03-1995,5.1875,5.1875,101600,5.25,5.25,3.90739369392395
15-03-1995,5.25,5.25,317200,5.34375,5.3125,3.9539072513580322
16-03-1995,5.28125,5.28125,635600,5.5,5.4375,4.046942234039307
17-03-1995,5.3125,5.40625,492800,5.5,5.4375,4.046942234039307
20-03-1995,5.28125,5.40625,426800,5.5,5.34375,3.977169990539551
21-03-1995,5.25,5.3125,159600,5.3125,5.25,3.90739369392395
22-03-1995,5.28125,5.3125,349200,5.375,5.3125,3.9539072513580322
23-03-1995,5.3125,5.34375,279600,5.4375,5.40625,4.023684501647949
24-03-1995,5.28125,5.40625,696000,5.40625,5.3125,3.9539072513580322
27-03-1995,5.3125,5.34375,314400,5.5,5.5,4.0934576988220215
28-03-1995,5.5,5.5,268800,5.5625,5.5625,4.1399760246276855
29-03-1995,5.5625,5.5625,458000,5.6875,5.625,4.186494827270508
30-03-1995,5.65625,5.65625,414400,5.875,5.875,4.372559547424316
31-03-1995,5.90625,5.90625,1336800,6.21875,6.15625,4.581884860992432
03-04-1995,5.96875,6.15625,1253600,6.15625,5.96875,4.442334175109863
04-04-1995,5.84375,5.96875,666000,5.96875,5.875,4.372559547424316
05-04-1995,5.84375,5.875,1044800,5.96875,5.90625,4.395817756652832
06-04-1995,5.71875,5.875,704000,5.875,5.71875,4.2562689781188965
07-04-1995,5.625,5.6875,227600,5.75,5.625,4.19199275970459
10-04-1995,5.59375,5.59375,525600,5.75,5.75,4.285144805908203
11-04-1995,5.6875,5.78125,668400,5.78125,5.75,4.285144805908203
12-04-1995,5.71875,5.75,110400,5.78125,5.78125,4.308433532714844
13-04-1995,5.75,5.8125,191600,5.875,5.75,4.285144805908203
17-04-1995,5.75,5.78125,133200,5.8125,5.75,4.285144805908203
18-04-1995,5.5625,5.75,805200,5.75,5.5625,4.145412921905518
19-04-1995,5.53125,5.59375,182400,5.625,5.625,4.19199275970459
20-04-1995,5.625,5.625,356000,5.78125,5.78125,4.308433532714844
21-04-1995,5.8125,5.8125,1894000,6.1875,6.09375,4.541323184967041
24-04-1995,5.9375,6.125,940800,6.1875,5.9375,4.424878120422363
25-04-1995,5.84375,5.875,103200,5.90625,5.84375,4.355014324188232
26-04-1995,5.71875,5.875,144000,5.875,5.78125,4.308433532714844
27-04-1995,5.65625,5.78125,390800,5.78125,5.65625,4.215278148651123
28-04-1995,5.6875,5.71875,266400,5.71875,5.71875,4.26185941696167
01-05-1995,5.71875,5.75,529200,5.78125,5.75,4.285144805908203
02-05-1995,5.6875,5.75,406400,5.75,5.75,4.285144805908203
03-05-1995,5.75,5.75,199600,5.8125,5.75,4.285144805908203
04-05-1995,5.6875,5.75,215200,5.75,5.71875,4.26185941696167
05-05-1995,5.65625,5.6875,289200,5.75,5.65625,4.215278148651123
08-05-1995,5.625,5.65625,224000,5.6875,5.65625,4.215278148651123
09-05-1995,5.625,5.65625,509200,5.8125,5.8125,4.331724166870117
10-05-1995,5.78125,5.78125,706400,5.9375,5.9375,4.424878120422363
11-05-1995,5.78125,5.90625,222000,5.90625,5.8125,4.331724166870117
12-05-1995,5.75,5.8125,38800,5.8125,5.78125,4.308433532714844
15-05-1995,5.78125,5.8125,279600,5.875,5.875,4.378303050994873
16-05-1995,5.84375,5.90625,43200,5.9375,5.84375,4.355014324188232
17-05-1995,5.78125,5.84375,295600,5.84375,5.8125,4.331724166870117
18-05-1995,5.65625,5.8125,107600,5.8125,5.71875,4.26185941696167
19-05-1995,5.71875,5.71875,130800,5.75,5.75,4.285144805908203
22-05-1995,5.6875,5.75,64000,5.75,5.6875,4.2385711669921875
23-05-1995,5.71875,5.71875,340800,5.90625,5.875,4.378303050994873
24-05-1995,5.84375,5.875,449200,6.09375,6.09375,4.541323184967041
25-05-1995,6.0,6.03125,798400,6.125,6.0625,4.518033027648926
26-05-1995,5.9375,6.0625,177600,6.0625,5.96875,4.4481682777404785
30-05-1995,5.9375,5.9375,303600,6.03125,6.03125,4.494744777679443
31-05-1995,6.0,6.0625,254800,6.0625,6.0625,4.518033027648926
01-06-1995,6.03125,6.0625,26000,6.09375,6.03125,4.494744777679443
02-06-1995,5.9375,6.0625,201600,6.09375,5.96875,4.4481682777404785
05-06-1995,5.96875,6.0,137600,6.0,6.0,4.471458911895752
06-06-1995,5.875,6.0,53200,6.0,5.90625,4.401591777801514
07-06-1995,5.8125,5.9375,307600,5.9375,5.8125,4.331724166870117
08-06-1995,5.75,5.8125,242000,5.8125,5.78125,4.308433532714844
09-06-1995,5.75,5.78125,652000,5.8125,5.78125,4.308433532714844
12-06-1995,5.71875,5.78125,188000,5.78125,5.75,4.285144805908203
13-06-1995,5.6875,5.6875,119200,5.71875,5.71875,4.26185941696167
14-06-1995,5.71875,5.78125,300400,5.78125,5.78125,4.308433532714844
15-06-1995,5.71875,5.75,186800,5.8125,5.8125,4.331724166870117
16-06-1995,5.6875,5.8125,190000,5.8125,5.6875,4.2385711669921875
19-06-1995,5.59375,5.65625,399600,5.71875,5.6875,4.2385711669921875
20-06-1995,5.34375,5.71875,788000,5.71875,5.34375,3.9823923110961914
21-06-1995,5.1875,5.34375,494400,5.34375,5.21875,3.88923716545105
22-06-1995,5.0625,5.21875,762800,5.21875,5.15625,3.8426601886749268
23-06-1995,5.1875,5.1875,2558400,5.34375,5.3125,3.959099292755127
26-06-1995,5.25,5.28125,352400,5.375,5.34375,3.9823923110961914
27-06-1995,5.3125,5.3125,496800,5.4375,5.40625,4.028968334197998
28-06-1995,5.21875,5.375,1011200,5.375,5.25,3.912525177001953
29-06-1995,5.1875,5.25,250400,5.25,5.1875,3.8659472465515137
30-06-1995,5.21875,5.21875,653600,5.4375,5.4375,4.052257061004639
03-07-1995,5.34375,5.40625,317600,5.46875,5.46875,4.0755486488342285
05-07-1995,5.28125,5.4375,124000,5.4375,5.28125,3.9358129501342773
06-07-1995,5.21875,5.25,680800,5.28125,5.25,3.912525177001953
07-07-1995,5.21875,5.25,272400,5.25,5.25,3.912525177001953
10-07-1995,5.125,5.28125,638400,5.3125,5.125,3.8193697929382324
11-07-1995,5.0,5.125,582000,5.28125,5.15625,3.8426601886749268
12-07-1995,5.1875,5.1875,335600,5.28125,5.25,3.9182236194610596
13-07-1995,5.21875,5.375,817600,5.4375,5.21875,3.894902467727661
14-07-1995,5.15625,5.25,286000,5.28125,5.1875,3.8715786933898926
17-07-1995,5.15625,5.1875,460400,5.25,5.21875,3.894902467727661
18-07-1995,5.21875,5.21875,77600,5.28125,5.28125,3.941545248031616
19-07-1995,5.1875,5.25,132000,5.28125,5.25,3.9182236194610596
20-07-1995,5.25,5.25,379200,5.375,5.28125,3.941545248031616
21-07-1995,5.21875,5.28125,248000,5.375,5.34375,3.988192558288574
24-07-1995,5.3125,5.3125,176400,5.40625,5.375,4.0115132331848145
25-07-1995,5.40625,5.40625,344000,5.46875,5.4375,4.058159828186035
26-07-1995,5.34375,5.40625,244000,5.40625,5.34375,3.988192558288574
27-07-1995,5.21875,5.28125,758000,5.375,5.28125,3.941545248031616
28-07-1995,5.25,5.3125,111600,5.375,5.375,4.0115132331848145
31-07-1995,5.34375,5.34375,217200,5.4375,5.40625,4.0348381996154785
01-08-1995,5.1875,5.375,532800,5.375,5.21875,3.894902467727661
02-08-1995,5.1875,5.21875,302000,5.25,5.21875,3.894902467727661
03-08-1995,5.125,5.1875,552400,5.34375,5.34375,3.988192558288574
04-08-1995,5.28125,5.34375,558800,5.34375,5.34375,3.988192558288574
07-08-1995,5.34375,5.375,101600,5.40625,5.375,4.0115132331848145
08-08-1995,5.34375,5.40625,305200,5.4375,5.34375,3.988192558288574
09-08-1995,5.3125,5.40625,703200,5.40625,5.3125,3.9648654460906982
10-08-1995,5.1875,5.3125,166000,5.34375,5.1875,3.8715786933898926
11-08-1995,5.15625,5.15625,349600,5.3125,5.3125,3.9648654460906982
14-08-1995,5.25,5.34375,134400,5.34375,5.25,3.9182236194610596
15-08-1995,5.25,5.3125,108800,5.34375,5.25,3.9182236194610596
16-08-1995,5.125,5.21875,242000,5.21875,5.21875,3.894902467727661
17-08-1995,5.1875,5.1875,371600,5.3125,5.28125,3.941545248031616
18-08-1995,5.28125,5.28125,542400,5.5,5.40625,4.0348381996154785
21-08-1995,5.40625,5.46875,575600,5.5,5.40625,4.0348381996154785
22-08-1995,5.4375,5.4375,362400,5.53125,5.53125,4.128129959106445
23-08-1995,5.5625,5.5625,317600,5.71875,5.625,4.1980977058410645
24-08-1995,5.46875,5.59375,2007200,5.625,5.5,4.104804039001465
25-08-1995,5.5,5.5,160000,5.53125,5.5,4.104804039001465
28-08-1995,5.46875,5.5,280000,5.5625,5.53125,4.128129959106445
29-08-1995,5.5,5.53125,56400,5.5625,5.53125,4.128129959106445
30-08-1995,5.625,5.625,290400,5.65625,5.65625,4.221418380737305
31-08-1995,5.6875,5.6875,116800,5.84375,5.8125,4.338033199310303
01-09-1995,5.84375,5.84375,431200,5.96875,5.96875,4.454646110534668
05-09-1995,5.90625,5.96875,545200,6.03125,6.03125,4.501290798187256
06-09-1995,5.90625,5.96875,415600,6.0,6.0,4.47797155380249
07-09-1995,5.78125,6.0,284000,6.03125,6.03125,4.501290798187256
08-09-1995,5.9375,6.03125,248000,6.09375,5.9375,4.431323051452637
11-09-1995,5.9375,5.96875,230800,6.03125,6.03125,4.501290798187256
12-09-1995,5.90625,6.0,312400,6.15625,6.15625,4.594584941864014
13-09-1995,6.03125,6.125,547600,6.125,6.0625,4.524614334106445
14-09-1995,5.9375,6.03125,348000,6.09375,6.09375,4.547937870025635
15-09-1995,6.0625,6.0625,221200,6.1875,6.1875,4.617907524108887
18-09-1995,6.125,6.15625,490000,6.34375,6.21875,4.641226768493652
19-09-1995,6.0,6.15625,504800,6.1875,6.15625,4.594584941864014
20-09-1995,6.0,6.125,284800,6.125,6.0,4.47797155380249
21-09-1995,5.9375,6.0625,451200,6.0625,6.03125,4.501290798187256
22-09-1995,5.78125,6.03125,143600,6.03125,5.875,4.384680271148682
25-09-1995,5.75,5.84375,183200,5.84375,5.78125,4.314708709716797
26-09-1995,5.65625,5.78125,232000,5.78125,5.65625,4.221418380737305
27-09-1995,5.625,5.6875,229200,5.75,5.75,4.29138708114624
28-09-1995,5.625,5.8125,263600,5.96875,5.625,4.1980977058410645
29-09-1995,5.4375,5.59375,635600,5.59375,5.4375,4.058159828186035
02-10-1995,5.4375,5.46875,548400,5.6875,5.59375,4.174774169921875
03-10-1995,5.5625,5.5625,304400,5.6875,5.65625,4.221418380737305
04-10-1995,5.5625,5.625,230800,5.65625,5.65625,4.221418380737305
05-10-1995,5.5,5.625,76800,5.625,5.53125,4.128129959106445
06-10-1995,5.5,5.5,259200,5.5625,5.5625,4.1514506340026855
09-10-1995,5.5,5.59375,48000,5.59375,5.5,4.104804039001465
10-10-1995,5.375,5.46875,109600,5.46875,5.375,4.0115132331848145
11-10-1995,5.34375,5.375,166000,5.40625,5.34375,3.988192558288574
12-10-1995,5.34375,5.375,620000,5.5625,5.5,4.110575199127197
13-10-1995,5.5,5.5,227200,5.59375,5.53125,4.133930683135986
16-10-1995,5.40625,5.53125,188800,5.53125,5.46875,4.087220191955566
17-10-1995,5.40625,5.4375,398400,5.5,5.5,4.110575199127197
18-10-1995,5.25,5.4375,1966400,5.46875,5.25,3.923732042312622
19-10-1995,5.21875,5.21875,1503600,5.3125,5.21875,3.9003748893737793
20-10-1995,5.125,5.25,333600,5.25,5.125,3.8303112983703613
23-10-1995,5.0,5.15625,608000,5.15625,5.0,3.7368884086608887
24-10-1995,4.90625,5.0,1186800,5.0,4.9375,3.6901776790618896
25-10-1995,4.71875,4.9375,658400,4.9375,4.71875,3.5266871452331543
26-10-1995,4.6875,4.75,439600,4.8125,4.71875,3.5266871452331543
27-10-1995,4.71875,4.71875,352000,4.875,4.875,3.6434648036956787
30-10-1995,4.9375,4.9375,646800,5.0,4.96875,3.713531970977783
31-10-1995,4.96875,5.0,314800,5.03125,5.0,3.7368884086608887
01-11-1995,5.0,5.0,390800,5.03125,5.0,3.7368884086608887
02-11-1995,4.9375,4.96875,42800,5.0,4.9375,3.6901776790618896
03-11-1995,4.875,4.875,165600,4.96875,4.96875,3.713531970977783
06-11-1995,4.90625,4.96875,63600,4.96875,4.90625,3.666820764541626
07-11-1995,4.9375,4.9375,476400,5.03125,5.03125,3.7602429389953613
08-11-1995,4.875,4.96875,907200,5.0,5.0,3.7368884086608887
09-11-1995,5.03125,5.09375,1176400,5.15625,5.03125,3.7602429389953613
10-11-1995,4.90625,5.03125,550000,5.03125,4.90625,3.666820764541626
13-11-1995,4.9375,4.96875,446800,5.09375,5.09375,3.8069519996643066
14-11-1995,4.9375,5.03125,1045600,5.0625,4.96875,3.713531970977783
15-11-1995,4.96875,4.96875,228000,5.03125,5.0,3.7368884086608887
16-11-1995,5.03125,5.03125,1046400,5.4375,5.375,4.017154216766357
17-11-1995,5.375,5.40625,906800,5.40625,5.40625,4.040509223937988
20-11-1995,5.1875,5.40625,585600,5.40625,5.1875,3.8770217895507812
21-11-1995,5.1875,5.21875,363200,5.375,5.34375,3.9937984943389893
22-11-1995,5.34375,5.375,432800,5.40625,5.40625,4.040509223937988
24-11-1995,5.3125,5.40625,229200,5.40625,5.3125,3.970442771911621
27-11-1995,5.125,5.21875,851200,5.21875,5.1875,3.8770217895507812
28-11-1995,5.1875,5.1875,315200,5.28125,5.25,3.923732042312622
29-11-1995,5.21875,5.28125,28800,5.28125,5.21875,3.9003748893737793
30-11-1995,5.1875,5.28125,311200,5.28125,5.25,3.923732042312622
01-12-1995,5.25,5.25,308400,5.34375,5.28125,3.947087287902832
04-12-1995,5.125,5.3125,1056000,5.3125,5.3125,3.970442771911621
05-12-1995,5.3125,5.3125,461200,5.375,5.375,4.017154216766357
06-12-1995,5.40625,5.40625,685200,5.4375,5.4375,4.063862323760986
07-12-1995,5.4375,5.4375,720400,5.5,5.5,4.110575199127197
08-12-1995,5.4375,5.46875,18838800,5.65625,5.65625,4.227352142333984
11-12-1995,5.71875,5.8125,5631200,5.875,5.875,4.390841484069824
12-12-1995,5.8125,5.875,2874000,5.90625,5.875,4.390841484069824
13-12-1995,5.84375,5.875,3176800,6.09375,6.0,4.484263896942139
14-12-1995,5.90625,6.03125,2280000,6.09375,5.90625,4.414198875427246
15-12-1995,5.875,6.1875,1721200,6.21875,6.0,4.484263896942139
18-12-1995,5.8125,5.9375,974000,5.96875,5.96875,4.460908889770508
19-12-1995,5.875,5.96875,876000,6.0625,6.0625,4.530973434448242
20-12-1995,6.03125,6.0625,2001200,6.21875,6.03125,4.507619857788086
21-12-1995,6.0,6.03125,1896800,6.125,6.03125,4.507619857788086
22-12-1995,5.9375,6.09375,1115600,6.15625,6.03125,4.507619857788086
26-12-1995,6.03125,6.09375,490800,6.09375,6.03125,4.507619857788086
27-12-1995,5.9375,6.03125,582000,6.03125,5.9375,4.437553405761719
28-12-1995,5.90625,5.90625,1150800,6.15625,6.15625,4.601041793823242
29-12-1995,5.9375,6.1875,677200,6.1875,6.0,4.484263896942139
02-01-1996,6.03125,6.0625,579600,6.125,6.09375,4.554329872131348
03-01-1996,5.875,6.125,1148000,6.125,5.96875,4.460908889770508
04-01-1996,5.9375,5.96875,1644000,6.0625,5.96875,4.460908889770508
05-01-1996,5.9375,5.9375,680800,6.09375,6.0625,4.530973434448242
08-01-1996,6.0625,6.0625,779200,6.125,6.125,4.577686786651611
09-01-1996,5.9375,6.15625,948400,6.15625,6.0,4.484263896942139
10-01-1996,5.84375,6.0,516400,6.03125,5.96875,4.460908889770508
11-01-1996,5.6875,5.8125,1618400,5.8125,5.78125,4.326214790344238
12-01-1996,5.75,5.75,555200,5.8125,5.8125,4.349596977233887
15-01-1996,5.75,5.875,1159200,5.875,5.75,4.30282735824585
16-01-1996,5.71875,5.75,1683200,5.8125,5.75,4.30282735824585
17-01-1996,5.59375,5.75,2281600,5.78125,5.75,4.30282735824585
18-01-1996,5.71875,5.75,504000,5.78125,5.78125,4.326214790344238
19-01-1996,5.75,5.8125,803200,5.84375,5.75,4.30282735824585
22-01-1996,5.78125,5.78125,545600,5.875,5.875,4.39636754989624
23-01-1996,5.78125,5.84375,426400,5.90625,5.78125,4.326214790344238
24-01-1996,5.78125,5.8125,539600,5.96875,5.875,4.39636754989624
25-01-1996,5.875,5.875,693600,5.96875,5.9375,4.443135738372803
26-01-1996,5.875,5.90625,1880000,5.90625,5.875,4.39636754989624
29-01-1996,5.875,5.90625,1636800,6.0,6.0,4.489908695220947
30-01-1996,5.96875,6.0,970800,6.03125,6.03125,4.513290882110596
31-01-1996,5.96875,6.03125,650000,6.125,6.09375,4.560060977935791
01-02-1996,6.125,6.125,2182400,6.3125,6.21875,4.653600692749023
02-02-1996,6.125,6.15625,1204000,6.25,6.15625,4.6068315505981445
05-02-1996,6.0625,6.09375,923200,6.15625,6.09375,4.560060977935791
06-02-1996,6.03125,6.09375,938400,6.125,6.03125,4.513290882110596
07-02-1996,6.0625,6.09375,838800,6.15625,6.125,4.5834455490112305
08-02-1996,6.125,6.125,705600,6.25,6.1875,4.630214691162109
09-02-1996,6.125,6.1875,1770400,6.28125,6.25,4.676986217498779
12-02-1996,6.15625,6.25,4923200,6.65625,6.53125,4.887451648712158
13-02-1996,6.25,6.59375,3442800,6.59375,6.34375,4.747140884399414
14-02-1996,6.375,6.375,1570000,6.625,6.5625,4.91083288192749
15-02-1996,6.53125,6.53125,1637600,6.9375,6.90625,5.168069362640381
16-02-1996,6.65625,7.125,2182000,7.125,6.75,5.051145553588867
20-02-1996,6.5625,6.625,421200,6.71875,6.625,4.957603931427002
21-02-1996,6.53125,6.5625,1553600,6.71875,6.71875,5.027760028839111
22-02-1996,6.59375,6.6875,1300800,6.75,6.6875,5.004373073577881
23-02-1996,6.5625,6.65625,660000,6.75,6.71875,5.027760028839111
26-02-1996,6.5625,6.625,556400,6.65625,6.59375,4.934220790863037
27-02-1996,6.5,6.53125,532800,6.625,6.59375,4.934220790863037
28-02-1996,6.40625,6.59375,2225600,6.71875,6.40625,4.793908596038818
29-02-1996,6.1875,6.4375,956000,6.4375,6.25,4.676986217498779
01-03-1996,6.25,6.25,402800,6.34375,6.25,4.676986217498779
04-03-1996,6.1875,6.25,809200,6.34375,6.3125,4.723755359649658
05-03-1996,6.15625,6.25,574000,6.25,6.25,4.676986217498779
06-03-1996,6.1875,6.21875,830000,6.40625,6.40625,4.793908596038818
07-03-1996,6.3125,6.375,1132000,6.40625,6.375,4.7705254554748535
08-03-1996,6.1875,6.1875,278400,6.28125,6.21875,4.653600692749023
11-03-1996,6.09375,6.1875,1366400,6.1875,6.15625,4.6068315505981445
12-03-1996,6.09375,6.125,1108400,6.15625,6.125,4.5834455490112305
13-03-1996,6.125,6.125,1038800,6.1875,6.1875,4.630214691162109
14-03-1996,6.25,6.25,2724800,6.40625,6.3125,4.723755359649658
15-03-1996,6.0,6.25,1051600,6.25,6.0625,4.536674976348877
18-03-1996,6.0625,6.09375,4547200,6.375,6.375,4.7705254554748535
19-03-1996,6.34375,6.375,473600,6.4375,6.34375,4.747140884399414
20-03-1996,6.1875,6.375,223600,6.375,6.1875,4.630214691162109
21-03-1996,6.125,6.1875,936800,6.28125,6.125,4.5834455490112305
22-03-1996,6.09375,6.15625,1019600,6.1875,6.09375,4.560060977935791
25-03-1996,6.0625,6.0625,907200,6.28125,6.28125,4.700371265411377
26-03-1996,6.25,6.28125,216800,6.3125,6.3125,4.723755359649658
27-03-1996,6.40625,6.5,1842000,6.59375,6.53125,4.887451648712158
28-03-1996,6.53125,6.53125,1270000,6.65625,6.65625,4.980987548828125
29-03-1996,6.5625,6.59375,1343600,6.625,6.59375,4.934220790863037
01-04-1996,6.5625,6.59375,752800,6.6875,6.6875,5.004373073577881
02-04-1996,6.65625,6.71875,1116400,6.875,6.84375,5.121298313140869
03-04-1996,6.71875,6.78125,1519600,6.96875,6.9375,5.1914544105529785
04-04-1996,6.75,6.9375,796800,6.9375,6.875,5.144682884216309
08-04-1996,6.625,6.84375,1262800,6.84375,6.8125,5.09791374206543
09-04-1996,6.8125,6.8125,923200,6.90625,6.875,5.144682884216309
10-04-1996,6.78125,6.8125,1358000,6.96875,6.9375,5.1914544105529785
11-04-1996,6.84375,6.875,932000,6.9375,6.875,5.1502509117126465
12-04-1996,6.59375,6.875,1120000,6.875,6.65625,4.986378192901611
15-04-1996,6.5625,6.59375,948000,6.78125,6.75,5.05661153793335
16-04-1996,6.6875,6.78125,846000,6.78125,6.75,5.05661153793335
17-04-1996,6.65625,6.75,1494800,6.75,6.6875,5.009789943695068
18-04-1996,6.5,6.6875,1113200,6.6875,6.53125,4.8927388191223145
19-04-1996,6.5,6.5,884400,6.6875,6.65625,4.986378192901611
22-04-1996,6.65625,6.65625,2457600,6.90625,6.8125,5.103430271148682
23-04-1996,6.78125,6.9375,1053200,7.0,6.90625,5.173661708831787
24-04-1996,6.90625,6.90625,1069200,7.15625,7.03125,5.267302989959717
25-04-1996,6.9375,6.96875,536800,7.0,6.9375,5.197072982788086
26-04-1996,6.78125,6.875,486400,6.9375,6.78125,5.080021381378174
29-04-1996,6.71875,6.71875,705200,6.875,6.78125,5.080021381378174
30-04-1996,6.59375,6.8125,779600,6.875,6.625,4.962970733642578
01-05-1996,6.5,6.625,808400,6.75,6.5,4.869329452514648
02-05-1996,6.46875,6.5625,373600,6.59375,6.5625,4.916150093078613
03-05-1996,6.53125,6.625,680000,6.625,6.625,4.962970733642578
06-05-1996,6.5625,6.59375,504400,6.65625,6.5625,4.916150093078613
07-05-1996,6.125,6.625,1395600,6.65625,6.21875,4.6586384773254395
08-05-1996,6.1875,6.25,620400,6.34375,6.25,4.682047367095947
09-05-1996,6.25,6.25,332000,6.375,6.375,4.7756876945495605
10-05-1996,6.25,6.375,818400,6.40625,6.3125,4.728866100311279
13-05-1996,6.21875,6.25,796000,6.3125,6.25,4.682047367095947
14-05-1996,6.15625,6.25,1208800,6.28125,6.15625,4.611816883087158
15-05-1996,6.09375,6.1875,2372400,6.3125,6.3125,4.728866100311279
16-05-1996,6.25,6.34375,379600,6.34375,6.28125,4.705458164215088
17-05-1996,6.1875,6.25,1017600,6.28125,6.25,4.682047367095947
20-05-1996,6.25,6.25,425600,6.375,6.34375,4.752275466918945
21-05-1996,6.3125,6.3125,2660400,6.46875,6.4375,4.822508811950684
22-05-1996,6.4375,6.4375,552000,6.5,6.5,4.869329452514648
23-05-1996,6.53125,6.5625,1154800,6.75,6.5625,4.916150093078613
24-05-1996,6.4375,6.5,1701200,6.53125,6.5,4.869329452514648
28-05-1996,6.359375,6.53125,554000,6.53125,6.4375,4.822508811950684
29-05-1996,6.3125,6.40625,613600,6.40625,6.375,4.7756876945495605
30-05-1996,6.25,6.375,604000,6.375,6.3125,4.728866100311279
31-05-1996,6.25,6.34375,493200,6.375,6.3125,4.728866100311279
03-06-1996,6.28125,6.3125,211200,6.3125,6.3125,4.728866100311279
04-06-1996,6.375,6.40625,654800,6.46875,6.375,4.7756876945495605
05-06-1996,6.40625,6.4375,679600,6.46875,6.4375,4.822508811950684
06-06-1996,6.25,6.4375,278800,6.4375,6.28125,4.705458164215088
07-06-1996,6.15625,6.21875,702800,6.34375,6.34375,4.752275466918945
10-06-1996,6.3125,6.34375,241200,6.34375,6.3125,4.728866100311279
11-06-1996,6.28125,6.3125,761600,6.375,6.3125,4.728866100311279
12-06-1996,6.25,6.3125,1385200,6.3125,6.28125,4.705458164215088
13-06-1996,6.09375,6.28125,985600,6.28125,6.1875,4.635226726531982
14-06-1996,6.15625,6.1875,1093200,6.21875,6.15625,4.611816883087158
17-06-1996,6.0625,6.09375,586400,6.125,6.0625,4.541587829589844
18-06-1996,5.96875,6.0,1450000,6.125,5.96875,4.4713568687438965
19-06-1996,6.03125,6.03125,1416800,6.15625,6.0625,4.541587829589844
20-06-1996,6.0625,6.09375,1258400,6.125,6.09375,4.564996719360352
21-06-1996,6.0,6.09375,650800,6.09375,6.0,4.494766712188721
24-06-1996,5.96875,6.03125,948000,6.0625,6.0,4.494766712188721
25-06-1996,5.96875,6.03125,2754000,6.25,6.15625,4.611816883087158
26-06-1996,6.21875,6.21875,5256400,6.625,6.625,4.962970733642578
27-06-1996,6.53125,6.59375,4884000,6.75,6.75,5.05661153793335
28-06-1996,6.78125,6.8125,5409200,6.96875,6.96875,5.220484256744385
01-07-1996,6.90625,6.96875,3778800,7.28125,7.28125,5.454587936401367
02-07-1996,7.125,7.15625,2342000,7.25,7.21875,5.40776252746582
03-07-1996,7.125,7.125,1392000,7.21875,7.21875,5.40776252746582
05-07-1996,7.125,7.21875,753600,7.3125,7.28125,5.454587936401367
08-07-1996,7.1875,7.25,924800,7.3125,7.25,5.4311747550964355
09-07-1996,7.25,7.25,2440800,7.5625,7.5,5.618455410003662
10-07-1996,7.46875,7.5,3225600,7.65625,7.5625,5.66527795791626
11-07-1996,7.125,7.46875,3954400,7.59375,7.1875,5.3897013664245605
12-07-1996,7.125,7.15625,1191200,7.21875,7.15625,5.366265296936035
15-07-1996,7.09375,7.125,1718400,7.34375,7.125,5.342832565307617
16-07-1996,6.5625,7.0625,1854400,7.09375,6.65625,4.991329669952393
17-07-1996,6.6875,6.6875,2270000,6.96875,6.6875,5.014763832092285
18-07-1996,6.65625,6.75,990400,6.8125,6.71875,5.038196563720703
19-07-1996,6.65625,6.6875,1322800,6.71875,6.6875,5.014763832092285
22-07-1996,6.5625,6.6875,1101600,6.6875,6.59375,4.944462299346924
23-07-1996,6.53125,6.625,2303200,6.8125,6.8125,5.108497619628906
24-07-1996,6.625,6.75,327600,6.75,6.625,4.967897891998291
25-07-1996,6.375,6.625,762800,6.78125,6.375,4.780429363250732
26-07-1996,6.40625,6.40625,462800,6.5625,6.53125,4.897597789764404
29-07-1996,6.4375,6.5,676800,6.53125,6.5,4.8741631507873535
30-07-1996,6.25,6.46875,1988800,6.53125,6.3125,4.733560085296631
31-07-1996,6.125,6.3125,1733600,6.3125,6.25,4.686696529388428
01-08-1996,6.25,6.25,1422800,6.375,6.3125,4.733560085296631
02-08-1996,6.3125,6.3125,1042800,6.46875,6.46875,4.850727558135986
05-08-1996,6.34375,6.46875,503200,6.59375,6.59375,4.944462299346924
06-08-1996,6.5,6.59375,495200,6.65625,6.65625,4.991329669952393
07-08-1996,6.75,6.75,1542800,6.84375,6.84375,5.131931781768799
08-08-1996,6.75,6.84375,767600,6.875,6.84375,5.131931781768799
09-08-1996,6.71875,6.875,634400,6.875,6.71875,5.038196563720703
12-08-1996,6.625,6.75,167600,6.75,6.625,4.967897891998291
13-08-1996,6.625,6.65625,389600,6.6875,6.625,4.967897891998291
14-08-1996,6.625,6.625,333200,6.65625,6.65625,4.991329669952393
15-08-1996,6.625,6.625,331600,6.75,6.75,5.061633110046387
16-08-1996,6.625,6.6875,329600,6.71875,6.71875,5.038196563720703
19-08-1996,6.625,6.65625,339200,6.78125,6.78125,5.08506441116333
20-08-1996,6.6875,6.8125,928800,6.8125,6.75,5.061633110046387
21-08-1996,6.59375,6.71875,837600,6.71875,6.65625,4.991329669952393
22-08-1996,6.59375,6.65625,433200,6.6875,6.65625,4.991329669952393
23-08-1996,6.5625,6.59375,228800,6.65625,6.625,4.967897891998291
26-08-1996,6.5625,6.625,488000,6.65625,6.65625,4.991329669952393
27-08-1996,6.5,6.625,669600,6.625,6.5,4.8741631507873535
28-08-1996,6.46875,6.5,392800,6.5,6.46875,4.850727558135986
29-08-1996,6.4375,6.46875,499200,6.5,6.46875,4.850727558135986
30-08-1996,6.375,6.4375,160800,6.46875,6.46875,4.850727558135986
03-09-1996,6.5,6.5,1298800,6.59375,6.5625,4.9210309982299805
04-09-1996,6.40625,6.53125,356400,6.53125,6.46875,4.850727558135986
05-09-1996,6.375,6.4375,382800,6.5,6.4375,4.827296733856201
06-09-1996,6.3125,6.4375,2431600,6.59375,6.46875,4.850727558135986
09-09-1996,6.40625,6.46875,501200,6.53125,6.5,4.8741631507873535
10-09-1996,6.46875,6.5,488400,6.53125,6.46875,4.850727558135986
11-09-1996,6.46875,6.46875,1305600,6.65625,6.5625,4.9210309982299805
12-09-1996,6.28125,6.53125,1240800,6.53125,6.3125,4.733560085296631
13-09-1996,6.125,6.3125,1250400,6.3125,6.125,4.592962265014648
16-09-1996,6.03125,6.125,1839600,6.125,6.0625,4.546095371246338
17-09-1996,5.71875,5.875,3505600,5.9375,5.875,4.405492782592773
18-09-1996,5.875,5.90625,2286800,6.09375,6.0,4.499227523803711
19-09-1996,5.96875,5.96875,2160800,6.09375,6.03125,4.522661209106445
20-09-1996,6.03125,6.03125,601200,6.09375,6.03125,4.522661209106445
23-09-1996,6.0,6.0625,1021600,6.0625,6.03125,4.522661209106445
24-09-1996,5.84375,6.0,1552000,6.0625,5.90625,4.428926944732666
25-09-1996,5.78125,5.90625,1691200,6.0,6.0,4.499227523803711
26-09-1996,6.03125,6.03125,856400,6.15625,6.125,4.592962265014648
27-09-1996,6.0,6.0625,1036000,6.09375,6.03125,4.522661209106445
30-09-1996,6.0,6.0,1134400,6.21875,6.21875,4.663259506225586
01-10-1996,6.25,6.25,956400,6.3125,6.3125,4.733560085296631
02-10-1996,6.28125,6.3125,774800,6.40625,6.375,4.780429363250732
03-10-1996,6.28125,6.375,691600,6.375,6.28125,4.710129261016846
04-10-1996,6.28125,6.34375,592000,6.40625,6.28125,4.710129261016846
07-10-1996,6.25,6.28125,1552000,6.4375,6.40625,4.80386209487915
08-10-1996,6.34375,6.40625,1220000,6.46875,6.375,4.780429363250732
09-10-1996,6.25,6.375,772800,6.375,6.3125,4.733560085296631
10-10-1996,5.9375,6.21875,2254800,6.21875,6.0,4.504579544067383
11-10-1996,5.9375,6.0,1258800,6.0625,5.9375,4.45765495300293
14-10-1996,5.8125,5.9375,2306000,5.96875,5.84375,4.387272834777832
15-10-1996,5.84375,5.875,1424800,6.0,6.0,4.504579544067383
16-10-1996,5.96875,6.0,1880000,6.09375,6.09375,4.5749640464782715
17-10-1996,6.125,6.15625,1636400,6.25,6.25,4.692270278930664
18-10-1996,6.21875,6.25,1060800,6.40625,6.375,4.786117076873779
21-10-1996,6.25,6.34375,722000,6.375,6.25,4.692270278930664
22-10-1996,6.15625,6.25,1494400,6.3125,6.1875,4.6453471183776855
23-10-1996,5.96875,6.15625,2842800,6.15625,6.0,4.504579544067383
24-10-1996,6.0,6.03125,1593200,6.09375,6.0625,4.551504135131836
25-10-1996,6.09375,6.09375,1020000,6.21875,6.21875,4.6688079833984375
28-10-1996,6.09375,6.15625,995600,6.1875,6.09375,4.5749640464782715
29-10-1996,6.03125,6.09375,1533600,6.15625,6.15625,4.621886253356934
30-10-1996,6.15625,6.15625,3300400,6.375,6.375,4.786117076873779
31-10-1996,6.375,6.375,1713200,6.53125,6.4375,4.833038806915283
01-11-1996,6.25,6.4375,1226800,6.46875,6.28125,4.715732097625732
04-11-1996,6.1875,6.25,1135200,6.28125,6.1875,4.6453471183776855
05-11-1996,6.1875,6.25,730800,6.25,6.21875,4.6688079833984375
06-11-1996,6.125,6.21875,395600,6.21875,6.125,4.598427772521973
07-11-1996,6.0,6.0,1647200,6.0625,6.0,4.504579544067383
08-11-1996,6.0,6.0625,1212400,6.15625,6.15625,4.621886253356934
11-11-1996,6.15625,6.1875,1075600,6.28125,6.25,4.692270278930664
12-11-1996,6.25,6.3125,1186400,6.375,6.25,4.692270278930664
13-11-1996,6.25,6.28125,1387200,6.28125,6.28125,4.715732097625732
14-11-1996,6.28125,6.28125,2227200,6.3125,6.3125,4.739190101623535
15-11-1996,6.21875,6.28125,1321600,6.34375,6.25,4.692270278930664
18-11-1996,6.1875,6.25,682000,6.25,6.25,4.692270278930664
19-11-1996,6.21875,6.25,2281600,6.40625,6.40625,4.809577941894531
20-11-1996,6.5625,6.75,3805200,6.78125,6.78125,5.091114521026611
21-11-1996,6.59375,6.78125,1956000,6.78125,6.625,4.973806858062744
22-11-1996,6.625,6.65625,2746800,7.0,6.96875,5.231881618499756
25-11-1996,6.875,7.03125,1406000,7.09375,7.03125,5.278803825378418
26-11-1996,6.84375,6.96875,826800,7.0,6.875,5.161495685577393
27-11-1996,6.6875,6.8125,727600,6.875,6.6875,5.020729064941406
29-11-1996,6.65625,6.6875,344000,6.71875,6.65625,4.997265815734863
02-12-1996,6.53125,6.6875,908800,6.71875,6.5625,4.926884651184082
03-12-1996,6.5625,6.59375,1007200,6.75,6.75,5.067653179168701
04-12-1996,6.34375,6.6875,1232400,6.6875,6.5,4.87996244430542
05-12-1996,6.5625,6.5625,914400,6.625,6.625,4.973806858062744
06-12-1996,6.46875,6.5625,239600,6.5625,6.46875,4.856497287750244
09-12-1996,6.25,6.40625,2831200,6.46875,6.40625,4.809577941894531
10-12-1996,6.4375,6.5625,1900000,6.59375,6.5,4.87996244430542
11-12-1996,6.25,6.5,550400,6.5,6.3125,4.739190101623535
12-12-1996,6.25,6.375,944800,6.40625,6.25,4.692270278930664
13-12-1996,6.15625,6.25,1152000,6.3125,6.25,4.692270278930664
16-12-1996,6.3125,6.3125,1024800,6.4375,6.34375,4.762652397155762
17-12-1996,6.3125,6.375,898400,6.5,6.46875,4.856497287750244
18-12-1996,6.40625,6.5,1152400,6.5625,6.4375,4.833038806915283
19-12-1996,6.375,6.4375,2370000,6.5,6.4375,4.833038806915283
20-12-1996,6.375,6.375,416400,6.53125,6.4375,4.833038806915283
23-12-1996,6.46875,6.59375,661600,6.6875,6.46875,4.856497287750244
24-12-1996,6.4375,6.53125,219200,6.53125,6.46875,4.856497287750244
26-12-1996,6.46875,6.5,368000,6.53125,6.46875,4.856497287750244
27-12-1996,6.46875,6.46875,616400,6.71875,6.625,4.973806858062744
30-12-1996,6.5,6.625,1130000,6.65625,6.5625,4.926884651184082
31-12-1996,6.1875,6.5625,1435600,6.5625,6.3125,4.739190101623535
02-01-1997,6.15625,6.25,1285600,6.25,6.15625,4.621886253356934
03-01-1997,6.1875,6.1875,860000,6.28125,6.25,4.692270278930664
06-01-1997,6.21875,6.28125,1424800,6.34375,6.3125,4.739190101623535
07-01-1997,6.25,6.3125,1248400,6.40625,6.375,4.786117076873779
08-01-1997,6.28125,6.34375,1650400,6.4375,6.34375,4.762652397155762
09-01-1997,6.3125,6.34375,2256800,6.5,6.4375,4.833038806915283
10-01-1997,6.34375,6.375,2746000,6.65625,6.65625,4.997265815734863
13-01-1997,6.59375,6.625,1457600,6.75,6.625,4.9794182777404785
14-01-1997,6.53125,6.625,817200,6.625,6.5625,4.932439804077148
15-01-1997,6.5,6.5625,1473600,6.625,6.59375,4.955929756164551
16-01-1997,6.59375,6.59375,1504000,6.6875,6.625,4.9794182777404785
17-01-1997,6.5625,6.65625,1328000,6.71875,6.5625,4.932439804077148
20-01-1997,6.1875,6.59375,3205200,6.59375,6.21875,4.674073696136475
21-01-1997,6.03125,6.1875,5821600,6.1875,6.125,4.60361385345459
22-01-1997,6.03125,6.125,4841600,6.25,6.03125,4.53314733505249
23-01-1997,5.90625,6.0625,4544000,6.125,5.9375,4.462684154510498
24-01-1997,5.875,5.9375,1410000,6.0,5.90625,4.4391984939575195
27-01-1997,5.84375,5.9375,1593600,5.96875,5.875,4.415709018707275
28-01-1997,5.84375,5.9375,2160000,6.0,5.875,4.415709018707275
29-01-1997,5.625,5.90625,760800,5.90625,5.75,4.321757793426514
30-01-1997,5.75,5.75,3844400,5.84375,5.84375,4.392221927642822
31-01-1997,5.75,5.8125,2356000,5.84375,5.8125,4.368732452392578
03-02-1997,5.6875,5.875,1014400,5.875,5.71875,4.298268795013428
04-02-1997,5.5,5.71875,2916000,5.71875,5.5,4.133855819702148
05-02-1997,5.5625,5.5625,2352800,5.75,5.65625,4.251294136047363
06-02-1997,5.5625,5.625,1579600,5.71875,5.5625,4.180832386016846
07-02-1997,5.28125,5.625,2427600,5.65625,5.3125,3.992929458618164
10-02-1997,5.0,5.3125,6024000,5.375,5.03125,3.781538963317871
11-02-1997,5.0625,5.0625,2859600,5.21875,5.1875,3.898977518081665
12-02-1997,5.1875,5.21875,2171200,5.40625,5.28125,3.969440221786499
13-02-1997,5.25,5.4375,1607200,5.4375,5.28125,3.969440221786499
14-02-1997,5.21875,5.375,2410400,5.4375,5.25,3.9459540843963623
18-02-1997,5.28125,5.34375,1843200,5.4375,5.28125,3.969440221786499
19-02-1997,5.1875,5.28125,2238800,5.3125,5.28125,3.969440221786499
20-02-1997,5.125,5.1875,1568400,5.25,5.15625,3.875490427017212
21-02-1997,5.125,5.15625,1307200,5.28125,5.25,3.9459540843963623
24-02-1997,5.15625,5.25,1454000,5.25,5.1875,3.898977518081665
25-02-1997,5.03125,5.21875,1583600,5.28125,5.09375,3.8285117149353027
26-02-1997,5.0,5.15625,9968800,5.25,5.0625,3.805025339126587
27-02-1997,4.96875,5.0625,1795200,5.125,5.03125,3.781538963317871
28-02-1997,4.96875,5.09375,1148000,5.09375,5.0625,3.805025339126587
03-03-1997,5.0,5.0,1346000,5.09375,5.03125,3.781538963317871
04-03-1997,5.03125,5.03125,1754000,5.1875,5.1875,3.898977518081665
05-03-1997,5.1875,5.1875,1204800,5.3125,5.21875,3.9224655628204346
06-03-1997,5.125,5.21875,1808800,5.375,5.34375,4.016417026519775
07-03-1997,5.21875,5.3125,1279600,5.375,5.28125,3.969440221786499
10-03-1997,5.28125,5.34375,1359600,5.40625,5.40625,4.063392162322998
11-03-1997,5.21875,5.40625,806000,5.40625,5.25,3.9459540843963623
12-03-1997,5.09375,5.21875,626000,5.21875,5.15625,3.875490427017212
13-03-1997,5.15625,5.15625,932400,5.28125,5.21875,3.9224655628204346
14-03-1997,5.21875,5.25,630400,5.28125,5.25,3.9459540843963623
17-03-1997,5.21875,5.21875,695200,5.28125,5.21875,3.9224655628204346
18-03-1997,5.1875,5.25,1374400,5.3125,5.25,3.9459540843963623
19-03-1997,5.25,5.25,869200,5.3125,5.28125,3.969440221786499
20-03-1997,5.25,5.28125,834400,5.3125,5.3125,3.992929458618164
21-03-1997,5.25,5.34375,673600,5.34375,5.28125,3.969440221786499
24-03-1997,5.25,5.28125,510800,5.3125,5.25,3.9459540843963623
25-03-1997,5.1875,5.28125,868400,5.28125,5.1875,3.898977518081665
26-03-1997,5.21875,5.21875,832400,5.28125,5.28125,3.969440221786499
27-03-1997,5.21875,5.3125,817600,5.34375,5.21875,3.9224655628204346
31-03-1997,5.1875,5.21875,550400,5.3125,5.1875,3.898977518081665
01-04-1997,5.1875,5.1875,1957600,5.375,5.25,3.9459540843963623
02-04-1997,4.90625,5.25,1869600,5.25,4.90625,3.6875874996185303
03-04-1997,4.875,4.9375,1580400,5.0,4.90625,3.6875874996185303
04-04-1997,4.78125,4.90625,1441200,4.90625,4.8125,3.61712384223938
07-04-1997,4.65625,4.84375,760800,4.84375,4.65625,3.4996843338012695
08-04-1997,4.5,4.65625,2062400,4.65625,4.59375,3.452709197998047
09-04-1997,4.65625,4.71875,1728800,4.78125,4.71875,3.5466599464416504
10-04-1997,4.5,4.6875,1031200,4.6875,4.53125,3.405734062194824
11-04-1997,4.375,4.53125,1359200,4.5625,4.375,3.2937445640563965
14-04-1997,4.4375,4.4375,875200,4.59375,4.53125,3.4113802909851074
15-04-1997,4.5,4.53125,1592400,4.59375,4.5625,3.434907913208008
16-04-1997,4.5625,4.5625,1586400,4.71875,4.65625,3.5054867267608643
17-04-1997,4.625,4.6875,1415600,4.71875,4.625,3.4819605350494385
18-04-1997,4.5,4.5625,1388000,4.59375,4.59375,3.4584333896636963
21-04-1997,4.625,4.65625,1125600,4.71875,4.65625,3.5054867267608643
22-04-1997,4.59375,4.6875,909600,4.78125,4.78125,3.599595308303833
23-04-1997,4.625,4.78125,882800,4.78125,4.71875,3.5525400638580322
24-04-1997,4.65625,4.75,1203200,4.78125,4.6875,3.5290117263793945
25-04-1997,4.625,4.75,542400,4.75,4.625,3.4819605350494385
28-04-1997,4.46875,4.65625,908400,4.65625,4.5,3.3878517150878906
29-04-1997,4.53125,4.53125,782000,4.78125,4.75,3.576066732406616
30-04-1997,4.625,4.75,415200,4.75,4.65625,3.5054867267608643
01-05-1997,4.65625,4.6875,746800,4.71875,4.6875,3.5290117263793945
02-05-1997,4.65625,4.71875,1359600,4.8125,4.8125,3.6231207847595215
05-05-1997,4.75,4.875,2642800,4.90625,4.90625,3.6937015056610107
06-05-1997,4.84375,4.875,1274800,4.90625,4.84375,3.6466481685638428
07-05-1997,4.875,4.875,2136800,5.0625,5.03125,3.787808418273926
08-05-1997,5.0625,5.0625,1599200,5.28125,5.1875,3.9054417610168457
09-05-1997,5.15625,5.25,1685600,5.34375,5.15625,3.881915330886841
12-05-1997,5.21875,5.25,1002800,5.4375,5.40625,4.070128917694092
13-05-1997,5.21875,5.375,537200,5.4375,5.21875,3.928968667984009
14-05-1997,5.1875,5.21875,814000,5.3125,5.25,3.952496290206909
15-05-1997,5.1875,5.25,700000,5.28125,5.1875,3.9054417610168457
16-05-1997,5.15625,5.15625,333200,5.21875,5.15625,3.881915330886841
19-05-1997,5.125,5.15625,552400,5.21875,5.1875,3.9054417610168457
20-05-1997,5.0625,5.1875,1147600,5.21875,5.1875,3.9054417610168457
21-05-1997,5.09375,5.15625,718000,5.1875,5.1875,3.9054417610168457
22-05-1997,5.25,5.25,1252400,5.375,5.3125,3.999549150466919
23-05-1997,5.25,5.34375,392400,5.34375,5.28125,3.9760215282440186
27-05-1997,5.125,5.34375,668400,5.34375,5.15625,3.881915330886841
28-05-1997,5.28125,5.34375,1028800,5.40625,5.34375,4.023076057434082
29-05-1997,5.25,5.34375,394000,5.375,5.3125,3.999549150466919
30-05-1997,5.25,5.28125,318400,5.34375,5.34375,4.023076057434082
02-06-1997,5.25,5.34375,356400,5.34375,5.25,3.952496290206909
03-06-1997,5.125,5.25,1106800,5.25,5.21875,3.928968667984009
04-06-1997,5.15625,5.21875,550800,5.21875,5.15625,3.881915330886841
05-06-1997,5.15625,5.1875,218000,5.21875,5.1875,3.9054417610168457
06-06-1997,5.03125,5.21875,1139600,5.21875,5.09375,3.8348591327667236
09-06-1997,4.875,5.03125,967600,5.0625,4.875,3.6701741218566895
10-06-1997,4.59375,4.90625,2467600,4.90625,4.75,3.576066732406616
11-06-1997,4.6875,4.75,1640800,4.75,4.6875,3.5290117263793945
12-06-1997,4.6875,4.6875,1046800,4.8125,4.71875,3.5525400638580322
13-06-1997,4.71875,4.78125,1245200,4.84375,4.75,3.576066732406616
16-06-1997,4.71875,4.8125,1196400,4.84375,4.75,3.576066732406616
17-06-1997,4.71875,4.71875,1166000,5.0,4.875,3.6701741218566895
18-06-1997,4.71875,4.84375,1546400,4.9375,4.71875,3.5525400638580322
19-06-1997,4.71875,4.75,813600,4.78125,4.71875,3.5525400638580322
20-06-1997,4.6875,4.75,802400,4.75,4.71875,3.5525400638580322
23-06-1997,4.59375,4.75,1644800,4.8125,4.59375,3.4584333896636963
24-06-1997,4.5,4.625,1611600,4.65625,4.5,3.3878517150878906
25-06-1997,4.5,4.53125,1615600,4.625,4.5,3.3878517150878906
26-06-1997,4.46875,4.46875,2868800,4.59375,4.53125,3.4113802909851074
27-06-1997,4.53125,4.5625,886800,4.625,4.59375,3.4584333896636963
30-06-1997,4.4375,4.59375,2687200,4.59375,4.53125,3.4113802909851074
01-07-1997,4.5,4.53125,1615600,4.671875,4.671875,3.5172512531280518
02-07-1997,4.59375,4.671875,3484000,4.734375,4.640625,3.493722915649414
03-07-1997,4.484375,4.59375,836800,4.65625,4.546875,3.423142671585083
07-07-1997,4.484375,4.5625,958400,4.5625,4.546875,3.423142671585083
08-07-1997,4.46875,4.5,1516000,4.5625,4.53125,3.4113802909851074
09-07-1997,4.46875,4.5,1568800,4.609375,4.5,3.3878517150878906
10-07-1997,4.421875,4.5,2599600,4.53125,4.53125,3.4113802909851074
11-07-1997,4.5,4.5,2845200,4.625,4.578125,3.4523820877075195
14-07-1997,4.640625,4.734375,4716800,4.90625,4.65625,3.511298894882202
15-07-1997,4.703125,4.75,5268800,4.8125,4.8125,3.6291260719299316
16-07-1997,4.734375,4.8125,2330400,4.8125,4.75,3.5819945335388184
17-07-1997,4.828125,4.84375,2117200,4.984375,4.96875,3.746955633163452
18-07-1997,4.890625,4.953125,1487600,4.96875,4.921875,3.7116048336029053
21-07-1997,4.859375,4.890625,668800,4.90625,4.875,3.6762609481811523
22-07-1997,4.796875,4.875,3178400,4.890625,4.84375,3.652693033218384
23-07-1997,4.734375,4.828125,1210800,4.859375,4.734375,3.570211887359619
24-07-1997,4.765625,4.765625,1387200,4.9375,4.859375,3.664475440979004
25-07-1997,4.8125,4.84375,1565200,5.0625,4.96875,3.746955633163452
28-07-1997,4.9375,4.9375,1104400,5.0625,4.953125,3.735172748565674
29-07-1997,4.875,4.984375,731600,5.0,4.921875,3.7116048336029053
30-07-1997,4.90625,4.9375,1110800,5.078125,5.0625,3.8176543712615967
31-07-1997,5.03125,5.046875,1353600,5.15625,5.09375,3.841219663619995
01-08-1997,5.0,5.125,1047600,5.140625,5.09375,3.841219663619995
04-08-1997,5.046875,5.09375,1268800,5.21875,5.203125,3.923699378967285
05-08-1997,5.234375,5.234375,3988400,5.734375,5.6875,4.288966655731201
06-08-1997,5.625,5.703125,3118800,5.8125,5.78125,4.359666347503662
07-08-1997,5.8125,5.8125,4546800,6.0625,6.0,4.524626731872559
08-08-1997,5.734375,5.9375,2805200,5.9375,5.75,4.336100101470947
11-08-1997,5.609375,5.75,2554000,5.875,5.71875,4.312533378601074
12-08-1997,5.53125,5.75,1123600,5.75,5.53125,4.171140670776367
13-08-1997,5.359375,5.609375,2248800,5.625,5.515625,4.1593546867370605
14-08-1997,5.65625,5.765625,1758000,5.765625,5.6875,4.288966655731201
15-08-1997,5.578125,5.703125,1025600,5.796875,5.578125,4.20648717880249
18-08-1997,5.515625,5.578125,1256400,5.59375,5.5625,4.194706439971924
19-08-1997,5.546875,5.578125,1192400,5.671875,5.65625,4.265402317047119
20-08-1997,5.671875,5.71875,1377600,5.765625,5.75,4.336100101470947
21-08-1997,5.625,5.6875,732800,5.734375,5.625,4.2418389320373535
22-08-1997,5.484375,5.5625,842400,5.671875,5.65625,4.265402317047119
25-08-1997,5.625,5.6875,851600,5.734375,5.6875,4.288966655731201
26-08-1997,5.625,5.65625,648800,5.75,5.734375,4.3243184089660645
27-08-1997,5.65625,5.75,629200,5.796875,5.75,4.336100101470947
28-08-1997,5.578125,5.75,1627200,5.8125,5.8125,4.383230686187744
29-08-1997,5.859375,5.859375,1526800,6.03125,6.03125,4.548190593719482
02-09-1997,5.921875,6.0,2116000,6.0625,6.0625,4.571757793426514
03-09-1997,6.015625,6.0625,1538800,6.25,6.203125,4.677804946899414
04-09-1997,6.0625,6.21875,2052400,6.265625,6.125,4.6188883781433105
05-09-1997,5.9375,6.09375,1785600,6.125,6.015625,4.536408424377441
08-09-1997,5.84375,5.96875,1554000,6.03125,5.90625,4.4539313316345215
09-09-1997,5.8125,5.828125,704400,5.953125,5.953125,4.489278316497803
10-09-1997,5.90625,5.9375,787200,6.0625,5.984375,4.512842178344727
11-09-1997,5.65625,5.9375,1441200,5.9375,5.75,4.336100101470947
12-09-1997,5.671875,5.703125,1030800,5.875,5.8125,4.383230686187744
15-09-1997,5.734375,5.8125,1168400,5.8125,5.78125,4.359666347503662
16-09-1997,5.75,5.828125,1175200,5.890625,5.828125,4.395017623901367
17-09-1997,5.6875,5.84375,736400,5.84375,5.71875,4.312533378601074
18-09-1997,5.609375,5.71875,1006800,5.75,5.75,4.336100101470947
19-09-1997,5.5625,5.75,1227600,5.75,5.640625,4.253620624542236
22-09-1997,5.625,5.640625,881600,5.703125,5.703125,4.300751209259033
23-09-1997,5.5625,5.65625,1400800,5.6875,5.6875,4.288966655731201
24-09-1997,5.5625,5.625,1210800,5.890625,5.8125,4.383230686187744
25-09-1997,5.671875,5.734375,1124800,5.796875,5.75,4.336100101470947
26-09-1997,5.625,5.6875,3287200,5.828125,5.765625,4.347879886627197
29-09-1997,5.625,5.703125,830400,5.734375,5.6875,4.288966655731201
30-09-1997,5.5625,5.625,1301200,5.6875,5.5625,4.194706439971924
01-10-1997,5.5,5.625,2548000,5.640625,5.5625,4.194706439971924
02-10-1997,5.5,5.546875,1958000,5.625,5.578125,4.20648717880249
03-10-1997,5.515625,5.5625,1053200,5.671875,5.65625,4.265402317047119
06-10-1997,5.625,5.625,1430800,5.8125,5.78125,4.359666347503662
07-10-1997,5.71875,5.75,3018800,5.96875,5.765625,4.347879886627197
08-10-1997,5.65625,5.796875,809200,5.84375,5.71875,4.312533378601074
09-10-1997,5.640625,5.65625,948800,5.703125,5.65625,4.265402317047119
10-10-1997,5.609375,5.65625,2402800,5.78125,5.625,4.2474684715271
13-10-1997,5.546875,5.6875,979200,5.734375,5.59375,4.223871231079102
14-10-1997,5.53125,5.65625,2642800,5.71875,5.53125,4.17667818069458
15-10-1997,5.5,5.515625,1076000,5.5625,5.5,4.153081893920898
16-10-1997,5.484375,5.5625,1611600,5.609375,5.484375,4.141282558441162
17-10-1997,5.359375,5.46875,890400,5.484375,5.40625,4.082291126251221
20-10-1997,5.34375,5.375,2530400,5.640625,5.609375,4.235671043395996
21-10-1997,5.515625,5.578125,1436400,5.65625,5.65625,4.271062850952148
22-10-1997,5.609375,5.65625,1407200,5.71875,5.71875,4.3182597160339355
23-10-1997,5.53125,5.609375,817200,5.625,5.5625,4.20027494430542
24-10-1997,5.578125,5.59375,1408000,5.75,5.71875,4.3182597160339355
27-10-1997,5.296875,5.671875,1316800,5.671875,5.296875,3.999699592590332
28-10-1997,5.0,5.0,3302000,5.3125,5.171875,3.9053151607513428
29-10-1997,5.1875,5.1875,1778800,5.40625,5.28125,3.9879024028778076
30-10-1997,4.9375,4.9375,2910400,5.359375,5.109375,3.8581178188323975
31-10-1997,5.171875,5.171875,1048400,5.3125,5.265625,3.976102590560913
03-11-1997,5.28125,5.28125,1388800,5.375,5.328125,4.023298263549805
04-11-1997,5.25,5.3125,1326400,5.3125,5.28125,3.9879024028778076
05-11-1997,5.21875,5.28125,1605200,5.28125,5.28125,3.9879024028778076
06-11-1997,5.125,5.25,1626400,5.3125,5.1875,3.9171104431152344
07-11-1997,5.046875,5.078125,596800,5.171875,5.078125,3.834521770477295
10-11-1997,5.1875,5.25,972400,5.28125,5.203125,3.9289097785949707
11-11-1997,5.0,5.203125,1226400,5.203125,5.046875,3.8109238147735596
12-11-1997,4.953125,5.03125,2159600,5.125,4.953125,3.740133285522461
13-11-1997,4.859375,4.96875,2653200,5.0,4.859375,3.6693408489227295
14-11-1997,4.765625,4.859375,2408800,4.9375,4.90625,3.7047383785247803
17-11-1997,4.875,4.9375,2226000,5.03125,5.03125,3.799124240875244
18-11-1997,4.859375,5.03125,1280000,5.03125,4.890625,3.692938804626465
19-11-1997,4.71875,4.890625,1766000,4.921875,4.875,3.681140899658203
20-11-1997,4.859375,4.875,2373200,5.0625,5.015625,3.787327527999878
21-11-1997,5.0,5.015625,1438000,5.0625,5.0,3.775526762008667
24-11-1997,4.953125,4.96875,2336400,5.015625,4.953125,3.740133285522461
25-11-1997,4.78125,5.0,3047200,5.0,4.78125,3.6103484630584717
26-11-1997,4.71875,4.765625,1718000,4.78125,4.71875,3.56315541267395
28-11-1997,4.734375,4.734375,1211200,4.875,4.765625,3.598550796508789
01-12-1997,4.625,4.828125,2172400,4.890625,4.65625,3.5159592628479004
02-12-1997,4.703125,4.75,2712800,4.78125,4.734375,3.574951648712158
03-12-1997,4.640625,4.734375,2877600,4.796875,4.640625,3.5041613578796387
04-12-1997,4.625,4.671875,4263200,4.78125,4.75,3.5867509841918945
05-12-1997,4.71875,4.75,5501600,4.84375,4.796875,3.622145414352417
08-12-1997,4.78125,4.796875,1040000,4.84375,4.828125,3.645742416381836
09-12-1997,4.765625,4.8125,2011200,4.859375,4.765625,3.598550796508789
10-12-1997,4.734375,4.734375,2288400,4.828125,4.78125,3.6103484630584717
11-12-1997,4.71875,4.765625,2378800,4.8125,4.71875,3.56315541267395
12-12-1997,4.71875,4.75,1108000,4.765625,4.75,3.5867509841918945
15-12-1997,4.734375,4.78125,2812800,4.84375,4.765625,3.598550796508789
16-12-1997,4.765625,4.765625,1244000,4.875,4.828125,3.645742416381836
17-12-1997,4.828125,4.828125,2318400,4.921875,4.921875,3.7165353298187256
18-12-1997,4.828125,4.953125,2424000,5.03125,4.828125,3.645742416381836
19-12-1997,4.75,4.8125,1393200,4.90625,4.859375,3.6693408489227295
22-12-1997,4.890625,4.90625,2550800,5.046875,5.03125,3.799124240875244
23-12-1997,4.984375,5.03125,1340000,5.046875,5.015625,3.787327527999878
24-12-1997,5.0,5.0,476400,5.09375,5.09375,3.846318483352661
26-12-1997,4.902344226837158,5.0625,466400,5.09375,5.0625,3.822721481323242
29-12-1997,5.09375,5.125,1210800,5.171875,5.109375,3.8581178188323975
30-12-1997,5.0625,5.09375,1064400,5.125,5.09375,3.846318483352661
31-12-1997,5.109375,5.125,982800,5.375,5.296875,3.999699592590332
02-01-1998,5.15625,5.265625,1168800,5.3125,5.15625,3.893512725830078
05-01-1998,4.984375,5.15625,775600,5.171875,5.0,3.775526762008667
06-01-1998,4.8125,4.875,2596800,5.0,4.90625,3.7047383785247803
07-01-1998,4.90625,4.90625,1691600,5.03125,4.953125,3.740133285522461
08-01-1998,4.90625,4.9375,864000,5.03125,5.0,3.775526762008667
09-01-1998,4.75,5.0,1363200,5.0,4.765625,3.598550796508789
12-01-1998,4.640625,4.71875,846000,4.90625,4.828125,3.645742416381836
13-01-1998,4.8125,4.8125,2014000,4.984375,4.9375,3.7341341972351074
14-01-1998,4.84375,4.953125,627600,4.953125,4.953125,3.7459523677825928
15-01-1998,4.96875,5.0,382800,5.0625,5.0,3.781402587890625
16-01-1998,4.9375,4.9375,940800,5.15625,5.0625,3.8286681175231934
20-01-1998,5.09375,5.109375,3438800,5.265625,5.203125,3.93502140045166
21-01-1998,5.203125,5.203125,2057200,5.3125,5.3125,4.017738342285156
22-01-1998,5.0625,5.171875,1550800,5.1875,5.078125,3.8404853343963623
23-01-1998,4.984375,5.078125,888000,5.09375,4.984375,3.769585132598877
26-01-1998,4.921875,4.9375,860400,5.03125,4.96875,3.7577688694000244
27-01-1998,4.90625,4.921875,538000,5.03125,5.03125,3.80503511428833
28-01-1998,4.9375,5.015625,432000,5.078125,5.015625,3.7932167053222656
29-01-1998,5.046875,5.046875,1839200,5.203125,5.0625,3.8286681175231934
30-01-1998,4.96875,5.078125,1220000,5.078125,5.0,3.781402587890625
02-02-1998,4.8125,5.03125,3060800,5.03125,4.84375,3.6632332801818848
03-02-1998,4.84375,4.84375,1744000,4.96875,4.90625,3.710501194000244
04-02-1998,4.90625,4.90625,2246400,5.09375,5.0625,3.8286681175231934
05-02-1998,5.09375,5.125,2274000,5.15625,5.125,3.8759372234344482
06-02-1998,5.015625,5.171875,4299200,5.25,5.25,3.970473527908325
09-02-1998,5.140625,5.25,2310000,5.25,5.203125,3.93502140045166
10-02-1998,5.09375,5.1875,1010400,5.203125,5.203125,3.93502140045166
11-02-1998,5.125,5.234375,588400,5.234375,5.140625,3.8877511024475098
12-02-1998,5.0625,5.171875,756400,5.171875,5.140625,3.8877511024475098
13-02-1998,5.0625,5.125,1111200,5.1875,5.140625,3.8877511024475098
17-02-1998,4.984375,5.1875,1417200,5.1875,4.984375,3.769585132598877
18-02-1998,4.96875,5.0,1689200,5.15625,5.09375,3.8523025512695312
19-02-1998,5.0,5.109375,1938800,5.125,5.03125,3.80503511428833
20-02-1998,5.03125,5.046875,1436400,5.125,5.0625,3.8286681175231934
23-02-1998,4.90625,5.03125,1859600,5.046875,4.984375,3.769585132598877
24-02-1998,4.96875,5.0,1364000,5.09375,5.0625,3.8286681175231934
25-02-1998,5.0,5.09375,588800,5.109375,5.0625,3.8286681175231934
26-02-1998,5.09375,5.125,1950400,5.375,5.296875,4.005922794342041
27-02-1998,5.203125,5.25,1156800,5.375,5.34375,4.041372776031494
02-03-1998,5.34375,5.375,1378000,5.484375,5.46875,4.135908603668213
03-03-1998,5.40625,5.46875,856000,5.578125,5.53125,4.183175086975098
04-03-1998,5.484375,5.5625,1053600,5.578125,5.5,4.159545421600342
05-03-1998,5.359375,5.46875,756000,5.484375,5.453125,4.124091625213623
06-03-1998,5.3125,5.453125,1406000,5.515625,5.3125,4.017738342285156
09-03-1998,5.15625,5.359375,985200,5.359375,5.1875,3.923206329345703
10-03-1998,5.171875,5.171875,1217600,5.328125,5.328125,4.029558181762695
11-03-1998,5.25,5.28125,1084000,5.453125,5.421875,4.100456714630127
12-03-1998,5.40625,5.421875,1966000,5.515625,5.515625,4.171358108520508
13-03-1998,5.53125,5.53125,1702800,5.625,5.59375,4.230442047119141
16-03-1998,5.296875,5.53125,866400,5.546875,5.3125,4.017738342285156
17-03-1998,5.1875,5.25,1109600,5.28125,5.265625,3.9822864532470703
18-03-1998,5.15625,5.15625,981200,5.484375,5.4375,4.112273216247559
19-03-1998,5.328125,5.40625,1167600,5.515625,5.515625,4.171358108520508
20-03-1998,5.453125,5.453125,1210000,5.625,5.578125,4.218624591827393
23-03-1998,5.8125,6.0,3479600,6.03125,5.9375,4.490414619445801
24-03-1998,5.703125,5.90625,1218400,5.90625,5.71875,4.324977874755859
25-03-1998,5.6875,5.71875,905200,5.8125,5.75,4.3486127853393555
26-03-1998,5.65625,5.796875,499600,5.796875,5.75,4.3486127853393555
27-03-1998,5.625,5.75,931600,5.75,5.6875,4.301345348358154
30-03-1998,5.640625,5.71875,821600,5.75,5.71875,4.324977874755859
31-03-1998,5.609375,5.78125,1879200,5.78125,5.734375,4.336794853210449
01-04-1998,5.6875,5.6875,2113600,5.90625,5.890625,4.454963207244873
02-04-1998,5.765625,5.8125,2279600,5.90625,5.84375,4.41951322555542
03-04-1998,5.71875,5.78125,694000,5.859375,5.84375,4.41951322555542
06-04-1998,5.75,5.890625,926400,5.921875,5.765625,4.360427379608154
07-04-1998,5.75,5.765625,1249600,5.875,5.875,4.4431471824646
08-04-1998,5.75,5.84375,867200,5.90625,5.765625,4.360427379608154
09-04-1998,5.75,5.75,7786400,6.03125,5.953125,4.5022292137146
13-04-1998,5.796875,6.125,4020000,6.125,5.796875,4.389592170715332
14-04-1998,5.75,5.859375,1919200,5.890625,5.84375,4.4250898361206055
15-04-1998,5.828125,5.84375,1676800,6.0,5.96875,4.519744873046875
16-04-1998,5.765625,5.859375,687200,5.875,5.765625,4.365927696228027
17-04-1998,5.78125,5.828125,3099600,5.890625,5.875,4.4487528800964355
20-04-1998,5.765625,5.875,2513600,5.875,5.875,4.4487528800964355
21-04-1998,5.84375,5.875,1166000,5.9375,5.875,4.4487528800964355
22-04-1998,5.78125,5.875,1386400,5.875,5.78125,4.377762794494629
23-04-1998,5.5,5.84375,1807200,5.84375,5.625,4.259443759918213
24-04-1998,5.59375,5.625,1050400,5.6875,5.625,4.259443759918213
27-04-1998,5.484375,5.609375,1789600,5.609375,5.609375,4.247612476348877
28-04-1998,5.59375,5.640625,1009200,5.71875,5.703125,4.318603038787842
29-04-1998,5.734375,5.765625,2002000,5.9375,5.75,4.354098796844482
30-04-1998,5.703125,5.796875,1560400,5.859375,5.84375,4.4250898361206055
01-05-1998,5.6875,5.8125,1372000,5.84375,5.8125,4.401423931121826
04-05-1998,5.765625,5.8125,794000,5.859375,5.78125,4.377762794494629
05-05-1998,5.65625,5.78125,1035200,5.796875,5.75,4.354098796844482
06-05-1998,5.5625,5.734375,1314400,5.828125,5.578125,4.223947048187256
07-05-1998,5.5,5.546875,1893600,5.671875,5.5625,4.212116718292236
08-05-1998,5.578125,5.609375,890400,5.65625,5.625,4.259443759918213
11-05-1998,5.5625,5.671875,750800,5.671875,5.578125,4.223947048187256
12-05-1998,5.40625,5.59375,696000,5.59375,5.5,4.164788722991943
13-05-1998,5.359375,5.5625,1866400,5.578125,5.421875,4.105631351470947
14-05-1998,5.15625,5.40625,7243600,5.40625,5.21875,3.951817035675049
15-05-1998,5.234375,5.28125,3983600,5.359375,5.25,3.975482940673828
18-05-1998,5.234375,5.25,1616800,5.3125,5.28125,3.999145269393921
19-05-1998,5.15625,5.3125,768800,5.328125,5.203125,3.9399871826171875
20-05-1998,5.15625,5.1875,800800,5.296875,5.25,3.975482940673828
21-05-1998,5.15625,5.25,1499200,5.28125,5.171875,3.916325569152832
22-05-1998,5.171875,5.21875,422400,5.234375,5.171875,3.916325569152832
26-05-1998,5.0,5.234375,808000,5.25,5.0,3.7861714363098145
27-05-1998,4.875,5.015625,2644800,5.09375,4.921875,3.7270121574401855
28-05-1998,4.890625,4.90625,835200,5.0,5.0,3.7861714363098145
29-05-1998,5.0,5.0625,1610800,5.09375,5.078125,3.8453316688537598
01-06-1998,4.90625,5.03125,532000,5.03125,4.953125,3.7506752014160156
02-06-1998,4.875,4.984375,1030000,5.03125,4.984375,3.774339437484741
03-06-1998,4.90625,4.984375,724000,5.0,4.96875,3.7625091075897217
04-06-1998,4.953125,5.0,1264000,5.0625,4.96875,3.7625091075897217
05-06-1998,4.90625,5.0,1047200,5.03125,4.96875,3.7625091075897217
08-06-1998,4.8125,4.96875,1039600,4.96875,4.859375,3.679684638977051
09-06-1998,4.75,4.859375,2396000,4.859375,4.78125,3.6205272674560547
10-06-1998,4.65625,4.75,1175600,4.796875,4.65625,3.5258731842041016
11-06-1998,4.609375,4.6875,2512800,4.765625,4.609375,3.49037766456604
12-06-1998,4.59375,4.609375,2509600,4.828125,4.75,3.5968611240386963
15-06-1998,4.5625,4.671875,843600,4.71875,4.5625,3.454883575439453
16-06-1998,4.53125,4.640625,2560400,4.65625,4.5625,3.454883575439453
17-06-1998,4.59375,4.609375,1481200,4.765625,4.671875,3.537705659866333
18-06-1998,4.53125,4.734375,1182000,4.734375,4.609375,3.49037766456604
19-06-1998,4.5625,4.609375,560000,4.640625,4.59375,3.4785470962524414
22-06-1998,4.578125,4.625,2045600,4.828125,4.8125,3.6441924571990967
23-06-1998,4.8125,4.828125,3002800,5.078125,4.984375,3.774339437484741
24-06-1998,4.96875,5.015625,2459600,5.09375,5.046875,3.821665048599243
25-06-1998,4.96875,5.03125,1868800,5.078125,5.078125,3.8453316688537598
26-06-1998,5.03125,5.109375,761600,5.15625,5.0625,3.833496332168579
29-06-1998,4.953125,5.0625,966000,5.0625,5.0,3.7861714363098145
30-06-1998,4.96875,5.0,1552400,5.078125,5.0625,3.833496332168579
01-07-1998,5.0,5.125,775600,5.171875,5.03125,3.8098344802856445
02-07-1998,5.0,5.03125,619600,5.09375,5.046875,3.821665048599243
06-07-1998,4.96875,5.046875,736000,5.046875,4.984375,3.774339437484741
07-07-1998,4.875,4.984375,586000,4.984375,4.875,3.6915149688720703
08-07-1998,4.875,4.890625,297200,4.96875,4.9375,3.738845109939575
09-07-1998,4.859375,4.921875,603600,4.984375,4.875,3.6915149688720703
10-07-1998,4.703125,4.890625,919600,4.890625,4.71875,3.573198080062866
13-07-1998,4.484375,4.6875,1148400,4.75,4.484375,3.4011290073394775
14-07-1998,4.46875,4.484375,3881200,4.625,4.578125,3.472231149673462
15-07-1998,4.453125,4.5625,1971600,4.5625,4.484375,3.4011290073394775
16-07-1998,4.4375,4.46875,4154800,4.5,4.484375,3.4011290073394775
17-07-1998,4.46875,4.484375,1140000,4.5,4.484375,3.4011290073394775
20-07-1998,4.296875,4.484375,3531600,4.5,4.375,3.318173408508301
21-07-1998,4.25,4.390625,1129600,4.40625,4.265625,3.2352206707000732
22-07-1998,4.109375,4.25,6316400,4.265625,4.21875,3.1996684074401855
23-07-1998,4.171875,4.1875,3704400,4.25,4.21875,3.1996684074401855
24-07-1998,4.125,4.25,1718800,4.25,4.140625,3.140416383743286
27-07-1998,4.0,4.078125,1714400,4.140625,4.109375,3.116713762283325
28-07-1998,4.015625,4.109375,2675200,4.125,4.015625,3.045609712600708
29-07-1998,4.0,4.0,3414800,4.125,4.03125,3.0574605464935303
30-07-1998,4.0,4.0,2160000,4.171875,4.046875,3.069309949874878
31-07-1998,3.953125,4.0625,2302400,4.0625,3.96875,3.0100600719451904
03-08-1998,3.96875,4.03125,1397200,4.109375,4.0,3.0337603092193604
04-08-1998,3.78125,4.0,2195600,4.046875,3.90625,2.962655544281006
05-08-1998,3.8125,3.90625,1190400,4.03125,3.84375,2.9152534008026123
06-08-1998,3.75,3.84375,1042000,3.859375,3.84375,2.9152534008026123
07-08-1998,3.78125,3.875,2102400,3.953125,3.921875,2.974505662918091
10-08-1998,3.75,3.890625,1195600,3.890625,3.75,2.8441498279571533
11-08-1998,3.5,3.625,2526000,3.6875,3.671875,2.7848968505859375
12-08-1998,3.640625,3.640625,1011600,3.75,3.75,2.8441498279571533
13-08-1998,3.65625,3.75,1538400,3.78125,3.65625,2.7730460166931152
14-08-1998,3.65625,3.65625,1249600,3.75,3.75,2.8441498279571533
17-08-1998,3.6875,3.75,1305600,3.75,3.6875,2.7967476844787598
18-08-1998,3.65625,3.65625,1025200,3.8125,3.78125,2.867851972579956
19-08-1998,3.78125,3.796875,1506000,3.953125,3.90625,2.962655544281006
20-08-1998,3.890625,3.953125,1153200,3.96875,3.96875,3.0100600719451904
21-08-1998,3.859375,4.015625,1140400,4.03125,3.921875,2.974505662918091
24-08-1998,3.8125,3.921875,891200,3.9375,3.828125,2.903402805328369
25-08-1998,3.625,3.875,2658800,3.875,3.75,2.8441498279571533
26-08-1998,3.5625,3.6875,2456800,3.71875,3.625,2.749345541000366
27-08-1998,3.375,3.65625,2062000,3.65625,3.515625,2.6663901805877686
28-08-1998,3.34375,3.5,1750800,3.546875,3.359375,2.547884225845337
31-08-1998,3.21875,3.359375,1370800,3.40625,3.25,2.4649298191070557
01-09-1998,2.9375,3.25,2005200,3.40625,3.375,2.559734344482422
02-09-1998,3.3125,3.40625,2121200,3.484375,3.3125,2.5123326778411865
03-09-1998,3.171875,3.28125,2307600,3.34375,3.3125,2.5123326778411865
04-09-1998,3.3125,3.34375,2625600,3.546875,3.5,2.6545398235321045
08-09-1998,3.5,3.5625,1400800,3.625,3.546875,2.690091371536255
09-09-1998,3.515625,3.546875,1096000,3.59375,3.578125,2.7137932777404785
10-09-1998,3.46875,3.53125,3246400,3.640625,3.59375,2.725642681121826
11-09-1998,3.625,3.625,2548800,3.921875,3.84375,2.9152534008026123
14-09-1998,3.890625,4.03125,1546000,4.03125,3.921875,2.974505662918091
15-09-1998,3.859375,3.859375,2442000,4.09375,4.046875,3.069309949874878
16-09-1998,4.0,4.015625,2447200,4.1875,4.125,3.128566026687622
17-09-1998,4.03125,4.0625,785200,4.125,4.109375,3.116713762283325
18-09-1998,4.03125,4.09375,1340800,4.125,4.125,3.128566026687622
21-09-1998,4.0625,4.125,967200,4.1875,4.1875,3.175967216491699
22-09-1998,4.09375,4.1875,2636400,4.265625,4.109375,3.116713762283325
23-09-1998,4.171875,4.171875,4059600,4.65625,4.515625,3.4248311519622803
24-09-1998,4.34375,4.484375,1387600,4.515625,4.375,3.318173408508301
25-09-1998,4.40625,4.4375,2524800,4.6875,4.6875,3.555187702178955
28-09-1998,4.484375,4.6875,2060000,4.6875,4.484375,3.4011290073394775
29-09-1998,4.453125,4.5,896400,4.5,4.484375,3.4011290073394775
30-09-1998,4.21875,4.484375,914000,4.484375,4.375,3.318173408508301
01-10-1998,4.09375,4.375,1340400,4.375,4.140625,3.140416383743286
02-10-1998,4.0625,4.0625,980000,4.265625,4.203125,3.1878180503845215
05-10-1998,4.09375,4.234375,1690000,4.25,4.125,3.128566026687622
06-10-1998,4.0625,4.125,946800,4.1875,4.109375,3.116713762283325
07-10-1998,3.984375,4.09375,875200,4.125,4.015625,3.045609712600708
08-10-1998,3.796875,4.0,2444800,4.078125,3.875,2.938955068588257
09-10-1998,3.734375,3.9375,1623600,3.984375,3.984375,3.02190899848938
12-10-1998,3.953125,4.0625,2058000,4.0625,3.953125,2.9982094764709473
13-10-1998,3.875,3.890625,1566400,4.109375,4.109375,3.1226375102996826
14-10-1998,4.078125,4.125,4930400,4.3125,4.234375,3.217623472213745
15-10-1998,4.15625,4.265625,1736400,4.296875,4.171875,3.170131206512451
16-10-1998,4.125,4.15625,1295200,4.25,4.21875,3.2057509422302246
19-10-1998,3.953125,4.234375,1014000,4.234375,4.09375,3.1107661724090576
20-10-1998,4.109375,4.15625,2849600,4.21875,4.125,3.134512424468994
21-10-1998,4.09375,4.109375,3030800,4.3125,4.203125,3.1938765048980713
22-10-1998,4.1875,4.21875,2147600,4.375,4.359375,3.3126068115234375
23-10-1998,4.28125,4.375,1681600,4.40625,4.359375,3.3126068115234375
26-10-1998,4.34375,4.40625,1774800,4.46875,4.375,3.324481248855591
27-10-1998,4.3125,4.390625,1546000,4.515625,4.359375,3.3126068115234375
28-10-1998,4.21875,4.375,793200,4.375,4.296875,3.2651166915893555
29-10-1998,4.25,4.296875,1172800,4.453125,4.28125,3.253242015838623
30-10-1998,4.125,4.25,678800,4.25,4.171875,3.170131206512451
02-11-1998,4.109375,4.140625,1299200,4.453125,4.359375,3.3126068115234375
03-11-1998,4.203125,4.390625,1424000,4.390625,4.359375,3.3126068115234375
04-11-1998,4.28125,4.359375,916800,4.40625,4.359375,3.3126068115234375
05-11-1998,4.34375,4.359375,1730000,4.453125,4.40625,3.3482284545898438
06-11-1998,4.4375,4.4375,2287200,4.5625,4.53125,3.443211793899536
09-11-1998,4.5,4.5625,1908400,4.625,4.515625,3.4313406944274902
10-11-1998,4.28125,4.40625,1174000,4.5,4.34375,3.3007357120513916
11-11-1998,4.3125,4.359375,718800,4.375,4.3125,3.2769887447357178
12-11-1998,4.3125,4.3125,1099600,4.5,4.453125,3.38384747505188
13-11-1998,4.40625,4.484375,1274000,4.515625,4.46875,3.3957200050354004
16-11-1998,4.25,4.484375,1183600,4.484375,4.4375,3.371974468231201
17-11-1998,4.3125,4.4375,895200,4.4375,4.34375,3.3007357120513916
18-11-1998,4.296875,4.34375,804000,4.375,4.34375,3.3007357120513916
19-11-1998,4.21875,4.34375,684000,4.359375,4.21875,3.2057509422302246
20-11-1998,4.171875,4.21875,1759600,4.3125,4.21875,3.2057509422302246
23-11-1998,4.09375,4.25,1885200,4.265625,4.140625,3.1463849544525146
24-11-1998,4.0,4.09375,2756800,4.140625,4.0625,3.08701753616333
25-11-1998,4.03125,4.125,1432000,4.203125,4.03125,3.063272714614868
27-11-1998,4.03125,4.03125,222800,4.125,4.078125,3.0988922119140625
30-11-1998,3.703125,4.09375,2205200,4.09375,3.75,2.8495562076568604
01-12-1998,3.5,3.734375,2979200,3.734375,3.578125,2.7189512252807617
02-12-1998,3.359375,3.515625,3014400,3.546875,3.515625,2.6714584827423096
03-12-1998,3.25,3.46875,2423600,3.5,3.375,2.5645995140075684
04-12-1998,3.359375,3.375,1813600,3.5625,3.546875,2.6952054500579834
07-12-1998,3.546875,3.546875,3509600,3.734375,3.6875,2.80206298828125
08-12-1998,3.515625,3.671875,2256800,3.78125,3.515625,2.6714584827423096
09-12-1998,3.46875,3.515625,2302400,3.625,3.5625,2.707078218460083
10-12-1998,3.484375,3.53125,2878400,3.609375,3.5,2.65958571434021
11-12-1998,3.375,3.4375,1939200,3.578125,3.40625,2.593905448913574
14-12-1998,3.171875,3.40625,3390800,3.40625,3.21875,2.451122283935547
15-12-1998,3.203125,3.34375,10403200,3.875,3.875,2.950864553451538
16-12-1998,3.890625,4.125,13330800,4.140625,4.125,3.1412429809570312
17-12-1998,4.0,4.03125,3994800,4.21875,4.09375,3.117445707321167
18-12-1998,4.09375,4.09375,3674800,4.34375,4.203125,3.200735569000244
21-12-1998,4.0625,4.125,2814400,4.125,4.125,3.1412429809570312
22-12-1998,4.078125,4.09375,3517200,4.15625,4.140625,3.1531407833099365
23-12-1998,4.09375,4.125,3856000,4.15625,4.140625,3.1531407833099365
24-12-1998,4.140625,4.15625,605600,4.265625,4.21875,3.212635040283203
28-12-1998,4.140625,4.1875,2506000,4.25,4.1875,3.1888368129730225
29-12-1998,4.171875,4.1875,2609200,4.359375,4.28125,3.2602293491363525
30-12-1998,4.234375,4.28125,2546800,4.3125,4.28125,3.2602293491363525
31-12-1998,4.203125,4.265625,2068000,4.40625,4.3125,3.2840256690979004
04-01-1999,4.203125,4.265625,1759600,4.40625,4.375,3.3316197395324707
05-01-1999,4.34375,4.375,991200,4.4375,4.375,3.3316197395324707
06-01-1999,4.3125,4.359375,1356000,4.46875,4.453125,3.3911142349243164
07-01-1999,4.125,4.390625,2656800,4.40625,4.28125,3.2602293491363525
08-01-1999,4.265625,4.28125,3171200,4.578125,4.5,3.426809072494507
11-01-1999,4.21875,4.59375,3020400,4.609375,4.3125,3.2840256690979004
12-01-1999,4.265625,4.296875,3406000,4.546875,4.328125,3.2959251403808594
13-01-1999,4.140625,4.1875,3693200,4.3125,4.265625,3.2539687156677246
14-01-1999,4.21875,4.265625,716800,4.359375,4.234375,3.230130910873413
15-01-1999,4.15625,4.21875,830400,4.3125,4.203125,3.206291675567627
19-01-1999,4.28125,4.3125,1772800,4.46875,4.375,3.3374030590057373
20-01-1999,4.375,4.4375,1516800,4.5625,4.375,3.3374030590057373
21-01-1999,4.390625,4.40625,1546400,4.5,4.421875,3.373161554336548
22-01-1999,4.34375,4.359375,2235600,4.5,4.5,3.432757616043091
25-01-1999,4.375,4.5,1106000,4.515625,4.421875,3.373161554336548
26-01-1999,4.296875,4.40625,3531600,4.40625,4.3125,3.2897262573242188
27-01-1999,4.15625,4.359375,2788400,4.375,4.1875,3.1943717002868652
28-01-1999,4.109375,4.1875,3273200,4.234375,4.1875,3.1943717002868652
29-01-1999,4.140625,4.1875,2827200,4.421875,4.3125,3.2897262573242188
01-02-1999,4.171875,4.28125,3993200,4.28125,4.1875,3.1943717002868652
02-02-1999,3.9375,4.15625,2926800,4.1875,3.9375,3.0036630630493164
03-02-1999,3.96875,4.0,3995600,4.15625,4.109375,3.1347768306732178
04-02-1999,4.0625,4.109375,3675600,4.21875,4.125,3.146695613861084
05-02-1999,4.125,4.125,1486400,4.25,4.234375,3.230130910873413
08-02-1999,4.25,4.25,961200,4.34375,4.25,3.242050886154175
09-02-1999,4.09375,4.265625,715600,4.28125,4.265625,3.2539687156677246
10-02-1999,4.140625,4.25,565600,4.265625,4.171875,3.1824543476104736
11-02-1999,4.109375,4.1875,3232000,4.3125,4.15625,3.170534133911133
12-02-1999,4.109375,4.109375,1567200,4.265625,4.25,3.242050886154175
16-02-1999,4.0,4.1875,1332000,4.234375,4.125,3.146695613861084
17-02-1999,4.0,4.0625,1139200,4.140625,4.109375,3.1347768306732178
18-02-1999,4.015625,4.109375,800400,4.125,4.078125,3.1109366416931152
19-02-1999,4.0625,4.125,2458000,4.140625,4.09375,3.122856855392456
22-02-1999,4.046875,4.125,779600,4.25,4.109375,3.1347768306732178
23-02-1999,4.046875,4.109375,1269600,4.109375,4.0625,3.0990185737609863
24-02-1999,4.0625,4.0625,1193200,4.15625,4.078125,3.1109366416931152
25-02-1999,4.09375,4.125,1639200,4.21875,4.171875,3.1824543476104736
26-02-1999,4.078125,4.1875,1188000,4.1875,4.125,3.146695613861084
01-03-1999,3.984375,4.1875,2834400,4.1875,4.0,3.0513408184051514
02-03-1999,4.03125,4.046875,1619200,4.1875,4.046875,3.0870985984802246
03-03-1999,3.96875,4.078125,2936400,4.078125,4.0,3.0513408184051514
04-03-1999,3.953125,4.0,2527600,4.140625,4.140625,3.158613920211792
05-03-1999,4.109375,4.15625,760000,4.1875,4.1875,3.1943717002868652
08-03-1999,4.125,4.234375,1444800,4.34375,4.265625,3.2539687156677246
09-03-1999,3.921875,4.25,2306400,4.28125,4.078125,3.1109366416931152
10-03-1999,4.078125,4.125,5960000,4.34375,4.34375,3.313566207885742
11-03-1999,4.328125,4.5,5587200,4.578125,4.34375,3.313566207885742
12-03-1999,4.28125,4.34375,1056800,4.4375,4.3125,3.2897262573242188
15-03-1999,4.234375,4.328125,1176800,4.328125,4.28125,3.2658884525299072
16-03-1999,4.296875,4.34375,850000,4.375,4.34375,3.313566207885742
17-03-1999,4.34375,4.34375,1010400,4.5,4.484375,3.420840263366699
18-03-1999,4.28125,4.5,1377600,4.515625,4.328125,3.3016464710235596
19-03-1999,4.3125,4.34375,1552400,4.453125,4.390625,3.3493242263793945
22-03-1999,4.28125,4.375,790000,4.390625,4.3125,3.2897262573242188
23-03-1999,4.234375,4.25,864000,4.3125,4.296875,3.277808427810669
24-03-1999,4.171875,4.3125,1865200,4.359375,4.234375,3.230130910873413
25-03-1999,4.0625,4.25,3718000,4.25,4.125,3.146695613861084
26-03-1999,4.078125,4.1875,5338800,4.296875,4.203125,3.206291675567627
29-03-1999,4.265625,4.265625,1775600,4.359375,4.3125,3.2897262573242188
30-03-1999,4.125,4.296875,3317600,4.296875,4.140625,3.158613920211792
31-03-1999,4.140625,4.1875,1166400,4.21875,4.15625,3.170534133911133
01-04-1999,4.109375,4.140625,1318800,4.21875,4.1875,3.1943717002868652
05-04-1999,4.015625,4.25,3171600,4.25,4.203125,3.206291675567627
06-04-1999,4.140625,4.171875,2199200,4.25,4.15625,3.170534133911133
07-04-1999,4.015625,4.125,1701600,4.15625,4.09375,3.122856855392456
08-04-1999,4.03125,4.09375,1140000,4.1875,4.0625,3.0990185737609863
09-04-1999,4.0,4.0,1272000,4.171875,4.09375,3.122856855392456
12-04-1999,4.0625,4.078125,1660400,4.265625,4.234375,3.230130910873413
13-04-1999,4.1875,4.21875,4466000,4.359375,4.34375,3.3194453716278076
14-04-1999,4.234375,4.28125,1443600,4.34375,4.265625,3.2597429752349854
15-04-1999,4.25,4.25,2135200,4.5,4.453125,3.4030284881591797
16-04-1999,4.46875,4.46875,5423600,4.84375,4.734375,3.61795711517334
19-04-1999,4.671875,4.71875,2685600,4.890625,4.75,3.629896402359009
20-04-1999,4.515625,4.765625,3490800,4.765625,4.5625,3.4866139888763428
21-04-1999,4.5625,4.59375,1624000,4.6875,4.6875,3.5821354389190674
22-04-1999,4.578125,4.6875,927600,4.734375,4.65625,3.5582547187805176
23-04-1999,4.515625,4.625,994400,4.640625,4.53125,3.4627294540405273
26-04-1999,4.359375,4.546875,1046000,4.546875,4.375,3.34332537651062
27-04-1999,4.3125,4.359375,1469600,4.609375,4.609375,3.522432804107666
28-04-1999,4.609375,4.609375,1465600,4.765625,4.75,3.629896402359009
29-04-1999,4.703125,4.75,3362400,4.90625,4.78125,3.6537787914276123
30-04-1999,4.75,4.8125,1748800,4.90625,4.75,3.629896402359009
03-05-1999,4.703125,4.765625,1373600,4.78125,4.75,3.629896402359009
04-05-1999,4.75,4.78125,1937600,4.8125,4.8125,3.677659273147583
05-05-1999,4.640625,4.78125,650400,4.78125,4.703125,3.5940749645233154
06-05-1999,4.5625,4.6875,659600,4.734375,4.59375,3.5104928016662598
07-05-1999,4.453125,4.5,11700800,4.8125,4.6875,3.5821354389190674
10-05-1999,4.65625,4.703125,1980400,4.859375,4.828125,3.6895968914031982
11-05-1999,4.765625,4.78125,5866800,4.875,4.84375,3.70154070854187
12-05-1999,4.765625,4.78125,1474800,4.890625,4.84375,3.70154070854187
13-05-1999,4.8125,4.84375,2565600,4.90625,4.890625,3.737363338470459
14-05-1999,4.765625,4.875,2879600,4.9375,4.796875,3.6657180786132812
17-05-1999,4.671875,4.765625,2650800,4.8125,4.78125,3.6537787914276123
18-05-1999,4.6875,4.796875,668000,4.796875,4.734375,3.61795711517334
19-05-1999,4.734375,4.75,2219600,4.90625,4.84375,3.70154070854187
20-05-1999,4.75,4.84375,814800,4.859375,4.765625,3.6418378353118896
21-05-1999,4.734375,4.765625,1248400,4.875,4.828125,3.6895968914031982
24-05-1999,4.6875,4.828125,2362000,4.84375,4.6875,3.5821354389190674
25-05-1999,4.609375,4.6875,882000,4.734375,4.671875,3.570194721221924
26-05-1999,4.640625,4.703125,415200,4.734375,4.734375,3.61795711517334
27-05-1999,4.6875,4.71875,820400,4.734375,4.71875,3.6060147285461426
28-05-1999,4.671875,4.703125,1071200,4.78125,4.765625,3.6418378353118896
01-06-1999,4.59375,4.75,1438800,4.75,4.703125,3.5940749645233154
02-06-1999,4.6875,4.703125,1332800,4.875,4.875,3.725419282913208
03-06-1999,4.875,4.953125,2700000,5.21875,4.875,3.725419282913208
04-06-1999,4.90625,4.9375,1378000,5.078125,5.015625,3.8328850269317627
07-06-1999,5.0,5.015625,1061200,5.140625,5.125,3.916469097137451
08-06-1999,5.03125,5.03125,2679600,5.25,5.234375,4.000050067901611
09-06-1999,5.171875,5.234375,1420400,5.234375,5.203125,3.976170539855957
10-06-1999,5.15625,5.1875,1221200,5.203125,5.203125,3.976170539855957
11-06-1999,5.125,5.140625,1027600,5.265625,5.234375,4.000050067901611
14-06-1999,5.203125,5.234375,738400,5.265625,5.21875,3.9881088733673096
15-06-1999,5.21875,5.21875,1677200,5.296875,5.234375,4.000050067901611
16-06-1999,5.03125,5.265625,992800,5.265625,5.15625,3.9403491020202637
17-06-1999,5.140625,5.21875,2031200,5.375,5.34375,4.083632469177246
18-06-1999,5.25,5.359375,727600,5.375,5.328125,4.071691036224365
21-06-1999,5.25,5.359375,1009600,5.359375,5.28125,4.035874366760254
22-06-1999,5.234375,5.25,1078400,5.328125,5.265625,4.023930549621582
23-06-1999,5.125,5.203125,952400,5.296875,5.1875,3.9642281532287598
24-06-1999,5.046875,5.234375,489200,5.234375,5.109375,3.904526710510254
25-06-1999,5.078125,5.125,614400,5.125,5.09375,3.892587661743164
28-06-1999,4.75,5.09375,1345200,5.09375,5.0,3.8209447860717773
29-06-1999,4.96875,4.984375,2542400,5.0625,5.046875,3.8567652702331543
30-06-1999,5.03125,5.046875,2419600,5.25,5.0625,3.8687050342559814
01-07-1999,5.0,5.0,964400,5.09375,5.078125,3.880647897720337
02-07-1999,5.078125,5.09375,640800,5.234375,5.15625,3.9403491020202637
06-07-1999,4.984375,5.09375,1520800,5.15625,5.078125,3.880647897720337
07-07-1999,5.0,5.21875,761200,5.21875,5.09375,3.892587661743164
08-07-1999,5.0625,5.15625,738000,5.21875,5.109375,3.904526710510254
09-07-1999,4.984375,5.109375,1172400,5.171875,5.0,3.8209447860717773
12-07-1999,4.921875,5.0625,1102400,5.09375,4.953125,3.785122871398926
13-07-1999,4.859375,4.90625,936800,4.953125,4.921875,3.7669453620910645
14-07-1999,4.8125,4.984375,2089600,5.0,4.921875,3.7669453620910645
15-07-1999,4.875,4.875,1315200,4.96875,4.90625,3.7549870014190674
16-07-1999,4.890625,4.90625,758400,5.0,4.953125,3.7908637523651123
19-07-1999,4.84375,4.953125,552400,4.96875,4.9375,3.7789041996002197
20-07-1999,5.09375,5.125,4442800,5.359375,5.109375,3.9104502201080322
21-07-1999,4.921875,5.109375,1336800,5.109375,5.0,3.8267385959625244
22-07-1999,4.9375,5.015625,1292800,5.078125,5.0625,3.87457275390625
23-07-1999,5.125,5.125,1787200,5.40625,5.34375,4.089825630187988
26-07-1999,5.09375,5.3125,695200,5.34375,5.09375,3.898489236831665
27-07-1999,4.96875,5.109375,2086000,5.171875,5.0,3.8267385959625244
28-07-1999,4.984375,5.0,1353200,5.109375,5.03125,3.8506553173065186
29-07-1999,5.015625,5.046875,2756000,5.421875,5.390625,4.12570333480835
30-07-1999,5.25,5.34375,1898000,5.453125,5.34375,4.089825630187988
02-08-1999,5.21875,5.34375,828400,5.40625,5.390625,4.12570333480835
03-08-1999,5.25,5.421875,740800,5.484375,5.28125,4.041994094848633
04-08-1999,5.28125,5.296875,1095200,5.5,5.5,4.209412574768066
05-08-1999,5.5,5.5,6318800,5.90625,5.765625,4.412708282470703
06-08-1999,5.8125,5.828125,10857600,6.25,6.234375,4.77146577835083
09-08-1999,6.140625,6.25,5552400,6.296875,6.1875,4.735589027404785
10-08-1999,5.578125,6.15625,11995600,6.15625,5.59375,4.281166076660156
11-08-1999,5.625,5.625,49530800,5.96875,5.796875,4.436623573303223
12-08-1999,5.8125,5.921875,11618000,5.9375,5.875,4.4964189529418945
13-08-1999,5.796875,5.921875,3915600,5.921875,5.859375,4.484460830688477
16-08-1999,5.78125,5.84375,4842400,5.875,5.796875,4.436623573303223
17-08-1999,5.78125,5.921875,3304400,5.921875,5.8125,4.448579788208008
18-08-1999,5.78125,5.859375,2251200,5.875,5.78125,4.4246649742126465
19-08-1999,5.796875,5.796875,3824800,6.0,5.90625,4.520334720611572
20-08-1999,5.890625,5.984375,2324000,5.984375,5.921875,4.532292366027832
23-08-1999,5.859375,5.96875,2996400,5.96875,5.90625,4.520334720611572
24-08-1999,5.875,5.890625,1313600,5.984375,5.890625,4.508377552032471
25-08-1999,5.875,5.890625,3498800,5.921875,5.890625,4.508377552032471
26-08-1999,5.796875,5.875,4426800,5.90625,5.796875,4.436623573303223
27-08-1999,5.78125,5.859375,2379600,5.859375,5.796875,4.436623573303223
30-08-1999,5.78125,5.78125,1148800,5.859375,5.828125,4.460541248321533
31-08-1999,5.828125,5.828125,2851200,6.046875,5.96875,4.568169593811035
01-09-1999,5.984375,6.0,2284400,6.046875,6.015625,4.604044437408447
02-09-1999,5.796875,5.953125,2588400,5.953125,5.84375,4.472499847412109
03-09-1999,5.8125,5.875,1901600,5.890625,5.859375,4.484460830688477
07-09-1999,5.828125,5.828125,2730000,6.109375,5.984375,4.580129146575928
08-09-1999,5.921875,5.9375,4117200,6.25,6.0,4.592087268829346
09-09-1999,6.109375,6.125,3618400,6.3125,6.3125,4.8312578201293945
10-09-1999,6.046875,6.34375,2659200,6.34375,6.1875,4.735589027404785
13-09-1999,6.03125,6.1875,1657600,6.1875,6.09375,4.6638383865356445
14-09-1999,5.875,6.109375,2080800,6.125,5.890625,4.508377552032471
15-09-1999,5.71875,5.890625,2696000,5.921875,5.734375,4.388791084289551
16-09-1999,5.71875,5.75,1253600,5.8125,5.8125,4.448579788208008
17-09-1999,5.734375,5.75,1513600,5.921875,5.828125,4.460541248321533
20-09-1999,5.84375,5.875,5072800,6.1875,6.046875,4.627959728240967
21-09-1999,5.71875,6.0,3708800,6.015625,5.71875,4.376832485198975
22-09-1999,5.625,5.765625,4423600,5.84375,5.71875,4.376832485198975
23-09-1999,5.546875,5.78125,1639200,5.796875,5.578125,4.2692060470581055
24-09-1999,5.078125,5.578125,4068000,5.578125,5.234375,4.006114959716797
27-09-1999,5.328125,5.421875,3034000,5.453125,5.4375,4.1615777015686035
28-09-1999,5.03125,5.5,4129600,5.515625,5.09375,3.898489236831665
29-09-1999,5.140625,5.140625,5394800,5.3125,5.265625,4.030032157897949
30-09-1999,5.28125,5.28125,2349600,5.46875,5.3125,4.065908908843994
01-10-1999,5.265625,5.28125,1456400,5.390625,5.3125,4.065908908843994
04-10-1999,5.1875,5.25,1798000,5.359375,5.34375,4.089825630187988
05-10-1999,5.0625,5.296875,3047200,5.3125,5.25,4.018075466156006
06-10-1999,5.140625,5.234375,1636800,5.234375,5.171875,3.9582834243774414
07-10-1999,5.125,5.21875,1752000,5.390625,5.359375,4.101787090301514
08-10-1999,5.09375,5.25,3649200,5.359375,5.109375,3.9104502201080322
11-10-1999,5.046875,5.125,1274000,5.28125,5.25,4.018075466156006
12-10-1999,5.3125,5.3125,2177200,5.515625,5.4375,4.1615777015686035
13-10-1999,5.1875,5.375,2228800,5.5,5.234375,4.011649131774902
14-10-1999,5.109375,5.25,1484000,5.375,5.28125,4.047575950622559
15-10-1999,4.921875,5.296875,3327600,5.296875,5.0,3.8320248126983643
18-10-1999,4.953125,4.96875,2130800,5.09375,5.03125,3.855976104736328
19-10-1999,5.09375,5.109375,1981600,5.4375,5.28125,4.047575950622559
20-10-1999,5.34375,5.34375,2732000,5.5625,5.546875,4.251150131225586
21-10-1999,5.265625,5.515625,890000,5.5625,5.34375,4.095473766326904
22-10-1999,5.3125,5.3125,1703600,5.75,5.578125,4.275102138519287
25-10-1999,5.25,5.59375,808800,5.59375,5.390625,4.131401538848877
26-10-1999,5.28125,5.46875,1713600,5.484375,5.28125,4.047575950622559
27-10-1999,5.25,5.296875,1456000,5.421875,5.28125,4.047575950622559
28-10-1999,5.0,5.28125,2042800,5.4375,5.140625,3.93980073928833
29-10-1999,4.984375,5.140625,1572400,5.203125,5.203125,3.987698793411255
01-11-1999,5.140625,5.1875,836000,5.265625,5.25,4.023626804351807
02-11-1999,4.6875,5.25,3785600,5.25,4.8125,3.6883227825164795
03-11-1999,4.765625,4.796875,5707600,4.96875,4.921875,3.7721478939056396
04-11-1999,4.625,4.921875,1625600,4.96875,4.734375,3.6284475326538086
05-11-1999,4.34375,4.75,9891600,4.78125,4.578125,3.508694648742676
08-11-1999,4.578125,4.578125,3473600,4.71875,4.6875,3.5925230979919434
09-11-1999,4.671875,4.703125,4055600,4.859375,4.84375,3.7122719287872314
10-11-1999,4.828125,4.859375,2160800,5.0625,4.9375,3.7841241359710693
11-11-1999,4.78125,4.96875,1836400,4.96875,4.84375,3.7122719287872314
12-11-1999,4.78125,4.8125,2381600,5.015625,4.90625,3.760174036026001
15-11-1999,4.90625,4.90625,1271600,5.0625,5.03125,3.855976104736328
16-11-1999,4.78125,4.96875,1710400,5.0,4.859375,3.724247455596924
17-11-1999,4.890625,4.90625,3100400,5.453125,5.21875,3.9996743202209473
18-11-1999,4.921875,5.0625,2759200,5.15625,5.09375,3.9038732051849365
19-11-1999,4.859375,4.96875,4571600,5.015625,4.90625,3.760174036026001
22-11-1999,4.75,4.875,2540400,4.984375,4.859375,3.724247455596924
23-11-1999,4.59375,4.84375,8740800,4.875,4.8125,3.6883227825164795
24-11-1999,4.84375,4.84375,5987200,4.984375,4.9375,3.7841241359710693
26-11-1999,4.921875,4.9375,1155600,4.96875,4.9375,3.7841241359710693
29-11-1999,4.6875,4.875,4353600,4.890625,4.6875,3.5925230979919434
30-11-1999,4.546875,4.6875,3780000,4.75,4.625,3.5446245670318604
01-12-1999,4.578125,4.6875,2977600,4.75,4.671875,3.580547571182251
02-12-1999,4.453125,4.625,2751600,4.625,4.46875,3.424870014190674
03-12-1999,4.25,4.53125,1984400,4.546875,4.34375,3.329070568084717
06-12-1999,4.125,4.25,1987600,4.328125,4.125,3.1614203453063965
07-12-1999,3.625,3.875,19160000,3.953125,3.78125,2.89796781539917
08-12-1999,3.59375,3.78125,9156800,4.0,3.90625,2.9937684535980225
09-12-1999,3.75,4.015625,4218800,4.0625,3.953125,3.0296947956085205
10-12-1999,3.765625,3.984375,3742000,3.984375,3.90625,2.9937684535980225
13-12-1999,3.9375,3.96875,4740400,4.25,4.0,3.065619707107544
14-12-1999,3.9375,4.046875,2705600,4.09375,3.96875,3.041670083999634
15-12-1999,3.96875,3.96875,6146800,4.140625,4.03125,3.089569091796875
16-12-1999,4.0625,4.0625,6224000,4.234375,4.234375,3.2452447414398193
17-12-1999,4.21875,4.296875,4254800,4.296875,4.296875,3.2931454181671143
20-12-1999,4.15625,4.296875,3943200,4.3125,4.265625,3.269195318222046
21-12-1999,4.171875,4.265625,2204800,4.296875,4.25,3.257220506668091
22-12-1999,4.125,4.21875,2402000,4.25,4.203125,3.2212941646575928
23-12-1999,4.125,4.140625,4230800,4.375,4.265625,3.269195318222046
27-12-1999,4.046875,4.234375,2252800,4.296875,4.125,3.1614203453063965
28-12-1999,4.015625,4.25,3511200,4.28125,4.25,3.257220506668091
29-12-1999,4.25,4.3125,1347200,4.421875,4.328125,3.3170952796936035
30-12-1999,4.125,4.421875,1889600,4.421875,4.265625,3.269195318222046
31-12-1999,4.140625,4.21875,924400,4.390625,4.390625,3.364997386932373
03-01-2000,3.75,4.296875,3971200,4.34375,3.875,2.969818592071533
04-01-2000,3.6875,3.75,5402800,3.90625,3.875,2.969818592071533
05-01-2000,3.71875,3.8125,3598000,3.875,3.765625,2.8859920501708984
06-01-2000,3.734375,3.765625,3956000,4.125,4.078125,3.1254944801330566
07-01-2000,3.984375,4.125,2756400,4.1875,4.03125,3.089569091796875
10-01-2000,3.90625,3.96875,1998800,4.0625,4.0625,3.113518714904785
11-01-2000,4.0,4.0,2788400,4.15625,4.09375,3.13746976852417
12-01-2000,4.015625,4.078125,2079200,4.140625,4.09375,3.143228769302368
13-01-2000,4.109375,4.125,4296400,4.234375,4.171875,3.203213691711426
14-01-2000,4.140625,4.234375,5099200,4.28125,4.25,3.2631993293762207
18-01-2000,4.171875,4.3125,3706800,4.484375,4.265625,3.275195598602295
19-01-2000,4.28125,4.328125,1662400,4.453125,4.28125,3.2871930599212646
20-01-2000,4.0,4.265625,4240800,4.28125,4.1875,3.2152106761932373
21-01-2000,4.03125,4.234375,7760000,4.328125,4.0625,3.1192338466644287
24-01-2000,3.859375,4.0,5458400,4.046875,3.96875,3.047253370285034
25-01-2000,3.890625,3.96875,5332000,4.046875,3.90625,2.9992637634277344
26-01-2000,3.921875,3.921875,4566400,4.0625,3.953125,3.0352559089660645
27-01-2000,3.8125,3.96875,2605200,4.03125,3.859375,2.9632723331451416
28-01-2000,3.796875,3.859375,2298000,3.921875,3.8125,2.9272818565368652
31-01-2000,3.765625,3.875,3082800,3.984375,3.96875,3.047253370285034
01-02-2000,3.90625,3.9375,2764000,4.046875,4.0,3.071246385574341
02-02-2000,4.0625,4.0625,4101200,4.171875,4.125,3.167222261428833
03-02-2000,4.03125,4.15625,3419200,4.203125,4.03125,3.0952396392822266
04-02-2000,3.8125,4.015625,2589200,4.140625,3.921875,3.011260509490967
07-02-2000,3.859375,3.984375,3120800,4.03125,3.890625,2.98726749420166
08-02-2000,3.828125,3.921875,2361600,3.96875,3.875,2.9752697944641113
09-02-2000,3.71875,3.90625,3786400,3.96875,3.765625,2.891288995742798
10-02-2000,3.765625,3.765625,3636800,3.96875,3.96875,3.047253370285034
11-02-2000,3.8125,3.984375,3043600,3.984375,3.90625,2.9992637634277344
14-02-2000,3.828125,3.90625,2067200,3.96875,3.9375,3.0232579708099365
15-02-2000,3.921875,3.9375,2679600,4.125,4.0625,3.1192338466644287
16-02-2000,3.984375,4.09375,2467600,4.140625,3.984375,3.05924916267395
17-02-2000,3.96875,4.015625,4590800,4.046875,4.046875,3.1072371006011963
18-02-2000,3.921875,4.046875,2795200,4.0625,3.921875,3.011260509490967
22-02-2000,3.796875,3.90625,1354400,3.953125,3.875,2.9752697944641113
23-02-2000,3.671875,3.84375,2829600,3.9375,3.6875,2.8313050270080566
24-02-2000,3.4375,3.734375,5046800,3.734375,3.5,2.68734073638916
25-02-2000,3.421875,3.515625,5426400,3.5625,3.46875,2.6633460521698
28-02-2000,3.453125,3.515625,3141200,3.625,3.546875,2.723332166671753
29-02-2000,3.53125,3.546875,8637600,3.8125,3.8125,2.9272818565368652
01-03-2000,3.8125,3.875,6214400,3.9375,3.90625,2.9992637634277344
02-03-2000,4.0,4.0,8708800,4.46875,4.4375,3.4071640968322754
03-03-2000,4.15625,4.4375,6155200,4.53125,4.328125,3.3231847286224365
06-03-2000,4.25,4.28125,1912400,4.46875,4.34375,3.3351809978485107
07-03-2000,4.40625,4.53125,4027600,4.734375,4.671875,3.5871198177337646
08-03-2000,4.53125,4.65625,6978400,4.859375,4.71875,3.623110294342041
09-03-2000,4.59375,4.75,2698800,4.78125,4.6875,3.599116086959839
10-03-2000,4.5,4.609375,4815600,4.78125,4.640625,3.5631256103515625
13-03-2000,4.546875,4.578125,1570000,4.734375,4.5625,3.5031402111053467
14-03-2000,4.53125,4.578125,2675200,4.703125,4.625,3.5511302947998047
15-03-2000,4.46875,4.6875,2478400,4.71875,4.578125,3.5151350498199463
16-03-2000,4.5625,4.578125,3574800,4.84375,4.6875,3.599116086959839
17-03-2000,4.578125,4.6875,1438800,4.75,4.625,3.5511302947998047
20-03-2000,4.4375,4.578125,2441600,4.609375,4.59375,3.5271339416503906
21-03-2000,4.546875,4.59375,3318400,4.71875,4.671875,3.5871198177337646
22-03-2000,4.59375,4.78125,7837600,4.921875,4.734375,3.6351089477539062
23-03-2000,4.6875,4.75,2806000,4.765625,4.75,3.6471035480499268
24-03-2000,4.59375,4.734375,3700000,4.78125,4.609375,3.5391314029693604
27-03-2000,4.5625,4.59375,3110800,4.71875,4.609375,3.5391314029693604
28-03-2000,4.671875,4.671875,3733600,4.96875,4.828125,3.7070887088775635
29-03-2000,4.84375,4.84375,5833600,5.421875,5.273437976837158,4.049006938934326
30-03-2000,5.375,5.421875,11296000,6.015625,5.75,4.414916515350342
31-03-2000,5.296875,5.734375,6144800,5.9375,5.296875,4.067000865936279
03-04-2000,5.4375,5.5,4421600,5.84375,5.8125,4.462904930114746
04-04-2000,5.453125,5.96875,8818400,6.015625,5.671875,4.354931354522705
05-04-2000,5.46875,5.78125,4235200,5.875,5.578125,4.282950401306152
06-04-2000,5.609375,5.640625,2180800,5.84375,5.8125,4.462904930114746
07-04-2000,5.75,5.796875,2288000,5.953125,5.90625,4.534885883331299
10-04-2000,5.515625,5.890625,3462000,5.90625,5.625,4.318938732147217
11-04-2000,5.640625,5.640625,3255600,5.96875,5.859375,4.498894691467285
12-04-2000,5.953125,5.96875,6724400,6.234375,6.078125,4.672835826873779
13-04-2000,5.984375,6.0,3855200,6.171875,6.125,4.708874702453613
14-04-2000,5.71875,6.140625,4076000,6.140625,5.8125,4.46862268447876
17-04-2000,5.625,5.859375,2638800,5.859375,5.734375,4.408563137054443
18-04-2000,5.625,5.671875,2716800,5.96875,5.9375,4.564721584320068
19-04-2000,5.71875,5.90625,4382400,6.125,5.796875,4.456611633300781
20-04-2000,5.78125,6.125,5895600,6.140625,5.953125,4.5767364501953125
24-04-2000,5.765625,5.890625,4030800,5.90625,5.8125,4.46862268447876
25-04-2000,5.875,5.875,3372400,5.984375,5.90625,4.540696620941162
26-04-2000,5.875,5.9375,2989200,5.984375,5.90625,4.540696620941162
27-04-2000,5.828125,5.875,4181600,6.046875,6.0,4.612771987915039
28-04-2000,5.984375,5.984375,4572800,6.21875,6.21875,4.780947208404541
01-05-2000,6.21875,6.25,8929600,6.53125,6.46875,4.97314453125
02-05-2000,6.484375,6.5,7471200,6.84375,6.71875,5.16534423828125
03-05-2000,6.53125,6.703125,7364800,6.796875,6.5625,5.045221328735352
04-05-2000,6.53125,6.5625,8126800,7.03125,6.921875,5.321507930755615
05-05-2000,6.84375,6.859375,5255200,7.15625,7.109375,5.4656572341918945
08-05-2000,7.0,7.03125,6769200,7.359375,7.25,5.573768138885498
09-05-2000,6.9375,7.234375,6667200,7.34375,7.140625,5.489681720733643
10-05-2000,6.953125,7.109375,2924800,7.203125,7.1875,5.525720119476318
11-05-2000,7.203125,7.25,4901200,7.375,7.359375,5.657855033874512
12-05-2000,7.21875,7.375,3829600,7.4375,7.421875,5.705904483795166
15-05-2000,7.375,7.390625,6628800,7.484375,7.375,5.669866561889648
16-05-2000,6.953125,7.375,5500400,7.375,7.0,5.381569862365723
17-05-2000,7.0,7.03125,7666400,7.625,7.46875,5.741941928863525
18-05-2000,7.3125,7.4375,7371200,7.703125,7.625,5.862064361572266
19-05-2000,7.515625,7.6875,9448800,7.875,7.765625,5.970180511474609
22-05-2000,7.703125,7.78125,4984000,7.984375,7.796875,5.994203567504883
23-05-2000,7.765625,7.890625,8338000,7.96875,7.78125,5.982194423675537
24-05-2000,7.671875,7.796875,4621200,7.984375,7.703125,5.922126770019531
25-05-2000,7.421875,7.875,7182000,7.875,7.5625,5.814016342163086
26-05-2000,7.4375,7.625,5896000,7.734375,7.5,5.765966415405273
30-05-2000,7.453125,7.5,5545200,7.8125,7.78125,5.982194423675537
31-05-2000,7.796875,7.8125,7608400,8.15625,8.125,6.246463298797607
01-06-2000,7.84375,8.21875,4780400,8.21875,8.015625,6.162376403808594
02-06-2000,7.59375,8.0625,7745600,8.109375,7.625,5.862064361572266
05-06-2000,7.40625,7.625,3572800,7.625,7.546875,5.802004814147949
06-06-2000,7.484375,7.484375,5061200,7.859375,7.84375,6.030239105224609
07-06-2000,7.5625,7.84375,4528000,8.09375,7.8125,6.006214618682861
08-06-2000,7.859375,7.875,3970000,8.25,8.046875,6.1864013671875
09-06-2000,7.890625,8.046875,2680400,8.046875,7.921875,6.090300559997559
12-06-2000,7.96875,7.984375,2977200,8.234375,8.140625,6.258478164672852
13-06-2000,8.171875,8.203125,2928000,8.359375,8.3125,6.390614032745361
14-06-2000,8.296875,8.328125,2354400,8.484375,8.375,6.438662528991699
15-06-2000,8.140625,8.34375,5023200,8.421875,8.3125,6.390614032745361
16-06-2000,8.34375,8.34375,5959600,8.71875,8.65625,6.654887676239014
19-06-2000,8.375,8.625,4421600,8.703125,8.54296875,6.567796230316162
20-06-2000,8.21875,8.375,4307600,8.40625,8.390625,6.450672626495361
21-06-2000,8.171875,8.390625,6675600,8.46875,8.40625,6.462688446044922
22-06-2000,7.9375,8.578125,3479200,8.578125,8.078125,6.2104268074035645
23-06-2000,8.125,8.140625,1300400,8.390625,8.265625,6.354572772979736
26-06-2000,8.0,8.3125,1290000,8.4375,8.125,6.246463298797607
27-06-2000,7.953125,8.0625,3145200,8.25,8.234375,6.3305487632751465
28-06-2000,8.109375,8.21875,2004800,8.375,8.359375,6.426650524139404
29-06-2000,8.265625,8.375,2542400,8.578125,8.4375,6.486712455749512
30-06-2000,8.1875,8.4375,3358000,8.59375,8.351563453674316,6.420645713806152
03-07-2000,8.1875,8.390625,955200,8.453125,8.234375,6.3305487632751465
05-07-2000,7.3125,8.21875,8606400,8.21875,7.390625,5.68187952041626
06-07-2000,6.828125,7.625,13292400,7.71875,7.1875,5.525720119476318
07-07-2000,7.046875,7.125,7344800,7.53125,7.5,5.765966415405273
10-07-2000,7.5625,7.984375,5566400,8.0,7.59375,5.838040828704834
11-07-2000,7.625,7.625,10232800,8.125,8.09375,6.222440242767334
12-07-2000,7.84375,8.375,6577200,8.390625,7.859375,6.0422539710998535
13-07-2000,7.546875,7.84375,6513200,8.09375,7.984375,6.145193576812744
14-07-2000,7.75,7.984375,2781600,8.046875,7.875,6.061013698577881
17-07-2000,7.515625,7.875,5228000,8.109375,7.59375,5.844547271728516
18-07-2000,7.53125,7.53125,5148800,7.875,7.875,6.061013698577881
19-07-2000,7.6875,7.859375,2002000,7.875,7.734375,5.952780723571777
20-07-2000,7.140625,7.734375,4954000,7.734375,7.25,5.579981803894043
21-07-2000,6.734375,7.3125,5475600,7.3125,7.015625,5.399590492248535
24-07-2000,6.75,7.03125,4165600,7.125,6.828125,5.255284786224365
25-07-2000,6.671875,6.96875,4645600,7.125,6.75,5.19515323638916
26-07-2000,6.75,6.765625,5205200,7.046875,6.953125,5.3514885902404785
27-07-2000,7.015625,7.015625,6708400,7.453125,7.375,5.676187038421631
28-07-2000,7.375,7.375,3148000,7.671875,7.5,5.772393226623535
31-07-2000,7.265625,7.75,2477200,7.75,7.390625,5.688212871551514
01-08-2000,7.359375,7.375,3064400,7.84375,7.71875,5.940755367279053
02-08-2000,7.703125,7.703125,4163600,8.015625,8.0,6.157218933105469
03-08-2000,7.875,8.125,4956000,8.5,7.875,6.061013698577881
04-08-2000,7.890625,8.03125,4012000,8.296875,8.171875,6.2895050048828125
07-08-2000,8.15625,8.21875,2492800,8.375,8.23828125,6.340612888336182
08-08-2000,8.171875,8.234375,3491200,8.4375,8.203125,6.313555717468262
09-08-2000,8.28125,8.484375,2464000,8.484375,8.28125,6.373683929443359
10-08-2000,8.375,8.4375,5085600,8.65625,8.546875,6.578121185302734
11-08-2000,8.453125,8.59375,2801600,8.609375,8.5625,6.59014892578125
14-08-2000,8.578125,8.578125,9181200,8.984375,8.6875,6.686354160308838
15-08-2000,8.75,8.75,3815200,9.0,8.875,6.830663681030273
16-08-2000,8.765625,8.890625,4539600,9.0,8.8125,6.782559871673584
17-08-2000,8.9375,8.9375,7969600,9.4375,9.0625,6.974975109100342
18-08-2000,8.84375,9.125,3105200,9.1875,9.03125,6.950925827026367
21-08-2000,8.953125,9.203125,3074400,9.265625,9.09375,6.999024391174316
22-08-2000,9.125,9.21875,3228000,9.375,9.171875,7.059154033660889
23-08-2000,9.203125,9.25,4234000,9.53125,9.4375,7.263595104217529
24-08-2000,9.25,9.4375,5120000,9.515625,9.5,7.311699390411377
25-08-2000,9.296875,9.46875,2270000,9.515625,9.484375,7.29966926574707
28-08-2000,9.4375,9.484375,2191600,9.609375,9.484375,7.29966926574707
29-08-2000,9.4375,9.53125,4318800,9.875,9.734375,7.492084503173828
30-08-2000,9.328125,9.734375,5579200,9.78125,9.46875,7.287647724151611
31-08-2000,9.515625,9.5625,2158400,9.6875,9.5625,7.359800338745117
01-09-2000,9.609375,9.625,3648000,9.796875,9.625,7.407904148101807
05-09-2000,9.5,9.5625,2422400,9.65625,9.625,7.407904148101807
06-09-2000,9.5625,9.59375,5343200,9.8125,9.8125,7.552215099334717
07-09-2000,9.65625,9.8125,2734000,9.828125,9.828125,7.564237594604492
08-09-2000,9.453125,9.671875,3470800,9.734375,9.6875,7.456007480621338
11-09-2000,9.625,9.6875,3152800,9.96875,9.921875,7.636394500732422
12-09-2000,9.84375,9.96875,4668000,10.125,10.0625,7.744629383087158
13-09-2000,9.6875,10.125,4134800,10.125,9.8125,7.552215099334717
14-09-2000,9.578125,9.8125,1876000,9.9375,9.90625,7.624370098114014
15-09-2000,9.78125,9.890625,4874400,10.09375,9.875,7.600316047668457
18-09-2000,9.84375,9.875,4268400,10.046875,9.98828125,7.687504291534424
19-09-2000,9.640625,9.984375,4907200,10.0625,9.703125,7.468031406402588
20-09-2000,9.703125,9.765625,6606800,10.125,9.921875,7.636394500732422
21-09-2000,9.53125,9.875,5988400,9.875,9.5625,7.359800338745117
22-09-2000,9.4375,9.5,5231200,9.828125,9.5,7.311699390411377
25-09-2000,8.96875,9.421875,4980400,9.421875,9.296875,7.155359745025635
26-09-2000,9.359375,9.359375,3000800,9.875,9.734375,7.492084503173828
27-09-2000,9.734375,9.796875,3685600,9.953125,9.875,7.600316047668457
28-09-2000,9.75,9.96875,3528800,10.03125,9.75,7.504110813140869
29-09-2000,9.65625,9.8125,4221600,10.21875,9.71875,7.480060577392578
02-10-2000,9.828125,9.859375,2756400,10.0,9.921875,7.636394500732422
03-10-2000,9.8125,9.921875,2165600,9.9375,9.875,7.600316047668457
04-10-2000,9.390625,9.828125,5314000,9.84375,9.40625,7.239543914794922
05-10-2000,9.1875,9.453125,3250000,9.5,9.234375,7.107255935668945
06-10-2000,9.25,9.25,4725200,9.515625,9.484375,7.29966926574707
09-10-2000,9.375,9.53125,1105600,9.65625,9.46875,7.287647724151611
10-10-2000,9.5,9.53125,8097600,10.21875,10.140625,7.8047566413879395
11-10-2000,10.265625,10.34375,11044800,10.71875,10.5625,8.129451751708984
12-10-2000,10.40625,10.5,6430000,10.765625,10.53125,8.105403900146484
13-10-2000,10.25,10.5,4662000,10.5,10.390625,8.00381851196289
16-10-2000,10.1875,10.5,3360400,10.5,10.21875,7.871424198150635
17-10-2000,10.21875,10.25,5753200,10.671875,10.625,8.184359550476074
18-10-2000,10.546875,10.625,8033200,10.8125,10.5625,8.136212348937988
19-10-2000,10.546875,10.59375,5792000,10.75,10.546875,8.124176979064941
20-10-2000,10.578125,10.59375,4158000,10.875,10.859375,8.36489486694336
23-10-2000,10.46875,10.875,3183600,10.96875,10.734375,8.268606185913086
24-10-2000,9.78125,10.6875,4280000,10.75,10.0,7.702922821044922
25-10-2000,8.828125,9.84375,9694400,9.859375,9.203125,7.089095592498779
26-10-2000,9.203125,9.203125,5334000,9.5,9.46875,7.293707847595215
27-10-2000,9.0,9.46875,6653600,9.75,9.5625,7.365921497344971
30-10-2000,9.28125,9.46875,3210800,9.671875,9.65625,7.438135623931885
31-10-2000,9.40625,9.625,3737600,9.875,9.84375,7.5825653076171875
01-11-2000,10.265625,10.734375,85014000,10.859375,10.53125,8.112144470214844
02-11-2000,10.234375,10.5,11438400,10.5,10.265625,7.907532215118408
03-11-2000,10.125,10.265625,3452400,10.421875,10.125,7.799212455749512
06-11-2000,9.84375,10.140625,3538400,10.140625,9.96875,7.6788554191589355
07-11-2000,9.859375,10.0625,2476800,10.15625,9.96875,7.6788554191589355
08-11-2000,10.015625,10.03125,4343600,10.296875,10.21875,7.871424198150635
09-11-2000,9.859375,10.21875,2184400,10.25,9.921875,7.6427459716796875
10-11-2000,9.921875,9.984375,1820000,10.03125,9.96875,7.6788554191589355
13-11-2000,9.703125,10.0,2876400,10.046875,9.734375,7.49831485748291
14-11-2000,9.75,9.75,3869600,10.125,10.0625,7.751068592071533
15-11-2000,10.1875,10.1875,6206800,10.984375,10.9375,8.425073623657227
16-11-2000,10.75,10.9375,6700000,11.25,11.109375,8.557465553283691
17-11-2000,10.78125,11.046875,3281600,11.109375,10.90625,8.40100383758545
20-11-2000,10.5,10.96875,3038000,10.96875,10.5625,8.136212348937988
21-11-2000,10.4375,10.453125,6115600,11.0,10.984375,8.461183547973633
22-11-2000,10.71875,10.984375,3240800,11.0625,11.0,8.47321605682373
24-11-2000,11.1875,11.234375,2414800,11.40625,11.375,8.762076377868652
27-11-2000,11.15625,11.390625,3186800,11.5,11.4375,8.810224533081055
28-11-2000,11.296875,11.4375,3921600,11.59375,11.3125,8.713933944702148
29-11-2000,10.40625,11.25,5480400,11.265625,10.703125,8.244538307189941
30-11-2000,10.34375,10.703125,8427600,11.109375,10.609375,8.172318458557129
01-12-2000,10.625,10.671875,5049600,11.109375,11.109375,8.557465553283691
04-12-2000,11.171875,11.171875,4766800,11.671875,11.5,8.858362197875977
05-12-2000,11.390625,11.5,7538000,11.921875,11.515625,8.870400428771973
06-12-2000,11.65625,11.8125,5345600,11.984375,11.90625,9.171294212341309
07-12-2000,10.953125,12.0,10778800,12.21875,11.359375,8.750036239624023
08-12-2000,11.109375,11.46875,7000000,11.5,11.40625,8.786147117614746
11-12-2000,11.4375,11.46875,3144000,11.921875,11.875,9.14721965789795
12-12-2000,11.5625,11.875,3772400,12.09375,12.078125,9.30368423461914
13-12-2000,12.015625,12.078125,6840400,12.375,12.234375,9.42404842376709
14-12-2000,11.734375,11.9375,6851600,12.15625,11.796875,9.087048530578613
15-12-2000,11.703125,11.75,4900400,11.984375,11.90625,9.171294212341309
18-12-2000,11.921875,11.9375,6525600,12.609375,12.375,9.532371520996094
19-12-2000,12.390625,12.390625,8017600,12.984375,12.609375,9.712905883789062
20-12-2000,12.40625,12.59375,6236800,12.9375,12.53125,9.652729988098145
21-12-2000,12.625,12.625,6930000,13.125,12.90625,9.941587448120117
22-12-2000,12.75,12.921875,2170400,13.015625,13.0,10.013798713684082
26-12-2000,13.0,13.0,7116400,13.96875,13.890625,10.699845314025879
27-12-2000,13.625,13.875,5626400,14.015625,14.015625,10.796127319335938
28-12-2000,13.84375,13.96875,5019200,14.171875,14.109375,10.868345260620117
29-12-2000,13.484375,14.109375,4861200,14.15625,13.65625,10.519307136535645
02-01-2001,13.15625,13.609375,8253200,13.875,13.390625,10.314692497253418
03-01-2001,12.140625,13.25,10621200,13.46875,12.25,9.436080932617188
04-01-2001,11.375,12.25,14894000,12.359375,11.59375,8.93057632446289
05-01-2001,11.59375,11.84375,6247200,12.109375,11.953125,9.207402229309082
08-01-2001,12.0,12.0,7047200,12.609375,12.28125,9.460153579711914
09-01-2001,11.890625,12.4375,7630000,12.453125,12.09375,9.31572151184082
10-01-2001,12.09375,12.125,4845600,12.59375,12.171875,9.375905990600586
11-01-2001,11.84375,12.3125,4665600,12.484375,11.90625,9.171294212341309
12-01-2001,11.59375,11.875,6849600,11.875,11.703125,9.021455764770508
16-01-2001,11.375,11.4375,4787200,12.078125,11.984375,9.238259315490723
17-01-2001,11.078125,11.921875,7710800,11.921875,11.171875,8.611942291259766
18-01-2001,10.265625,10.9375,14735600,10.9375,10.875,8.383090019226074
19-01-2001,10.546875,10.75,9270400,11.1875,11.0625,8.527626991271973
22-01-2001,11.0625,11.0625,3670000,11.375,11.25,8.672164916992188
23-01-2001,11.3125,11.328125,5634400,11.609375,11.5,8.86487865447998
24-01-2001,11.375,11.515625,6909600,11.734375,11.5,8.86487865447998
25-01-2001,11.453125,11.5,3667600,11.890625,11.828125,9.117815017700195
26-01-2001,11.640625,11.765625,4761200,11.953125,11.71875,9.033501625061035
29-01-2001,11.345000267028809,11.717499732971191,3847600,11.875,11.345000267028809,8.745396614074707
30-01-2001,10.930000305175781,11.34749984741211,4783200,11.397500038146973,11.125,8.575807571411133
31-01-2001,10.875,11.125,6278000,11.3100004196167,10.9350004196167,8.429340362548828
01-02-2001,10.550000190734863,11.037500381469727,4325600,11.119999885559082,10.8125,8.33491325378418
02-02-2001,10.875,10.875,7096000,11.375,11.362500190734863,8.758883476257324
05-02-2001,11.074999809265137,11.074999809265137,3293200,11.537500381469727,11.3125,8.720344543457031
06-02-2001,11.244999885559082,11.4375,3076800,11.6875,11.52750015258789,8.886076927185059
07-02-2001,11.3149995803833,11.725000381469727,4278000,11.949999809265137,11.84000015258789,9.126969337463379
08-02-2001,11.5,11.75,2854400,11.9375,11.524999618530273,8.884154319763184
09-02-2001,11.4975004196167,11.52750015258789,3979200,11.992500305175781,11.867500305175781,9.148168563842773
12-02-2001,11.550000190734863,12.137499809265137,3979200,12.1875,11.642499923706055,8.974723815917969
13-02-2001,11.375,11.462499618530273,3431600,11.835000038146973,11.789999961853027,9.088430404663086
14-02-2001,11.75,11.800000190734863,3619200,12.079999923706055,11.767499923706055,9.071078300476074
15-02-2001,11.25,11.765000343322754,4911200,11.765000343322754,11.324999809265137,8.729979515075684
16-02-2001,11.432499885559082,11.574999809265137,4524400,11.800000190734863,11.510000228881836,8.872589111328125
20-02-2001,11.4375,11.512499809265137,3381200,11.6875,11.460000038146973,8.834041595458984
21-02-2001,11.175000190734863,11.574999809265137,6849600,11.8125,11.175000190734863,8.61435317993164
22-02-2001,11.0,11.237500190734863,3140400,11.324999809265137,11.024999618530273,8.49871826171875
23-02-2001,10.774999618530273,11.02750015258789,3176400,11.220000267028809,10.897500038146973,8.400435447692871
26-02-2001,10.887499809265137,10.962499618530273,4626000,11.125,11.069999694824219,8.533408164978027
27-02-2001,11.037500381469727,11.0600004196167,2584400,11.237500190734863,11.092499732971191,8.550750732421875
28-02-2001,10.75,11.092499732971191,3330000,11.092499732971191,10.899999618530273,8.402364730834961
01-03-2001,10.75,10.8125,4851200,10.987500190734863,10.90999984741211,8.410074234008789
02-03-2001,10.975000381469727,11.074999809265137,9336000,11.307499885559082,11.274999618530273,8.69143295288086
05-03-2001,11.375,11.399999618530273,2931200,11.625,11.430000305175781,8.810917854309082
06-03-2001,11.574999809265137,11.600000381469727,4499600,11.725000381469727,11.587499618530273,8.932328224182129
07-03-2001,11.824999809265137,11.887499809265137,8378800,12.300000190734863,12.194999694824219,9.40062427520752
08-03-2001,11.949999809265137,12.425000190734863,5651200,12.577500343322754,12.5625,9.683917045593262
09-03-2001,12.359999656677246,12.5,6679200,12.675000190734863,12.602499961853027,9.714749336242676
12-03-2001,11.854999542236328,12.475000381469727,4880800,12.5,11.875,9.153948783874512
13-03-2001,11.492500305175781,11.8725004196167,6553200,11.897500038146973,11.729999542236328,9.0421781539917
14-03-2001,11.300000190734863,11.449999809265137,4060400,11.637499809265137,11.387499809265137,8.778154373168945
15-03-2001,11.125,11.600000381469727,3136400,11.625,11.197500228881836,8.631694793701172
16-03-2001,11.0649995803833,11.125,4697600,11.34749984741211,11.199999809265137,8.633621215820312
19-03-2001,11.149999618530273,11.149999618530273,2903600,11.4975004196167,11.417499542236328,8.801281929016113
20-03-2001,11.364999771118164,11.479999542236328,5006800,11.8725004196167,11.675000190734863,8.999778747558594
21-03-2001,10.975000381469727,11.699999809265137,5675600,11.732500076293945,11.024999618530273,8.49871826171875
22-03-2001,10.399999618530273,11.024999618530273,4847600,11.037500381469727,10.710000038146973,8.255901336669922
23-03-2001,10.625,10.734999656677246,3486400,11.0625,10.869999885559082,8.379239082336426
26-03-2001,10.800000190734863,10.8725004196167,4236000,11.0625,10.857500076293945,8.369601249694824
27-03-2001,10.512499809265137,10.875,11815600,10.954999923706055,10.585000038146973,8.159542083740234
28-03-2001,10.399999618530273,10.625,2657200,10.734999656677246,10.484999656677246,8.082456588745117
29-03-2001,9.824999809265137,10.3125,6588000,10.3149995803833,10.022500038146973,7.72593355178833
30-03-2001,10.022500038146973,10.022500038146973,5249200,10.362500190734863,10.307499885559082,7.945627212524414
02-04-2001,9.857500076293945,10.369999885559082,8120800,10.399999618530273,9.914999961853027,7.643067836761475
03-04-2001,9.414999961853027,9.912500381469727,5719600,9.925000190734863,9.47249984741211,7.301961898803711
04-04-2001,9.475000381469727,9.625,7132400,9.892499923706055,9.78499984741211,7.542859077453613
05-04-2001,9.725000381469727,9.800000190734863,8214800,10.104999542236328,10.082500457763672,7.772186756134033
06-04-2001,9.787500381469727,10.100000381469727,3359200,10.119999885559082,10.087499618530273,7.776036262512207
09-04-2001,10.274999618530273,10.274999618530273,2413600,10.5,10.5,8.09402084350586
10-04-2001,10.505000114440918,10.649999618530273,4311600,10.78499984741211,10.742500305175781,8.280950546264648
11-04-2001,10.640000343322754,10.925000190734863,3938000,10.925000190734863,10.65999984741211,8.22501277923584
12-04-2001,10.662500381469727,10.72249984741211,3683600,10.875,10.84000015258789,8.36390209197998
16-04-2001,10.824999809265137,10.824999809265137,3398800,11.212499618530273,11.15250015258789,8.605010032653809
17-04-2001,11.0,11.149999618530273,5079600,11.350000381469727,11.327500343322754,8.740043640136719
18-04-2001,11.100000381469727,11.329999923706055,8219600,11.457500457763672,11.1225004196167,8.581868171691895
19-04-2001,10.4375,11.0600004196167,8235200,11.074999809265137,10.8149995803833,8.344608306884766
20-04-2001,10.6875,10.787500381469727,3693600,11.024999618530273,10.925000190734863,8.429485321044922
23-04-2001,10.975000381469727,11.0,9175200,11.737500190734863,11.725000381469727,9.04675006866455
24-04-2001,11.5625,11.5625,6566400,11.899999618530273,11.662500381469727,8.998518943786621
25-04-2001,11.712499618530273,11.875,5232000,11.9975004196167,11.922499656677246,9.199130058288574
26-04-2001,11.957500457763672,12.149999618530273,4258000,12.255000114440918,11.957500457763672,9.226136207580566
27-04-2001,11.6875,11.960000038146973,4216000,11.9975004196167,11.824999809265137,9.12390422821045
30-04-2001,11.350000381469727,11.800000190734863,5856800,12.0,11.59749984741211,8.948368072509766
01-05-2001,11.25,11.5600004196167,7300000,11.5600004196167,11.362500190734863,8.767046928405762
02-05-2001,10.602499961853027,11.25,9256000,11.2524995803833,10.609999656677246,8.186429977416992
03-05-2001,10.287500381469727,10.625,6272400,10.800000190734863,10.52750015258789,8.122782707214355
04-05-2001,10.5625,10.5625,6524400,11.0,10.907500267028809,8.415979385375977
07-05-2001,10.887499809265137,11.100000381469727,5735200,11.149999618530273,10.912500381469727,8.419837951660156
08-05-2001,10.782500267028809,10.9375,2998000,11.050000190734863,11.0,8.487345695495605
09-05-2001,11.0,11.0,3400000,11.300000190734863,11.300000190734863,8.718822479248047
10-05-2001,11.100000381469727,11.274999618530273,4598000,11.350000381469727,11.145000457763672,8.599225997924805
11-05-2001,11.02750015258789,11.149999618530273,4509200,11.149999618530273,11.102499961853027,8.566437721252441
14-05-2001,11.162500381469727,11.267499923706055,3010000,11.362500190734863,11.362500190734863,8.767046928405762
15-05-2001,11.362500190734863,11.362500190734863,5835600,11.862500190734863,11.789999961853027,9.096895217895508
16-05-2001,11.800000190734863,11.850000381469727,7744400,12.1225004196167,11.819999694824219,9.120038986206055
17-05-2001,11.537500381469727,11.6274995803833,5707200,12.100000381469727,12.022500038146973,9.276286125183105
18-05-2001,12.012499809265137,12.022500038146973,3606400,12.3725004196167,12.305000305175781,9.494256019592285
21-05-2001,12.307499885559082,12.329999923706055,3418800,12.46500015258789,12.444999694824219,9.602280616760254
22-05-2001,12.177499771118164,12.4375,4126000,12.4375,12.345000267028809,9.52511978149414
23-05-2001,11.675000190734863,12.125,9073600,12.199999809265137,11.692500114440918,9.021663665771484
24-05-2001,11.25,11.444999694824219,9324400,11.574999809265137,11.4975004196167,8.871211051940918
25-05-2001,11.274999618530273,11.375,5101600,11.524999618530273,11.369999885559082,8.772833824157715
29-05-2001,11.162500381469727,11.489999771118164,3372000,11.625,11.279999732971191,8.703393936157227
30-05-2001,10.875,11.279999732971191,6669200,11.279999732971191,11.25,8.680244445800781
31-05-2001,11.02750015258789,11.1875,4746000,11.319999694824219,11.22249984741211,8.659028053283691
01-06-2001,10.949999809265137,11.262499809265137,3074000,11.362500190734863,11.25,8.680244445800781
04-06-2001,11.362500190734863,11.4375,2226800,11.517499923706055,11.407500267028809,8.801769256591797
05-06-2001,11.170000076293945,11.1875,5043200,11.352499961853027,11.262499809265137,8.689888954162598
06-06-2001,10.375,11.125,11105200,11.1274995803833,10.4399995803833,8.055264472961426
07-06-2001,10.212499618530273,10.4399995803833,12032400,10.4399995803833,10.289999961853027,7.939530849456787
08-06-2001,9.979999542236328,10.40999984741211,7369200,10.462499618530273,10.332500457763672,7.972321510314941
11-06-2001,10.25,10.425000190734863,6295200,10.537500381469727,10.470000267028809,8.078413009643555
12-06-2001,10.555000305175781,10.699999809265137,6145200,10.8125,10.6875,8.246232032775879
13-06-2001,10.3774995803833,10.774999618530273,4375600,10.9350004196167,10.395000457763672,8.020545959472656
14-06-2001,10.1875,10.397500038146973,3242000,10.397500038146973,10.204999923706055,7.873945236206055
15-06-2001,10.052499771118164,10.052499771118164,2508000,10.362500190734863,10.180000305175781,7.854659557342529
18-06-2001,9.859999656677246,10.175000190734863,6752000,10.175000190734863,9.875,7.619324207305908
19-06-2001,9.807499885559082,10.0,6956400,10.0,9.967499732971191,7.690698623657227
20-06-2001,9.744999885559082,9.9975004196167,4713600,10.119999885559082,9.77750015258789,7.544093132019043
21-06-2001,9.0,9.84000015258789,7860400,9.850000381469727,9.237500190734863,7.127446174621582
22-06-2001,9.087499618530273,9.274999618530273,7061600,9.524999618530273,9.505000114440918,7.333838939666748
25-06-2001,9.350000381469727,9.350000381469727,6090800,9.574999809265137,9.382499694824219,7.239323139190674
26-06-2001,9.25,9.375,4338000,9.524999618530273,9.489999771118164,7.322267055511475
27-06-2001,9.100000381469727,9.364999771118164,4978800,9.364999771118164,9.177499771118164,7.08114767074585
28-06-2001,8.727499961853027,9.202500343322754,7068000,9.202500343322754,8.78499984741211,6.77830171585083
29-06-2001,8.800000190734863,8.975000381469727,6892800,9.047499656677246,8.887499809265137,6.857392311096191
02-07-2001,8.625,9.012499809265137,4527600,9.024999618530273,8.71500015258789,6.72429895401001
03-07-2001,8.699999809265137,8.71500015258789,3196000,8.897500038146973,8.845000267028809,6.824601173400879
05-07-2001,8.850000381469727,8.850000381469727,3009200,9.199999809265137,9.012499809265137,6.953836917877197
06-07-2001,8.885000228881836,9.1225004196167,2991600,9.2475004196167,9.199999809265137,7.098509311676025
09-07-2001,8.824999809265137,9.149999618530273,6753200,9.149999618530273,8.850000381469727,6.82846212387085
10-07-2001,8.6875,8.925000190734863,10427200,9.0,8.739999771118164,6.743585586547852
11-07-2001,8.149999618530273,8.5625,6388000,8.5625,8.4375,6.510181427001953
12-07-2001,8.180000305175781,8.462499618530273,5466400,8.625,8.3149995803833,6.415665149688721
13-07-2001,8.212499618530273,8.274999618530273,3511600,8.65250015258789,8.4975004196167,6.564371585845947
16-07-2001,8.085000038146973,8.3725004196167,3558800,8.574999809265137,8.15250015258789,6.297859191894531
17-07-2001,7.875,7.875,8650800,8.100000381469727,7.954999923706055,6.14528751373291
18-07-2001,7.699999809265137,7.957499980926514,5303600,7.972499847412109,7.832499980926514,6.050655841827393
19-07-2001,7.75,7.849999904632568,3556000,7.985000133514404,7.867499828338623,6.077693462371826
20-07-2001,7.887499809265137,7.90500020980835,5237200,8.087499618530273,8.029999732971191,6.2032246589660645
23-07-2001,8.0,8.125,4372000,8.239999771118164,8.024999618530273,6.1993632316589355
24-07-2001,7.699999809265137,8.029999732971191,3461600,8.029999732971191,7.71999979019165,5.963749885559082
25-07-2001,7.6875,7.855000019073486,7194000,8.470000267028809,8.467499732971191,6.541198253631592
26-07-2001,8.4399995803833,8.5,5642800,8.6875,8.625,6.66286563873291
27-07-2001,8.484999656677246,8.75,6578400,9.125,9.09749984741211,7.027880668640137
30-07-2001,8.84749984741211,8.949999809265137,5908000,9.22249984741211,8.850000381469727,6.8366827964782715
31-07-2001,8.625,9.125,4961200,9.125,8.837499618530273,6.827025413513184
01-08-2001,8.600000381469727,8.925000190734863,6032400,9.072500228881836,8.649999618530273,6.6821794509887695
02-08-2001,8.524999618530273,8.6875,4145200,8.824999809265137,8.800000190734863,6.798056125640869
03-08-2001,8.524999618530273,8.75,2132800,8.772500038146973,8.592499732971191,6.637759208679199
06-08-2001,8.40999984741211,8.567500114440918,2708400,8.704999923706055,8.479999542236328,6.550853729248047
07-08-2001,8.40250015258789,8.5,2272000,8.617500305175781,8.40250015258789,6.490983009338379
08-08-2001,8.02750015258789,8.4375,2886000,8.512499809265137,8.042499542236328,6.212881088256836
09-08-2001,7.940000057220459,8.042499542236328,3616000,8.154999732971191,8.037500381469727,6.209021091461182
10-08-2001,8.012499809265137,8.0625,1857600,8.237500190734863,8.1274995803833,6.278542518615723
13-08-2001,8.0,8.0,5830000,8.322500228881836,8.180000305175781,6.319104194641113
14-08-2001,8.27750015258789,8.375,3488400,8.375,8.375,6.469742774963379
15-08-2001,8.324999809265137,8.324999809265137,8561200,9.052499771118164,9.050000190734863,6.991179943084717
16-08-2001,8.770000457763672,9.037500381469727,7024800,9.039999961853027,9.020000457763672,6.968009948730469
17-08-2001,8.625,9.020000457763672,2636400,9.020000457763672,8.8149995803833,6.809640884399414
20-08-2001,8.524999618530273,8.8125,2693200,8.8149995803833,8.537500381469727,6.595271587371826
21-08-2001,8.462499618530273,8.625,1725600,8.647500038146973,8.524999618530273,6.5856146812438965
22-08-2001,8.375,8.612500190734863,4884400,8.925000190734863,8.427499771118164,6.5102972984313965
23-08-2001,8.287500381469727,8.477499961853027,5970800,8.477499961853027,8.317500114440918,6.425320148468018
24-08-2001,8.100000381469727,8.255000114440918,3474000,8.300000190734863,8.1850004196167,6.322965621948242
27-08-2001,8.037500381469727,8.1875,4073600,8.227499961853027,8.130000114440918,6.280477523803711
28-08-2001,8.024999618530273,8.067500114440918,3018000,8.140000343322754,8.03499984741211,6.207086563110352
29-08-2001,7.875,8.119999885559082,4306000,8.194999694824219,8.050000190734863,6.218676567077637
30-08-2001,7.752500057220459,8.100000381469727,6051200,8.109999656677246,7.894999980926514,6.098937034606934
31-08-2001,7.8125,7.894999980926514,3770800,7.987500190734863,7.90500020980835,6.106665134429932
04-09-2001,8.0,8.125,3626800,8.137499809265137,8.125,6.276617050170898
05-09-2001,7.815000057220459,8.0625,6250800,8.0649995803833,7.9375,6.13176965713501
06-09-2001,7.887499809265137,7.949999809265137,3097600,8.225000381469727,8.145000457763672,6.292064666748047
07-09-2001,8.024999618530273,8.074999809265137,3075600,8.274999618530273,8.167499542236328,6.309444904327393
10-09-2001,8.055000305175781,8.079999923706055,4176800,8.270000457763672,8.182499885559082,6.3210320472717285
17-09-2001,7.675000190734863,8.199999809265137,4968800,8.297499656677246,7.692500114440918,5.942503929138184
18-09-2001,7.15749979019165,7.492499828338623,6273600,7.659999847412109,7.247499942779541,5.598738670349121
19-09-2001,6.755000114440918,7.247499942779541,7279200,7.300000190734863,7.022500038146973,5.424922943115234
20-09-2001,6.902500152587891,6.987500190734863,4937600,7.244999885559082,6.972499847412109,5.3862996101379395
21-09-2001,6.662499904632568,6.6875,4749600,7.144999980926514,7.097499847412109,5.48286247253418
24-09-2001,6.775000095367432,7.474999904632568,9009200,7.474999904632568,6.787499904632568,5.243387699127197
25-09-2001,6.574999809265137,6.752500057220459,5164000,6.824999809265137,6.667500019073486,5.1506853103637695
26-09-2001,6.545000076293945,6.747499942779541,5196800,6.75,6.659999847412109,5.144891262054443
27-09-2001,6.449999809265137,6.449999809265137,6070400,6.925000190734863,6.824999809265137,5.272355556488037
28-09-2001,6.985000133514404,7.037499904632568,4646800,7.352499961853027,7.232500076293945,5.587152004241943
01-10-2001,6.912499904632568,7.152500152587891,5650400,7.1875,7.059999942779541,5.45389461517334
02-10-2001,6.974999904632568,6.974999904632568,2577200,7.25,7.224999904632568,5.581357479095459
03-10-2001,7.002500057220459,7.050000190734863,4257600,7.449999809265137,7.385000228881836,5.704958438873291
04-10-2001,7.442500114440918,7.442500114440918,4872000,7.900000095367432,7.78000020980835,6.0100998878479
05-10-2001,7.675000190734863,7.875,5476800,7.932499885559082,7.867499828338623,6.077693462371826
08-10-2001,7.775000095367432,7.855000019073486,3940800,8.149999618530273,8.005000114440918,6.183912754058838
09-10-2001,7.827499866485596,8.0024995803833,3540400,8.132499694824219,8.037500381469727,6.209021091461182
10-10-2001,8.050000190734863,8.050000190734863,5016000,8.5,8.5,6.566303730010986
11-10-2001,8.34749984741211,8.5,3843200,8.662500381469727,8.494999885559082,6.562443256378174
12-10-2001,8.274999618530273,8.5,4282800,8.625,8.5024995803833,6.568233013153076
15-10-2001,8.0625,8.5,3646800,8.5,8.225000381469727,6.361346244812012
16-10-2001,8.25,8.25,3622000,8.6225004196167,8.522500038146973,6.591434955596924
17-10-2001,8.475000381469727,8.647500038146973,6595200,8.800000190734863,8.4975004196167,6.572101593017578
18-10-2001,8.162500381469727,8.300000190734863,4246800,8.362500190734863,8.292499542236328,6.4135518074035645
19-10-2001,8.015000343322754,8.125,4238800,8.552499771118164,8.5,6.574035167694092
22-10-2001,8.34749984741211,8.375,4129600,8.6225004196167,8.59749984741211,6.649442195892334
23-10-2001,8.412500381469727,8.547499656677246,7611600,8.942500114440918,8.574999809265137,6.632041931152344
24-10-2001,8.430000305175781,8.574999809265137,27489200,8.824999809265137,8.72249984741211,6.746121883392334
25-10-2001,8.699999809265137,8.72249984741211,14452000,9.225000381469727,9.22249984741211,7.132828235626221
26-10-2001,9.024999618530273,9.024999618530273,14991200,9.625,9.425000190734863,7.2894463539123535
29-10-2001,9.47249984741211,9.850000381469727,13771200,9.850000381469727,9.477499961853027,7.330047130584717
30-10-2001,8.7475004196167,9.274999618530273,12000400,9.27750015258789,8.895000457763672,6.879534721374512
31-10-2001,8.512499809265137,8.84749984741211,5996800,9.114999771118164,8.842499732971191,6.838929176330566
01-11-2001,8.662500381469727,8.774999618530273,4149600,9.024999618530273,8.992500305175781,6.954939842224121
02-11-2001,8.600000381469727,8.942500114440918,5805600,8.967499732971191,8.645000457763672,6.686181545257568
05-11-2001,8.425000190734863,8.524999618530273,3276400,8.657500267028809,8.457500457763672,6.541165351867676
06-11-2001,8.225000381469727,8.324999809265137,3922000,8.524999618530273,8.515000343322754,6.585636138916016
07-11-2001,8.375,8.375,6844000,8.892499923706055,8.819999694824219,6.82152795791626
08-11-2001,8.8125,8.875,4969600,9.0,8.832500457763672,6.831198692321777
09-11-2001,9.024999618530273,9.050000190734863,4692400,9.5,9.15250015258789,7.078689098358154
12-11-2001,8.797499656677246,9.100000381469727,4659600,9.1225004196167,9.024999618530273,6.980081558227539
13-11-2001,8.824999809265137,9.02750015258789,2283600,9.0649995803833,9.020000457763672,6.976212024688721
14-11-2001,8.489999771118164,8.75,6393200,8.774999618530273,8.5024995803833,6.575966835021973
15-11-2001,7.625,8.25,10120800,8.2524995803833,7.947500228881836,6.146721363067627
16-11-2001,7.815000057220459,7.947500228881836,4586000,8.244999885559082,8.182499885559082,6.328474998474121
19-11-2001,7.877500057220459,8.132499694824219,4305600,8.25,8.1875,6.332342624664307
20-11-2001,8.350000381469727,8.350000381469727,6112400,8.699999809265137,8.609999656677246,6.659111022949219
21-11-2001,8.4399995803833,8.600000381469727,6645200,8.75,8.579999923706055,6.635905742645264
23-11-2001,8.449999809265137,8.475000381469727,2258000,8.824999809265137,8.78499984741211,6.794455528259277
26-11-2001,8.475000381469727,8.65999984741211,6841600,8.6875,8.649999618530273,6.690047740936279
27-11-2001,8.5,8.524999618530273,4650000,8.850000381469727,8.645000457763672,6.686181545257568
28-11-2001,8.324999809265137,8.475000381469727,17070000,8.912500381469727,8.592499732971191,6.645574569702148
29-11-2001,8.587499618530273,8.649999618530273,6272000,8.8125,8.795000076293945,6.802195072174072
30-11-2001,8.447500228881836,8.792499542236328,12771600,8.8149995803833,8.744999885559082,6.763522148132324
03-12-2001,8.350000381469727,8.375,7028400,9.050000190734863,9.005000114440918,6.964608192443848
04-12-2001,8.9375,9.0,8112000,9.324999809265137,9.307499885559082,7.19857120513916
05-12-2001,9.602499961853027,9.75,13107200,9.914999961853027,9.77750015258789,7.562076091766357
06-12-2001,9.517499923706055,9.77750015258789,5495200,9.77750015258789,9.649999618530273,7.463463306427002
07-12-2001,9.380000114440918,9.5,5978800,9.6225004196167,9.539999961853027,7.378387451171875
10-12-2001,9.25,9.25,3517600,9.4375,9.34000015258789,7.22370719909668
11-12-2001,8.97249984741211,9.337499618530273,7650800,9.34000015258789,9.100000381469727,7.0380859375
12-12-2001,8.662500381469727,8.850000381469727,5752000,8.920000076293945,8.917499542236328,6.896938323974609
13-12-2001,8.600000381469727,8.75,4260000,8.97249984741211,8.805000305175781,6.809924125671387
14-12-2001,8.744999885559082,8.850000381469727,3004400,9.107500076293945,9.029999732971191,6.983944416046143
17-12-2001,8.914999961853027,9.137499809265137,3640000,9.15250015258789,8.949999809265137,6.9220709800720215
18-12-2001,8.789999961853027,8.800000190734863,3732800,9.199999809265137,9.172499656677246,7.094156265258789
19-12-2001,9.135000228881836,9.172499656677246,3374800,9.432499885559082,9.397500038146973,7.268179416656494
20-12-2001,9.292499542236328,9.324999809265137,4220800,9.574999809265137,9.300000190734863,7.192768573760986
21-12-2001,9.3774995803833,9.425000190734863,3864800,9.5,9.3774995803833,7.252704620361328
24-12-2001,9.449999809265137,9.537500381469727,1420000,9.572500228881836,9.477499961853027,7.330047130584717
26-12-2001,9.6274995803833,9.727499961853027,7409200,9.782500267028809,9.75,7.540805339813232
27-12-2001,9.637499809265137,9.699999809265137,3221200,9.859999656677246,9.742500305175781,7.535006523132324
28-12-2001,9.702500343322754,9.742500305175781,2848000,9.90999984741211,9.8125,7.589145183563232
31-12-2001,9.699999809265137,9.75,2345200,9.890000343322754,9.77750015258789,7.562076091766357
02-01-2002,9.265000343322754,9.550000190734863,4561600,9.602499961853027,9.522500038146973,7.364853382110596
03-01-2002,9.28499984741211,9.475000381469727,3991600,9.5,9.337499618530273,7.221769332885742
04-01-2002,9.287500381469727,9.375,4360400,9.475000381469727,9.447500228881836,7.30684757232666
07-01-2002,9.357500076293945,9.412500381469727,4524400,9.59749984741211,9.529999732971191,7.370652198791504
08-01-2002,9.175000190734863,9.412500381469727,4264800,9.507499694824219,9.432499885559082,7.295244216918945
09-01-2002,9.257499694824219,9.367500305175781,5834000,9.425000190734863,9.375,7.25077486038208
10-01-2002,9.1875,9.375,4418400,9.375,9.279999732971191,7.177298069000244
11-01-2002,8.907500267028809,9.050000190734863,3900400,9.125,8.907500267028809,6.889203071594238
14-01-2002,8.524999618530273,8.600000381469727,9906000,8.770000457763672,8.649999618530273,6.690047740936279
15-01-2002,8.680000305175781,8.699999809265137,5401600,8.84000015258789,8.774999618530273,6.794579982757568
16-01-2002,8.47249984741211,8.6875,7443600,8.725000381469727,8.587499618530273,6.6493964195251465
17-01-2002,8.27750015258789,8.657500267028809,5520400,8.657500267028809,8.399999618530273,6.504210472106934
18-01-2002,8.104999542236328,8.404999732971191,11287600,8.4375,8.1875,6.339671611785889
22-01-2002,8.125,8.5,3518400,8.5,8.175000190734863,6.329991340637207
23-01-2002,8.167499542236328,8.199999809265137,4778000,8.462499618530273,8.392499923706055,6.498406410217285
24-01-2002,8.350000381469727,8.375,3725600,8.59749984741211,8.53499984741211,6.608743667602539
25-01-2002,8.470000267028809,8.550000190734863,4284800,8.657500267028809,8.567500114440918,6.633909702301025
28-01-2002,8.279999732971191,8.692500114440918,4206800,8.717499732971191,8.292499542236328,6.420973300933838
29-01-2002,7.902500152587891,8.292499542236328,5836800,8.292499542236328,7.985000133514404,6.182872772216797
30-01-2002,7.625,7.797500133514404,10376400,8.319999694824219,8.225000381469727,6.368707656860352
31-01-2002,8.295000076293945,8.354999542236328,4880800,8.592499732971191,8.4975004196167,6.579707622528076
01-02-2002,8.192500114440918,8.4975004196167,6167600,8.574999809265137,8.317500114440918,6.440332889556885
04-02-2002,8.137499809265137,8.282500267028809,4694400,8.375,8.2524995803833,6.390002250671387
05-02-2002,8.047499656677246,8.282500267028809,3127600,8.3125,8.210000038146973,6.357092380523682
06-02-2002,8.1274995803833,8.260000228881836,1988400,8.399999618530273,8.172499656677246,6.328057289123535
07-02-2002,7.940000057220459,8.137499809265137,2368400,8.140000343322754,7.949999809265137,6.155770301818848
08-02-2002,7.789999961853027,7.925000190734863,4426800,8.050000190734863,8.047499656677246,6.231266975402832
11-02-2002,7.974999904632568,8.022500038146973,2796400,8.324999809265137,8.267499923706055,6.401618957519531
12-02-2002,8.039999961853027,8.162500381469727,2726400,8.225000381469727,8.100000381469727,6.2719197273254395
13-02-2002,7.9375,8.037500381469727,2482000,8.162500381469727,8.132499694824219,6.297082901000977
14-02-2002,8.010000228881836,8.055000305175781,3496400,8.34749984741211,8.244999885559082,6.384194850921631
15-02-2002,8.074999809265137,8.244999885559082,3966400,8.25,8.162500381469727,6.320315837860107
19-02-2002,8.007499694824219,8.074999809265137,2703200,8.28499984741211,8.204999923706055,6.3532209396362305
20-02-2002,8.017499923706055,8.225000381469727,3503200,8.2475004196167,8.109999656677246,6.279662132263184
21-02-2002,8.149999618530273,8.149999618530273,3438000,8.412500381469727,8.327500343322754,6.448075771331787
22-02-2002,8.324999809265137,8.352499961853027,3172000,8.5625,8.505000114440918,6.585514068603516
25-02-2002,8.452500343322754,8.452500343322754,3995200,8.767499923706055,8.720000267028809,6.751994609832764
26-02-2002,8.5625,8.744999885559082,3006800,8.7475004196167,8.654999732971191,6.701661109924316
27-02-2002,8.592499732971191,8.680000305175781,2803600,8.725000381469727,8.625,6.678431987762451
28-02-2002,8.630000114440918,8.662500381469727,6206800,8.925000190734863,8.797499656677246,6.812000751495361
01-03-2002,8.675000190734863,8.875,2804800,8.875,8.787500381469727,6.804259777069092
04-03-2002,8.8125,8.8125,5098400,8.9975004196167,8.925000190734863,6.910725116729736
05-03-2002,8.887499809265137,8.975000381469727,3886800,9.022500038146973,8.977499961853027,6.951375961303711
06-03-2002,9.032500267028809,9.125,6314800,9.524999618530273,9.487500190734863,7.346272945404053
07-03-2002,9.612500190734863,9.649999618530273,7192000,9.917499542236328,9.7475004196167,7.547598838806152
08-03-2002,9.654999732971191,9.75,8809200,9.824999809265137,9.739999771118164,7.5417890548706055
11-03-2002,9.762499809265137,9.875,3783600,9.992500305175781,9.8725004196167,7.644384860992432
12-03-2002,9.725000381469727,9.75,4924400,9.895000457763672,9.887499809265137,7.655999660491943
13-03-2002,9.899999618530273,9.925000190734863,7961600,10.045000076293945,9.957500457763672,7.710202693939209
14-03-2002,9.657500267028809,9.957500457763672,3557600,9.957500457763672,9.837499618530273,7.617283344268799
15-03-2002,9.742500305175781,9.75,4609200,9.912500381469727,9.8125,7.597929954528809
18-03-2002,9.800000190734863,9.912500381469727,4224400,9.975000381469727,9.970000267028809,7.7198805809021
19-03-2002,9.9975004196167,10.0,3495600,10.212499618530273,10.192500114440918,7.892160892486572
20-03-2002,10.005000114440918,10.172499656677246,3099600,10.2475004196167,10.107500076293945,7.826349258422852
21-03-2002,10.005000114440918,10.029999732971191,2851600,10.329999923706055,10.287500381469727,7.965725421905518
22-03-2002,10.0,10.199999809265137,4213600,10.25,10.039999961853027,7.774085521697998
25-03-2002,9.8774995803833,9.899999618530273,2678000,10.172499656677246,9.970000267028809,7.7198805809021
26-03-2002,9.765000343322754,9.887499809265137,2808000,10.042499542236328,9.824999809265137,7.607603073120117
27-03-2002,9.8725004196167,9.8725004196167,2808800,10.225000381469727,10.167499542236328,7.872813701629639
28-03-2002,10.055000305175781,10.170000076293945,3432000,10.255000114440918,10.140000343322754,7.8515167236328125
01-04-2002,10.21500015258789,10.21500015258789,2731200,10.392499923706055,10.34749984741211,8.012187004089355
02-04-2002,10.399999618530273,10.47249984741211,4323200,10.6225004196167,10.582500457763672,8.194148063659668
03-04-2002,10.202500343322754,10.475000381469727,3335600,10.477499961853027,10.27750015258789,7.957983493804932
04-04-2002,9.84000015258789,10.300000190734863,3795600,10.467499732971191,9.927499771118164,7.6869730949401855
05-04-2002,9.675000190734863,9.989999771118164,2259200,10.050000190734863,9.8125,7.597929954528809
08-04-2002,9.912500381469727,9.975000381469727,1640000,10.270000457763672,10.057499885559082,7.787632465362549
09-04-2002,9.727499961853027,10.0600004196167,2324800,10.0600004196167,9.757499694824219,7.555338382720947
10-04-2002,9.737500190734863,9.757499694824219,1749200,10.074999809265137,10.02750015258789,7.764401912689209
11-04-2002,9.850000381469727,9.96500015258789,2887600,10.170000076293945,10.007499694824219,7.748913764953613
12-04-2002,9.432499885559082,9.774999618530273,3609600,9.845000267028809,9.507499694824219,7.369124889373779
15-04-2002,9.699999809265137,9.699999809265137,2804000,9.869999885559082,9.732500076293945,7.543519020080566
16-04-2002,9.699999809265137,9.774999618530273,3043200,9.869999885559082,9.712499618530273,7.528019905090332
17-04-2002,9.800000190734863,9.8149995803833,4204000,10.09749984741211,10.03499984741211,7.7779860496521
18-04-2002,10.0625,10.192500114440918,2611600,10.265000343322754,10.162500381469727,7.876808166503906
19-04-2002,10.050000190734863,10.164999961853027,3096400,10.369999885559082,10.327500343322754,8.004694938659668
22-04-2002,10.262499809265137,10.302499771118164,3533600,10.420000076293945,10.335000038146973,8.01050853729248
23-04-2002,10.260000228881836,10.335000038146973,3115600,10.579999923706055,10.425000190734863,8.080267906188965
24-04-2002,10.232500076293945,10.25,3294800,10.397500038146973,10.2524995803833,7.946561336517334
25-04-2002,10.175000190734863,10.287500381469727,3359200,10.5625,10.442500114440918,8.09383487701416
26-04-2002,10.387499809265137,10.460000038146973,2897600,10.550000190734863,10.532500267028809,8.163589477539062
29-04-2002,10.335000038146973,10.52750015258789,1563600,10.59000015258789,10.52750015258789,8.159713745117188
30-04-2002,10.5,10.59000015258789,3080400,10.737500190734863,10.637499809265137,8.24497127532959
01-05-2002,10.300000190734863,10.324999809265137,4236400,10.647500038146973,10.640000343322754,8.246912002563477
02-05-2002,10.505000114440918,10.5625,2901200,10.800000190734863,10.800000190734863,8.370927810668945
03-05-2002,10.792499542236328,10.842499732971191,3870400,11.024999618530273,10.942500114440918,8.481375694274902
06-05-2002,10.522500038146973,10.800000190734863,5366000,10.802499771118164,10.555000305175781,8.181023597717285
07-05-2002,10.4375,10.574999809265137,2861200,10.630000114440918,10.595000267028809,8.21203327178955
08-05-2002,10.699999809265137,10.75,2126800,10.887499809265137,10.864999771118164,8.421302795410156
09-05-2002,10.670000076293945,10.800000190734863,2115200,10.90250015258789,10.677499771118164,8.275978088378906
10-05-2002,10.647500038146973,10.729999542236328,1789600,10.774999618530273,10.6875,8.28372573852539
13-05-2002,10.574999809265137,10.612500190734863,1897200,10.90999984741211,10.90999984741211,8.456186294555664
14-05-2002,10.895000457763672,11.0,4055200,11.037500381469727,10.925000190734863,8.46781063079834
15-05-2002,10.612500190734863,10.8100004196167,3450000,10.867500305175781,10.65250015258789,8.256598472595215
16-05-2002,10.65250015258789,10.65250015258789,2520000,10.857500076293945,10.822500228881836,8.388368606567383
17-05-2002,10.492500305175781,10.6875,4073600,10.71500015258789,10.600000381469727,8.215907096862793
20-05-2002,10.479999542236328,10.537500381469727,1949200,10.710000038146973,10.675000190734863,8.274035453796387
21-05-2002,10.5625,10.574999809265137,2787200,10.797499656677246,10.6274995803833,8.237217903137207
22-05-2002,10.5600004196167,10.630000114440918,3114800,10.7524995803833,10.7524995803833,8.334105491638184
23-05-2002,10.647500038146973,10.837499618530273,1988400,10.837499618530273,10.78499984741211,8.359297752380371
24-05-2002,10.494999885559082,10.649999618530273,2731600,10.72249984741211,10.537500381469727,8.167468070983887
28-05-2002,10.3774995803833,10.537500381469727,1764400,10.587499618530273,10.454999923706055,8.103516578674316
29-05-2002,10.265000343322754,10.305000305175781,2674800,10.487500190734863,10.460000038146973,8.107398986816406
30-05-2002,10.09749984741211,10.397500038146973,3001600,10.4375,10.177499771118164,7.888433933258057
31-05-2002,10.25,10.255000114440918,2980000,10.432499885559082,10.25,7.944626808166504
03-06-2002,9.9399995803833,10.28499984741211,2884000,10.28499984741211,10.02750015258789,7.772170066833496
04-06-2002,9.842499732971191,10.050000190734863,3129600,10.074999809265137,9.954999923706055,7.7159810066223145
05-06-2002,9.779999732971191,9.824999809265137,2780400,9.904999732971191,9.890000343322754,7.665600776672363
06-06-2002,9.699999809265137,9.975000381469727,3050400,10.149999618530273,9.8149995803833,7.607466697692871
07-06-2002,9.7524995803833,9.8149995803833,2970800,9.984999656677246,9.947500228881836,7.710166931152344
10-06-2002,9.607500076293945,9.925000190734863,2596000,9.979999542236328,9.607500076293945,7.446634769439697
11-06-2002,9.367500305175781,9.649999618530273,3304400,9.732500076293945,9.442500114440918,7.318747520446777
12-06-2002,9.425000190734863,9.537500381469727,3863600,9.607500076293945,9.462499618530273,7.334245204925537
13-06-2002,9.362500190734863,9.5,4900000,9.609999656677246,9.512499809265137,7.373002052307129
14-06-2002,9.27750015258789,9.475000381469727,4630800,9.614999771118164,9.582500457763672,7.4272589683532715
17-06-2002,9.717499732971191,9.755000114440918,1826400,9.862500190734863,9.802499771118164,7.597775936126709
18-06-2002,9.757499694824219,9.802499771118164,2447600,9.885000228881836,9.787500381469727,7.586148738861084
19-06-2002,9.675000190734863,9.862500190734863,3892400,9.9375,9.760000228881836,7.564835071563721
20-06-2002,9.729999542236328,9.8125,5856000,9.922499656677246,9.744999885559082,7.5532073974609375
21-06-2002,9.537500381469727,9.807499885559082,3721200,9.850000381469727,9.694999694824219,7.5144548416137695
24-06-2002,9.637499809265137,9.694999694824219,4274400,9.832500457763672,9.774999618530273,7.576460361480713
25-06-2002,9.774999618530273,9.862500190734863,3310800,9.944999694824219,9.779999732971191,7.580337047576904
26-06-2002,9.647500038146973,9.762499809265137,3859600,9.845000267028809,9.829999923706055,7.619089603424072
27-06-2002,9.625,9.892499923706055,3539600,9.917499542236328,9.792499542236328,7.590028285980225
28-06-2002,9.78499984741211,9.827500343322754,3910800,9.925000190734863,9.925000190734863,7.6927266120910645
01-07-2002,9.662500381469727,9.899999618530273,2336800,9.920000076293945,9.675000190734863,7.498955249786377
02-07-2002,9.367500305175781,9.675000190734863,2313200,9.7475004196167,9.417499542236328,7.2993669509887695
03-07-2002,9.300000190734863,9.380000114440918,1974000,9.567500114440918,9.452500343322754,7.3264970779418945
05-07-2002,9.427499771118164,9.427499771118164,1086800,9.6225004196167,9.6225004196167,7.458262920379639
08-07-2002,9.319999694824219,9.537500381469727,2282400,9.577500343322754,9.350000381469727,7.247054100036621
09-07-2002,9.2475004196167,9.329999923706055,2368400,9.454999923706055,9.2475004196167,7.167605400085449
10-07-2002,8.954999923706055,9.350000381469727,2562000,9.369999885559082,8.989999771118164,6.968018054962158
11-07-2002,8.7524995803833,8.887499809265137,3558000,8.944999694824219,8.864999771118164,6.871133804321289
12-07-2002,8.682499885559082,8.895000457763672,2415600,9.037500381469727,8.805000305175781,6.82462739944458
15-07-2002,8.4399995803833,8.737500190734863,3983200,8.837499618530273,8.837499618530273,6.857607364654541
16-07-2002,8.532500267028809,8.725000381469727,3604000,8.914999961853027,8.787500381469727,6.818807601928711
17-07-2002,8.657500267028809,9.024999618530273,3699200,9.125,8.78499984741211,6.816867351531982
18-07-2002,8.707500457763672,8.75,1995200,8.90250015258789,8.720000267028809,6.766432285308838
19-07-2002,8.475000381469727,8.6899995803833,4438800,8.725000381469727,8.484999656677246,6.584078788757324
22-07-2002,7.869999885559082,8.487500190734863,5596400,8.5625,7.90749979019165,6.135957717895508
23-07-2002,7.727499961853027,7.875,4390000,8.0600004196167,7.732500076293945,6.0001630783081055
24-07-2002,7.505000114440918,7.537499904632568,5108400,8.225000381469727,8.199999809265137,6.3629255294799805
25-07-2002,7.699999809265137,8.162500381469727,9980400,8.267499923706055,7.9375,6.159238338470459
26-07-2002,7.777500152587891,7.900000095367432,2932400,8.117500305175781,8.104999542236328,6.289211273193359
29-07-2002,8.225000381469727,8.350000381469727,2815600,8.577500343322754,8.574999809265137,6.653915882110596
30-07-2002,8.319999694824219,8.574999809265137,2232400,8.645000457763672,8.582500457763672,6.659736156463623
31-07-2002,8.442500114440918,8.5625,2261200,8.675000190734863,8.572500228881836,6.651976585388184
01-08-2002,8.297499656677246,8.672499656677246,2866400,8.672499656677246,8.3125,6.450225830078125
02-08-2002,8.149999618530273,8.244999885559082,2893200,8.457500457763672,8.27750015258789,6.423066139221191
05-08-2002,7.96750020980835,8.267499923706055,2321600,8.4350004196167,7.985000133514404,6.196093559265137
06-08-2002,8.172499656677246,8.199999809265137,2284400,8.385000228881836,8.297499656677246,6.43858528137207
07-08-2002,8.182499885559082,8.4375,1716400,8.462499618530273,8.414999961853027,6.529760837554932
08-08-2002,8.362500190734863,8.4375,1604800,8.755000114440918,8.739999771118164,6.781951904296875
09-08-2002,8.5024995803833,8.6875,2010800,8.987500190734863,8.8774995803833,6.888645172119141
12-08-2002,8.6875,8.8774995803833,1616400,9.055000305175781,9.0,6.983700275421143
13-08-2002,8.614999771118164,8.8149995803833,3402000,8.947500228881836,8.6225004196167,6.690774440765381
14-08-2002,8.494999885559082,8.662500381469727,3074800,8.755000114440918,8.712499618530273,6.760612964630127
15-08-2002,8.737500190734863,8.737500190734863,3214800,8.989999771118164,8.9375,6.935202121734619
16-08-2002,8.6899995803833,8.912500381469727,3489200,8.912500381469727,8.774999618530273,6.809109687805176
19-08-2002,8.630000114440918,8.75,3085200,8.864999771118164,8.8125,6.838207244873047
20-08-2002,8.555000305175781,8.8125,1522800,8.8125,8.619999885559082,6.688835620880127
21-08-2002,8.487500190734863,8.619999885559082,1522000,8.737500190734863,8.6899995803833,6.74315071105957
22-08-2002,8.664999961853027,8.664999961853027,2017200,8.9375,8.917499542236328,6.919684886932373
23-08-2002,8.7524995803833,8.90250015258789,1873200,8.90250015258789,8.770000457763672,6.805229663848877
26-08-2002,8.649999618530273,8.774999618530273,1221600,8.925000190734863,8.880000114440918,6.890586853027344
27-08-2002,8.904999732971191,9.0625,2435600,9.100000381469727,8.975000381469727,6.964301586151123
28-08-2002,8.72249984741211,8.952500343322754,1948800,8.954999923706055,8.7475004196167,6.787769794464111
29-08-2002,8.52750015258789,8.662500381469727,2377600,8.762499809265137,8.5649995803833,6.646154880523682
30-08-2002,8.5625,8.574999809265137,2084800,8.817500114440918,8.710000038146973,6.75867223739624
03-09-2002,8.3100004196167,8.585000038146973,2545200,8.587499618530273,8.387499809265137,6.508422374725342
04-09-2002,8.172499656677246,8.4375,1600400,8.482500076293945,8.425000190734863,6.537520408630371
05-09-2002,8.34000015258789,8.350000381469727,1817200,8.550000190734863,8.512499809265137,6.6054182052612305
06-09-2002,8.550000190734863,8.630000114440918,1490800,8.75,8.675000190734863,6.73151159286499
09-09-2002,8.532500267028809,8.612500190734863,1955600,8.697500228881836,8.637499809265137,6.70241641998291
10-09-2002,8.657500267028809,8.675000190734863,1664000,8.84749984741211,8.837499618530273,6.857607364654541
11-09-2002,8.875,8.875,2940800,8.9375,8.904999732971191,6.909982204437256
12-09-2002,8.712499618530273,8.875,3367200,8.90250015258789,8.767499923706055,6.803290367126465
13-09-2002,8.680000305175781,8.717499732971191,3015600,8.867500305175781,8.805000305175781,6.832385540008545
16-09-2002,8.729999542236328,8.805000305175781,2346800,8.962499618530273,8.914999961853027,6.9177470207214355
17-09-2002,8.6274995803833,8.75,3518000,8.817500114440918,8.697500228881836,6.7489728927612305
18-09-2002,8.630000114440918,8.725000381469727,2854400,8.837499618530273,8.807499885559082,6.8343281745910645
19-09-2002,8.555000305175781,8.625,3225200,8.800000190734863,8.555000305175781,6.638397216796875
20-09-2002,8.505000114440918,8.555000305175781,2153200,8.662500381469727,8.505000114440918,6.59959602355957
23-09-2002,8.479999542236328,8.574999809265137,1908400,8.712499618530273,8.545000076293945,6.6306352615356445
24-09-2002,8.270000457763672,8.524999618530273,2578000,8.524999618530273,8.279999732971191,6.425005912780762
25-09-2002,8.25,8.369999885559082,5736800,8.6850004196167,8.637499809265137,6.70241641998291
26-09-2002,8.637499809265137,8.675000190734863,2020400,8.949999809265137,8.892499923706055,6.9002814292907715
27-09-2002,8.795000076293945,8.8100004196167,2022800,9.087499618530273,8.920000076293945,6.921624183654785
30-09-2002,8.727499961853027,8.920000076293945,2680800,9.0625,8.989999771118164,6.975939750671387
01-10-2002,8.774999618530273,8.774999618530273,2276000,9.045000076293945,9.024999618530273,7.0031023025512695
02-10-2002,8.977499961853027,9.0,6008800,9.417499542236328,9.1225004196167,7.078759670257568
03-10-2002,8.850000381469727,9.0,3456800,9.135000228881836,8.944999694824219,6.941023826599121
04-10-2002,8.65999984741211,8.975000381469727,2779600,9.050000190734863,8.742500305175781,6.783890724182129
07-10-2002,8.625,8.737500190734863,2125600,8.907500267028809,8.649999618530273,6.7121148109436035
08-10-2002,8.397500038146973,8.649999618530273,2997600,8.707500457763672,8.537500381469727,6.624815464019775
09-10-2002,8.287500381469727,8.537500381469727,2463200,8.5600004196167,8.327500343322754,6.461863994598389
10-10-2002,8.100000381469727,8.327500343322754,5840800,8.359999656677246,8.332500457763672,6.465743064880371
11-10-2002,8.34000015258789,8.414999961853027,2529200,8.552499771118164,8.494999885559082,6.591839790344238
14-10-2002,8.475000381469727,8.5,3026800,8.994999885559082,8.944999694824219,6.941023826599121
15-10-2002,9.100000381469727,9.100000381469727,3270800,9.260000228881836,9.217499732971191,7.160479545593262
16-10-2002,8.992500305175781,9.217499732971191,1932000,9.242500305175781,9.077500343322754,7.051723480224609
17-10-2002,9.145000457763672,9.3100004196167,1804000,9.397500038146973,9.387499809265137,7.292540550231934
18-10-2002,9.197500228881836,9.337499618530273,2036400,9.427499771118164,9.332500457763672,7.24981689453125
21-10-2002,9.25,9.255000114440918,2770000,9.5625,9.449999809265137,7.341090679168701
22-10-2002,8.982500076293945,9.237500190734863,4938000,9.3125,9.307499885559082,7.230396270751953
23-10-2002,9.300000190734863,9.307499885559082,4937200,9.742500305175781,9.712499618530273,7.545011043548584
24-10-2002,9.507499694824219,9.824999809265137,2617200,9.832500457763672,9.567500114440918,7.432375907897949
25-10-2002,8.944999694824219,9.550000190734863,9680400,9.552499771118164,9.117500305175781,7.082795143127441
28-10-2002,8.954999923706055,9.3100004196167,3318400,9.34000015258789,9.157500267028809,7.113872051239014
29-10-2002,8.822500228881836,9.057499885559082,3025600,9.0625,8.942500114440918,6.9468512535095215
30-10-2002,8.944999694824219,8.944999694824219,4125200,9.4399995803833,9.324999809265137,7.243988990783691
31-10-2002,9.0,9.399999618530273,3896000,9.5600004196167,9.0,6.991517066955566
01-11-2002,9.210000038146973,9.212499618530273,3068800,9.454999923706055,9.412500381469727,7.311963081359863
04-11-2002,9.364999771118164,9.479999542236328,4158400,9.557499885559082,9.470000267028809,7.356629371643066
05-11-2002,9.317500114440918,9.505000114440918,2196000,9.550000190734863,9.427499771118164,7.323616981506348
06-11-2002,9.34000015258789,9.470000267028809,3075200,9.52750015258789,9.505000114440918,7.383817672729492
07-11-2002,9.352499961853027,9.572500228881836,2641600,9.572500228881836,9.46500015258789,7.352742671966553
08-11-2002,9.305000305175781,9.4399995803833,1881600,9.475000381469727,9.3725004196167,7.280889987945557
11-11-2002,9.227499961853027,9.34749984741211,1654800,9.494999885559082,9.302499771118164,7.226509094238281
12-11-2002,9.1875,9.307499885559082,1772800,9.3725004196167,9.22249984741211,7.164363861083984
13-11-2002,8.829999923706055,9.197500228881836,5013200,9.337499618530273,8.962499618530273,6.962388038635254
14-11-2002,9.005000114440918,9.012499809265137,5830000,9.417499542236328,9.417499542236328,7.315844535827637
15-11-2002,9.137499809265137,9.137499809265137,3357600,9.4350004196167,9.397500038146973,7.300312042236328
18-11-2002,9.362500190734863,9.5,3000400,9.515000343322754,9.489999771118164,7.372165679931641
19-11-2002,9.399999618530273,9.4975004196167,2836800,9.625,9.577500343322754,7.440143585205078
20-11-2002,9.6225004196167,9.625,4789200,9.975000381469727,9.975000381469727,7.748937129974365
21-11-2002,9.9399995803833,9.987500190734863,5854800,10.182499885559082,10.09000015258789,7.838273525238037
22-11-2002,9.595000267028809,9.787500381469727,13425200,9.824999809265137,9.595000267028809,7.453732967376709
25-11-2002,9.600000381469727,9.720000267028809,4308800,9.720000267028809,9.662500381469727,7.506167411804199
26-11-2002,9.420000076293945,9.662500381469727,3096400,9.662500381469727,9.427499771118164,7.323616981506348
27-11-2002,9.432499885559082,9.452500343322754,2897200,9.625,9.569999694824219,7.434314250946045
29-11-2002,9.642499923706055,9.645000457763672,1968000,9.772500038146973,9.692500114440918,7.529478549957275
02-12-2002,9.664999961853027,9.864999771118164,4146800,9.864999771118164,9.772500038146973,7.591626167297363
03-12-2002,9.707500457763672,9.782500267028809,4810400,9.9375,9.859999656677246,7.6595964431762695
04-12-2002,9.682499885559082,9.862500190734863,2324000,9.862500190734863,9.717499732971191,7.548898696899414
05-12-2002,9.725000381469727,9.859999656677246,3975600,9.862500190734863,9.827500343322754,7.6343488693237305
06-12-2002,9.77750015258789,9.789999961853027,2870000,10.0,9.96500015258789,7.741168022155762
09-12-2002,9.835000038146973,9.96500015258789,3858800,10.125,9.845000267028809,7.647944450378418
10-12-2002,9.837499618530273,9.850000381469727,2583600,10.0625,10.039999961853027,7.799429893493652
11-12-2002,9.899999618530273,10.039999961853027,3411600,10.137499809265137,10.069999694824219,7.822727680206299
12-12-2002,10.069999694824219,10.069999694824219,5904000,10.4350004196167,10.3725004196167,8.057723999023438
13-12-2002,10.25,10.399999618530273,3702800,10.467499732971191,10.289999961853027,7.993635654449463
16-12-2002,10.322500228881836,10.352499961853027,3462400,10.475000381469727,10.345000267028809,8.036362648010254
17-12-2002,10.167499542236328,10.319999694824219,2517600,10.397500038146973,10.175000190734863,7.90430212020874
18-12-2002,9.952500343322754,10.149999618530273,2884400,10.15250015258789,9.967499732971191,7.743106842041016
19-12-2002,9.850000381469727,9.967499732971191,3775200,10.045000076293945,9.949999809265137,7.729511260986328
20-12-2002,10.102499961853027,10.125,5518000,10.34749984741211,10.34749984741211,8.03830337524414
23-12-2002,10.242500305175781,10.34749984741211,3240400,10.5,10.414999961853027,8.090736389160156
24-12-2002,10.327500343322754,10.452500343322754,880000,10.457500457763672,10.327500343322754,8.0227689743042
26-12-2002,10.255000114440918,10.329999923706055,1375600,10.387499809265137,10.274999618530273,7.9819817543029785
27-12-2002,10.005000114440918,10.272500038146973,2621200,10.327500343322754,10.032500267028809,7.793602466583252
30-12-2002,9.979999542236328,10.087499618530273,2630000,10.1875,10.012499809265137,7.778061389923096
31-12-2002,9.854999542236328,9.987500190734863,1704000,10.024999618530273,9.979999542236328,7.752814769744873
02-01-2003,10.0625,10.112500190734863,2000800,10.289999961853027,10.289999961853027,7.993635654449463
03-01-2003,10.192500114440918,10.3125,2995600,10.362500190734863,10.225000381469727,7.943140506744385
06-01-2003,10.15250015258789,10.217499732971191,3040400,10.332500457763672,10.175000190734863,7.90430212020874
07-01-2003,9.625,10.177499771118164,5687600,10.177499771118164,9.6875,7.525594234466553
08-01-2003,9.600000381469727,9.6899995803833,4426000,9.779999732971191,9.657500267028809,7.502289295196533
09-01-2003,9.670000076293945,9.697500228881836,3413200,9.824999809265137,9.822500228881836,7.630465030670166
10-01-2003,9.699999809265137,9.824999809265137,2564400,9.837499618530273,9.729999542236328,7.558606147766113
13-01-2003,9.600000381469727,9.835000038146973,4205600,9.837499618530273,9.682499885559082,7.521707057952881
14-01-2003,9.710000038146973,9.774999618530273,3808000,9.8149995803833,9.732500076293945,7.560550212860107
15-01-2003,9.717499732971191,9.729999542236328,2954400,9.922499656677246,9.897500038146973,7.69663667678833
16-01-2003,9.882499694824219,9.9375,5422400,10.039999961853027,9.897500038146973,7.69663667678833
17-01-2003,9.767499923706055,9.899999618530273,2758800,9.90999984741211,9.8125,7.630534648895264
21-01-2003,9.592499732971191,9.8149995803833,3279600,9.8149995803833,9.592499732971191,7.459455966949463
22-01-2003,9.375,9.574999809265137,5779600,9.65999984741211,9.5649995803833,7.438075065612793
23-01-2003,9.442500114440918,9.587499618530273,3480000,9.6225004196167,9.574999809265137,7.445847034454346
24-01-2003,9.350000381469727,9.574999809265137,4325200,9.579999923706055,9.350000381469727,7.270881652832031
27-01-2003,8.925000190734863,9.257499694824219,4258400,9.289999961853027,9.0,6.9987077713012695
28-01-2003,9.03499984741211,9.03499984741211,5933200,9.362500190734863,9.272500038146973,7.21061372756958
29-01-2003,9.202500343322754,9.229999542236328,7286400,9.699999809265137,9.600000381469727,7.465290069580078
30-01-2003,9.454999923706055,9.625,3079600,9.787500381469727,9.477499961853027,7.370029449462891
31-01-2003,9.407500267028809,9.477499961853027,2964800,9.774999618530273,9.6899995803833,7.535277366638184
03-02-2003,9.587499618530273,9.692500114440918,2076800,9.75,9.670000076293945,7.5197248458862305
04-02-2003,9.550000190734863,9.672499656677246,5935600,9.994999885559082,9.97249984741211,7.7549519538879395
05-02-2003,9.90999984741211,10.0,4570800,10.074999809265137,9.9350004196167,7.725791931152344
06-02-2003,9.797499656677246,9.912500381469727,2756400,10.005000114440918,9.8725004196167,7.677191257476807
07-02-2003,9.71500015258789,9.890000343322754,2033200,9.96500015258789,9.762499809265137,7.591655731201172
10-02-2003,9.755000114440918,9.824999809265137,2053200,9.885000228881836,9.854999542236328,7.663585186004639
11-02-2003,9.779999732971191,9.917499542236328,1727200,9.994999885559082,9.817500114440918,7.634422779083252
12-02-2003,9.539999961853027,9.824999809265137,4249600,9.850000381469727,9.539999961853027,7.418629169464111
13-02-2003,9.452500343322754,9.582500457763672,2712000,9.625,9.612500190734863,7.475008964538574
14-02-2003,9.5600004196167,9.635000228881836,2054000,9.720000267028809,9.720000267028809,7.558605194091797
18-02-2003,9.6850004196167,9.739999771118164,2074400,9.8725004196167,9.864999771118164,7.671361446380615
19-02-2003,9.8149995803833,9.867500305175781,1990400,9.9399995803833,9.9399995803833,7.729683876037598
20-02-2003,9.920000076293945,9.927499771118164,7028400,10.1225004196167,10.050000190734863,7.815225601196289
21-02-2003,10.050000190734863,10.050000190734863,7469600,10.22249984741211,10.149999618530273,7.892983436584473
24-02-2003,10.145000457763672,10.149999618530273,7772000,10.420000076293945,10.420000076293945,8.102950096130371
25-02-2003,10.392499923706055,10.524999618530273,9621600,10.707500457763672,10.460000038146973,8.134057998657227
26-02-2003,10.399999618530273,10.462499618530273,3216000,10.607500076293945,10.53499984741211,8.192380905151367
27-02-2003,10.274999618530273,10.617500305175781,4452800,10.617500305175781,10.375,8.067955017089844
28-02-2003,10.282500267028809,10.427499771118164,2934400,10.542499542236328,10.324999809265137,8.029071807861328
03-03-2003,10.177499771118164,10.324999809265137,7665600,10.362500190734863,10.225000381469727,7.951314926147461
04-03-2003,10.225000381469727,10.287500381469727,4439200,10.364999771118164,10.225000381469727,7.951314926147461
05-03-2003,10.237500190734863,10.287500381469727,3278800,10.395000457763672,10.395000457763672,8.083512306213379
06-03-2003,10.329999923706055,10.332500457763672,3389200,10.484999656677246,10.462499618530273,8.136005401611328
07-03-2003,10.387499809265137,10.425000190734863,2812000,10.524999618530273,10.512499809265137,8.174881935119629
10-03-2003,10.457500457763672,10.457500457763672,7392000,10.707500457763672,10.572500228881836,8.221537590026855
11-03-2003,10.407500267028809,10.587499618530273,3600800,10.654999732971191,10.4350004196167,8.114618301391602
12-03-2003,10.107500076293945,10.4350004196167,4786000,10.4350004196167,10.2524995803833,7.972692966461182
13-03-2003,10.037500381469727,10.337499618530273,5397600,10.337499618530273,10.09000015258789,7.846327304840088
14-03-2003,9.800000190734863,10.09000015258789,6180800,10.09749984741211,9.899999618530273,7.698577404022217
17-03-2003,9.817500114440918,9.9350004196167,4893200,10.024999618530273,9.8774995803833,7.681084632873535
18-03-2003,9.574999809265137,9.8774995803833,8357200,10.037500381469727,10.032500267028809,7.801614761352539
19-03-2003,9.90999984741211,10.069999694824219,3551200,10.085000038146973,10.017499923706055,7.789950847625732
20-03-2003,9.952500343322754,10.017499923706055,3358000,10.1875,10.1274995803833,7.875494956970215
21-03-2003,9.800000190734863,10.175000190734863,3591200,10.175000190734863,9.8125,7.630534648895264
24-03-2003,9.645000457763672,9.835000038146973,2716800,9.9375,9.697500228881836,7.541111469268799
25-03-2003,9.712499618530273,9.712499618530273,3656800,9.962499618530273,9.852499961853027,7.661643028259277
26-03-2003,9.692500114440918,9.824999809265137,3723600,9.824999809265137,9.729999542236328,7.566380500793457
27-03-2003,9.680000305175781,9.71500015258789,4361200,9.949999809265137,9.890000343322754,7.690804958343506
28-03-2003,9.867500305175781,9.867500305175781,2200000,10.082500457763672,10.022500038146973,7.793837547302246
31-03-2003,9.880000114440918,10.0024995803833,3391200,10.050000190734863,9.890000343322754,7.690804958343506
01-04-2003,9.922499656677246,9.952500343322754,2851600,10.069999694824219,10.0625,7.824946403503418
02-04-2003,9.827500343322754,10.050000190734863,3906800,10.050000190734863,9.867500305175781,7.673304080963135
03-04-2003,9.6850004196167,9.989999771118164,4353200,9.989999771118164,9.710000038146973,7.5508270263671875
04-04-2003,9.489999771118164,9.725000381469727,8294400,9.767499923706055,9.52750015258789,7.408909320831299
07-04-2003,9.390000343322754,9.529999732971191,6566400,9.529999732971191,9.404999732971191,7.3136491775512695
08-04-2003,9.21500015258789,9.380000114440918,5246800,9.380000114440918,9.234999656677246,7.181455135345459
09-04-2003,9.225000381469727,9.242500305175781,3906800,9.337499618530273,9.257499694824219,7.198951244354248
10-04-2003,9.3725004196167,9.3725004196167,5854800,9.642499923706055,9.632499694824219,7.4905595779418945
11-04-2003,9.404999732971191,9.632499694824219,4516800,9.6850004196167,9.5625,7.436127662658691
14-04-2003,9.524999618530273,9.5625,2782400,9.612500190734863,9.574999809265137,7.453642845153809
15-04-2003,9.477499961853027,9.512499809265137,3886400,9.59000015258789,9.587499618530273,7.463375091552734
16-04-2003,9.407500267028809,9.637499809265137,2664800,9.649999618530273,9.427499771118164,7.3388190269470215
17-04-2003,9.427499771118164,9.427499771118164,2997200,9.697500228881836,9.675000190734863,7.531484127044678
21-04-2003,9.630000114440918,9.692500114440918,2843600,9.805000305175781,9.792499542236328,7.622954845428467
22-04-2003,9.682499885559082,9.772500038146973,2670400,9.9350004196167,9.895000457763672,7.702747821807861
23-04-2003,9.71500015258789,9.895000457763672,2742800,9.96500015258789,9.7524995803833,7.591814994812012
24-04-2003,9.557499885559082,9.712499618530273,4674800,9.817500114440918,9.600000381469727,7.473105430603027
25-04-2003,9.454999923706055,9.539999961853027,3774800,9.5625,9.545000076293945,7.430290222167969
28-04-2003,9.457500457763672,9.557499885559082,2138000,9.65999984741211,9.522500038146973,7.412774085998535
29-04-2003,9.140000343322754,9.475000381469727,4841600,9.492500305175781,9.177499771118164,7.144208908081055
30-04-2003,9.237500190734863,9.237500190734863,5828400,9.390000343322754,9.345000267028809,7.274598598480225
01-05-2003,9.194999694824219,9.322500228881836,3716800,9.399999618530273,9.255000114440918,7.204539775848389
02-05-2003,9.262499809265137,9.267499923706055,4296400,9.3774995803833,9.324999809265137,7.259031295776367
05-05-2003,9.337499618530273,9.3725004196167,4346400,9.612500190734863,9.442500114440918,7.3505024909973145
06-05-2003,9.305000305175781,9.4375,2959600,9.487500190734863,9.335000038146973,7.266818523406982
07-05-2003,9.177499771118164,9.335000038146973,5816400,9.454999923706055,9.317500114440918,7.253190994262695
08-05-2003,9.225000381469727,9.317500114440918,3404400,9.417499542236328,9.3100004196167,7.247354030609131
09-05-2003,9.2524995803833,9.3100004196167,6980400,9.492500305175781,9.482500076293945,7.381638050079346
12-05-2003,9.444999694824219,9.522500038146973,4960400,9.765000343322754,9.647500038146973,7.510082244873047
13-05-2003,9.582500457763672,9.59000015258789,3548400,9.8149995803833,9.78499984741211,7.617117404937744
14-05-2003,9.737500190734863,9.75,4040800,9.899999618530273,9.8774995803833,7.689125061035156
15-05-2003,9.8774995803833,9.8774995803833,3317600,9.994999885559082,9.962499618530273,7.755294322967529
16-05-2003,9.857500076293945,9.962499618530273,3561600,10.032500267028809,10.032500267028809,7.809781074523926
19-05-2003,9.912500381469727,9.989999771118164,4340400,10.085000038146973,9.949999809265137,7.745564937591553
20-05-2003,9.71500015258789,9.954999923706055,4228400,9.970000267028809,9.787500381469727,7.6190690994262695
21-05-2003,9.755000114440918,9.800000190734863,7344000,10.337499618530273,10.27750015258789,8.000505447387695
22-05-2003,10.267499923706055,10.279999732971191,4331200,10.399999618530273,10.332500457763672,8.043315887451172
23-05-2003,10.287500381469727,10.332500457763672,2778800,10.550000190734863,10.5024995803833,8.175650596618652
27-05-2003,10.460000038146973,10.4975004196167,3972000,10.729999542236328,10.680000305175781,8.31382942199707
28-05-2003,10.5649995803833,10.729999542236328,5024000,10.729999542236328,10.607500076293945,8.257390975952148
29-05-2003,10.512499809265137,10.595000267028809,7030400,10.600000381469727,10.545000076293945,8.208739280700684
30-05-2003,10.449999809265137,10.587499618530273,8440000,10.774999618530273,10.774999618530273,8.38778018951416
02-06-2003,10.765000343322754,10.795000076293945,5461600,11.0,10.8725004196167,8.463682174682617
03-06-2003,10.762499809265137,10.774999618530273,4530400,11.042499542236328,11.03499984741211,8.590176582336426
04-06-2003,10.907500267028809,11.0625,6269200,11.207500457763672,10.984999656677246,8.551258087158203
05-06-2003,10.835000038146973,10.987500190734863,5873200,10.994999885559082,10.992500305175781,8.557093620300293
06-06-2003,10.912500381469727,11.012499809265137,5384000,11.1875,10.922499656677246,8.50259780883789
09-06-2003,10.824999809265137,10.922499656677246,3628000,10.922499656677246,10.824999809265137,8.426702499389648
10-06-2003,10.774999618530273,10.850000381469727,4064400,10.949999809265137,10.84000015258789,8.438379287719727
11-06-2003,10.84000015258789,10.84000015258789,5184800,11.357500076293945,11.305000305175781,8.8003568649292
12-06-2003,10.837499618530273,11.305000305175781,5813200,11.390000343322754,10.9375,8.514276504516602
13-06-2003,10.487500190734863,10.9399995803833,10050800,10.9399995803833,10.645000457763672,8.286581993103027
16-06-2003,10.350000381469727,10.645000457763672,5178800,10.645000457763672,10.487500190734863,8.163978576660156
17-06-2003,10.3774995803833,10.487500190734863,5583600,10.5649995803833,10.4375,8.1250581741333
18-06-2003,10.262499809265137,10.4375,5626400,10.537500381469727,10.329999923706055,8.041370391845703
19-06-2003,10.132499694824219,10.329999923706055,5133200,10.680000305175781,10.524999618530273,8.193169593811035
20-06-2003,10.390000343322754,10.524999618530273,4329600,10.59000015258789,10.414999961853027,8.10754108428955
23-06-2003,10.382499694824219,10.449999809265137,3891200,10.557499885559082,10.539999961853027,8.204842567443848
24-06-2003,10.449999809265137,10.537500381469727,2681600,10.612500190734863,10.449999809265137,8.134786605834961
25-06-2003,10.4350004196167,10.5,6044800,10.787500381469727,10.737500190734863,8.358587265014648
26-06-2003,10.477499961853027,10.725000381469727,5798400,10.8125,10.494999885559082,8.169816017150879
27-06-2003,10.375,10.404999732971191,3302000,10.550000190734863,10.467499732971191,8.148408889770508
30-06-2003,10.422499656677246,10.600000381469727,3839600,10.600000381469727,10.460000038146973,8.142571449279785
01-07-2003,10.227499961853027,10.460000038146973,3734000,10.460000038146973,10.342499732971191,8.051104545593262
02-07-2003,10.204999923706055,10.342499732971191,5526400,10.375,10.242500305175781,7.973260402679443
03-07-2003,10.175000190734863,10.232500076293945,2418000,10.444999694824219,10.300000190734863,8.01801872253418
07-07-2003,10.0024995803833,10.3774995803833,4641200,10.3774995803833,10.0649995803833,7.8350830078125
08-07-2003,9.842499732971191,10.0649995803833,3578800,10.1274995803833,9.9975004196167,7.782537460327148
09-07-2003,10.0,10.072500228881836,2804400,10.164999961853027,10.114999771118164,7.874006748199463
10-07-2003,9.770000457763672,10.069999694824219,4464400,10.087499618530273,9.835000038146973,7.6560378074646
11-07-2003,9.782500267028809,9.887499809265137,2433200,9.9375,9.875,7.687180042266846
14-07-2003,9.6274995803833,9.875,4625600,9.904999732971191,9.632499694824219,7.498400688171387
15-07-2003,9.5,9.670000076293945,4336400,9.699999809265137,9.574999809265137,7.4633307456970215
16-07-2003,9.432499885559082,9.574999809265137,4235600,9.649999618530273,9.442500114440918,7.360048770904541
17-07-2003,9.425000190734863,9.442500114440918,5089600,9.737500190734863,9.737500190734863,7.589990615844727
18-07-2003,9.737500190734863,9.737500190734863,3412400,9.994999885559082,9.925000190734863,7.736138343811035
21-07-2003,9.832500457763672,9.9375,2866000,10.0600004196167,9.862500190734863,7.6874213218688965
22-07-2003,9.725000381469727,9.862500190734863,3326400,9.862500190734863,9.782500267028809,7.625068187713623
23-07-2003,9.612500190734863,9.800000190734863,2557200,9.887499809265137,9.694999694824219,7.556864261627197
24-07-2003,9.5625,9.732500076293945,2698400,9.854999542236328,9.5625,7.453583240509033
25-07-2003,9.517499923706055,9.524999618530273,3452800,9.7524995803833,9.75,7.599733352661133
28-07-2003,9.640000343322754,9.717499732971191,3569200,9.84749984741211,9.779999732971191,7.623118877410889
29-07-2003,9.545000076293945,9.800000190734863,2809600,9.802499771118164,9.552499771118164,7.4457902908325195
30-07-2003,9.567500114440918,9.767499923706055,4634400,9.767499923706055,9.65250015258789,7.523736000061035
31-07-2003,9.592499732971191,9.677499771118164,4305600,9.887499809265137,9.694999694824219,7.556864261627197
01-08-2003,9.587499618530273,9.694999694824219,2767600,9.77750015258789,9.71500015258789,7.572454452514648
04-08-2003,9.467499732971191,9.649999618530273,3002000,9.670000076293945,9.529999732971191,7.428252696990967
05-08-2003,9.5024995803833,9.550000190734863,4368800,9.737500190734863,9.632499694824219,7.508147239685059
06-08-2003,9.53499984741211,9.675000190734863,5455600,9.800000190734863,9.75,7.599733352661133
07-08-2003,9.75,9.75,5734800,10.147500038146973,10.012499809265137,7.804343223571777
08-08-2003,9.837499618530273,10.117500305175781,2939600,10.117500305175781,9.914999961853027,7.728343963623047
11-08-2003,10.067500114440918,10.09749984741211,4105200,10.2475004196167,10.1899995803833,7.942694664001465
12-08-2003,10.1899995803833,10.1899995803833,5792400,10.4350004196167,10.4350004196167,8.133667945861816
13-08-2003,10.364999771118164,10.4350004196167,4562800,10.484999656677246,10.364999771118164,8.079100608825684
14-08-2003,10.107500076293945,10.350000381469727,6082800,10.4375,10.27750015258789,8.01090145111084
15-08-2003,10.244999885559082,10.244999885559082,1164800,10.412500381469727,10.357500076293945,8.073254585266113
18-08-2003,10.357500076293945,10.357500076293945,1615200,10.487500190734863,10.399999618530273,8.106382369995117
19-08-2003,10.135000228881836,10.140000343322754,5026000,10.282500267028809,10.212499618530273,7.960235118865967
20-08-2003,10.175000190734863,10.212499618530273,2447600,10.337499618530273,10.274999618530273,8.008947372436523
21-08-2003,10.257499694824219,10.300000190734863,4284800,10.387499809265137,10.385000228881836,8.094691276550293
22-08-2003,10.357500076293945,10.399999618530273,3681200,10.47249984741211,10.447500228881836,8.143404960632324
25-08-2003,10.34749984741211,10.4375,2908400,10.475000381469727,10.375,8.086894989013672
26-08-2003,10.194999694824219,10.319999694824219,3000800,10.367500305175781,10.324999809265137,8.047920227050781
27-08-2003,10.34000015258789,10.342499732971191,3471600,10.512499809265137,10.375,8.086894989013672
28-08-2003,10.375,10.4375,4750400,10.604999542236328,10.53499984741211,8.211614608764648
29-08-2003,10.462499618530273,10.510000228881836,1790000,10.609999656677246,10.600000381469727,8.262273788452148
02-09-2003,10.5,10.600000381469727,3061200,10.625,10.609999656677246,8.270066261291504
03-09-2003,10.567500114440918,10.672499656677246,2369200,10.6850004196167,10.617500305175781,8.275919914245605
04-09-2003,10.579999923706055,10.587499618530273,3473200,10.717499732971191,10.612500190734863,8.272019386291504
05-09-2003,10.407500267028809,10.612500190734863,3410800,10.630000114440918,10.442500114440918,8.139513969421387
08-09-2003,10.399999618530273,10.422499656677246,3234400,10.547499656677246,10.547499656677246,8.22135066986084
09-09-2003,10.375,10.547499656677246,2177200,10.547499656677246,10.392499923706055,8.100539207458496
10-09-2003,10.242500305175781,10.342499732971191,4316400,10.375,10.297499656677246,8.026484489440918
11-09-2003,10.114999771118164,10.297499656677246,3188400,10.322500228881836,10.192500114440918,7.94464111328125
12-09-2003,10.109999656677246,10.234999656677246,2139200,10.237500190734863,10.197500228881836,7.948540210723877
15-09-2003,10.102499961853027,10.244999885559082,1807200,10.244999885559082,10.199999809265137,7.950494766235352
16-09-2003,10.220000267028809,10.300000190734863,3322800,10.380000114440918,10.3774995803833,8.08884334564209
17-09-2003,10.109999656677246,10.3774995803833,5151600,10.390000343322754,10.217499732971191,7.964129447937012
18-09-2003,10.112500190734863,10.242500305175781,4710800,10.395000457763672,10.375,8.086894989013672
19-09-2003,10.25,10.375,4119200,10.399999618530273,10.350000381469727,8.067408561706543
22-09-2003,10.237500190734863,10.352499961853027,3561600,10.442500114440918,10.417499542236328,8.120025634765625
23-09-2003,10.237500190734863,10.417499542236328,4382800,10.449999809265137,10.324999809265137,8.047920227050781
24-09-2003,10.387499809265137,10.5,4632000,10.579999923706055,10.462499618530273,8.155102729797363
25-09-2003,10.3125,10.390000343322754,2728400,10.449999809265137,10.3125,8.038182258605957
26-09-2003,10.072500228881836,10.3149995803833,2959200,10.337499618530273,10.164999961853027,7.923208236694336
29-09-2003,10.112500190734863,10.147500038146973,2233600,10.25,10.237500190734863,7.9797210693359375
30-09-2003,10.1899995803833,10.212499618530273,3453200,10.5024995803833,10.4350004196167,8.133667945861816
01-10-2003,10.345000267028809,10.359999656677246,3950400,10.487500190734863,10.447500228881836,8.143404960632324
02-10-2003,10.397500038146973,10.5,3021200,10.567500114440918,10.567500114440918,8.236943244934082
03-10-2003,10.512499809265137,10.567500114440918,1607200,10.704999923706055,10.632499694824219,8.287604331970215
06-10-2003,10.569999694824219,10.682499885559082,2518400,10.682499885559082,10.600000381469727,8.262273788452148
07-10-2003,10.479999542236328,10.600000381469727,2421600,10.649999618530273,10.625,8.281761169433594
08-10-2003,10.52750015258789,10.637499809265137,3211200,10.675000190734863,10.59000015258789,8.25448226928711
09-10-2003,10.407500267028809,10.59000015258789,4418400,10.609999656677246,10.524999618530273,8.203813552856445
10-10-2003,10.524999618530273,10.524999618530273,4118800,10.6875,10.6875,8.330474853515625
13-10-2003,10.6274995803833,10.725000381469727,1163200,10.737500190734863,10.694999694824219,8.336322784423828
14-10-2003,10.257499694824219,10.694999694824219,5769200,10.694999694824219,10.602499961853027,8.2642240524292
15-10-2003,10.332500457763672,10.550000190734863,4053200,10.572500228881836,10.364999771118164,8.088637351989746
16-10-2003,10.364999771118164,10.364999771118164,2254800,10.520000457763672,10.5,8.193991661071777
17-10-2003,10.364999771118164,10.475000381469727,2780400,10.479999542236328,10.4375,8.145215034484863
20-10-2003,10.28499984741211,10.375,2549200,10.395000457763672,10.359999656677246,8.08474063873291
21-10-2003,10.359999656677246,10.359999656677246,3890400,10.585000038146973,10.507499694824219,8.199841499328613
22-10-2003,10.442500114440918,10.524999618530273,1911600,10.592499732971191,10.512499809265137,8.203742980957031
23-10-2003,10.329999923706055,10.512499809265137,3104800,10.512499809265137,10.477499961853027,8.176434516906738
24-10-2003,10.395000457763672,10.479999542236328,2286400,10.524999618530273,10.489999771118164,8.18618392944336
27-10-2003,10.324999809265137,10.46500015258789,2194800,10.5,10.34000015258789,8.069128036499023
28-10-2003,10.22249984741211,10.34000015258789,4104800,10.380000114440918,10.292499542236328,8.032059669494629
29-10-2003,10.274999618530273,10.292499542236328,2312000,10.4399995803833,10.404999732971191,8.119853973388672
30-10-2003,10.279999732971191,10.425000190734863,3508800,10.489999771118164,10.300000190734863,8.037914276123047
31-10-2003,10.212499618530273,10.274999618530273,4025200,10.609999656677246,10.53499984741211,8.221307754516602
03-11-2003,10.462499618530273,10.5600004196167,2414400,10.637499809265137,10.5625,8.24276065826416
04-11-2003,10.369999885559082,10.617500305175781,4045200,10.637499809265137,10.512499809265137,8.203742980957031
05-11-2003,10.392499923706055,10.475000381469727,3613200,10.524999618530273,10.412500381469727,8.125706672668457
06-11-2003,10.3149995803833,10.425000190734863,2985200,10.477499961853027,10.412500381469727,8.125706672668457
07-11-2003,10.399999618530273,10.475000381469727,3224800,10.484999656677246,10.4375,8.145215034484863
10-11-2003,10.375,10.4375,2462800,10.492500305175781,10.425000190734863,8.135459899902344
11-11-2003,10.395000457763672,10.47249984741211,1680400,10.489999771118164,10.454999923706055,8.1588716506958
12-11-2003,10.4375,10.47249984741211,3510000,10.664999961853027,10.649999618530273,8.311046600341797
13-11-2003,10.600000381469727,10.710000038146973,2967600,10.787500381469727,10.774999618530273,8.408595085144043
14-11-2003,10.6875,10.7524995803833,3310400,10.914999961853027,10.75,8.389086723327637
17-11-2003,10.53499984741211,10.75,1905200,10.75,10.612500190734863,8.281783103942871
18-11-2003,10.5649995803833,10.662500381469727,2647200,10.6850004196167,10.6274995803833,8.293489456176758
19-11-2003,10.619999885559082,10.707500457763672,2244000,10.707500457763672,10.645000457763672,8.30714225769043
20-11-2003,10.59749984741211,10.647500038146973,3450000,10.725000381469727,10.649999618530273,8.311046600341797
21-11-2003,10.487500190734863,10.6875,2484400,10.6875,10.510000228881836,8.201793670654297
24-11-2003,10.399999618530273,10.487500190734863,4611200,10.5,10.425000190734863,8.135459899902344
25-11-2003,10.404999732971191,10.449999809265137,4702800,10.4975004196167,10.47249984741211,8.172528266906738
26-11-2003,10.425000190734863,10.487500190734863,3726000,10.487500190734863,10.475000381469727,8.174484252929688
28-11-2003,10.430000305175781,10.505000114440918,566000,10.524999618530273,10.484999656677246,8.182280540466309
01-12-2003,10.487500190734863,10.5,2673600,10.637499809265137,10.604999542236328,8.275928497314453
02-12-2003,10.6274995803833,10.637499809265137,5000000,10.732500076293945,10.712499618530273,8.359818458557129
03-12-2003,10.5649995803833,10.697500228881836,3670000,10.710000038146973,10.587499618530273,8.262271881103516
04-12-2003,10.550000190734863,10.550000190734863,8414000,11.25,11.140000343322754,8.693434715270996
05-12-2003,11.09000015258789,11.1875,3012400,11.25,11.130000114440918,8.685628890991211
08-12-2003,11.074999809265137,11.157500267028809,3632000,11.22249984741211,11.212499618530273,8.750008583068848
09-12-2003,11.21500015258789,11.21500015258789,3655600,11.300000190734863,11.262499809265137,8.789032936096191
10-12-2003,11.194999694824219,11.302499771118164,2507600,11.322500228881836,11.197500228881836,8.738308906555176
11-12-2003,11.147500038146973,11.199999809265137,2106000,11.287500381469727,11.27750015258789,8.800735473632812
12-12-2003,11.282500267028809,11.337499618530273,1894000,11.4350004196167,11.430000305175781,8.919742584228516
15-12-2003,11.267499923706055,11.369999885559082,2993600,11.3725004196167,11.279999732971191,8.802685737609863
16-12-2003,11.292499542236328,11.292499542236328,3568000,11.489999771118164,11.422499656677246,8.913887977600098
17-12-2003,11.34749984741211,11.397500038146973,3048800,11.567500114440918,11.555000305175781,9.017291069030762
18-12-2003,11.5649995803833,11.587499618530273,7271200,11.880000114440918,11.802499771118164,9.210433006286621
19-12-2003,11.625,11.739999771118164,3246800,11.795000076293945,11.732500076293945,9.155811309814453
22-12-2003,11.542499542236328,11.725000381469727,3038800,11.725000381469727,11.625,9.071916580200195
23-12-2003,11.397500038146973,11.600000381469727,2737200,11.602499961853027,11.517499923706055,8.988021850585938
24-12-2003,11.512499809265137,11.52750015258789,1439600,11.774999618530273,11.694999694824219,9.126542091369629
26-12-2003,11.654999732971191,11.6875,487600,11.737500190734863,11.712499618530273,9.1402006149292
29-12-2003,11.612500190734863,11.71500015258789,2633600,11.819999694824219,11.774999618530273,9.188973426818848
30-12-2003,11.699999809265137,11.795000076293945,2344400,11.850000381469727,11.72249984741211,9.148002624511719
31-12-2003,11.477499961853027,11.737500190734863,3106000,11.755000114440918,11.542499542236328,9.00753402709961
02-01-2004,11.350000381469727,11.512499809265137,2510800,11.524999618530273,11.454999923706055,8.939247131347656
05-01-2004,11.442500114440918,11.505000114440918,2688400,11.65250015258789,11.649999618530273,9.091426849365234
06-01-2004,11.532500267028809,11.742500305175781,2844800,11.774999618530273,11.602499961853027,9.054360389709473
07-01-2004,11.432499885559082,11.587499618530273,3996400,11.587499618530273,11.457500457763672,8.941205024719238
08-01-2004,11.327500343322754,11.512499809265137,3156800,11.537500381469727,11.427499771118164,8.9177885055542
09-01-2004,11.352499961853027,11.425000190734863,5900400,11.625,11.457500457763672,8.941205024719238
12-01-2004,11.300000190734863,11.484999656677246,3524400,11.484999656677246,11.350000381469727,8.857312202453613
13-01-2004,11.324999809265137,11.350000381469727,4208000,11.552499771118164,11.382499694824219,8.882675170898438
14-01-2004,11.427499771118164,11.475000381469727,2951200,11.5600004196167,11.555000305175781,9.027203559875488
15-01-2004,11.1225004196167,11.630000114440918,6737200,11.75,11.197500228881836,8.747908592224121
16-01-2004,11.172499656677246,11.199999809265137,3740400,11.352499961853027,11.329999923706055,8.851428031921387
20-01-2004,11.392499923706055,11.392499923706055,3500800,11.737500190734863,11.680000305175781,9.124855995178223
21-01-2004,11.524999618530273,11.662500381469727,3672000,11.720000267028809,11.567500114440918,9.036971092224121
22-01-2004,11.279999732971191,11.625,5332800,11.692500114440918,11.507499694824219,8.990095138549805
23-01-2004,11.5625,11.5649995803833,3343600,11.862500190734863,11.72249984741211,9.158058166503906
26-01-2004,11.492500305175781,11.672499656677246,2567600,11.737500190734863,11.737500190734863,9.169776916503906
27-01-2004,11.585000038146973,11.762499809265137,3370000,11.8125,11.65250015258789,9.103375434875488
28-01-2004,11.444999694824219,11.6225004196167,4606000,11.640000343322754,11.475000381469727,8.964706420898438
29-01-2004,11.237500190734863,11.475000381469727,3875600,11.475000381469727,11.324999809265137,8.847519874572754
30-01-2004,11.202500343322754,11.297499656677246,3418400,11.350000381469727,11.324999809265137,8.847519874572754
02-02-2004,11.15999984741211,11.297499656677246,2932000,11.4399995803833,11.274999618530273,8.808457374572754
03-02-2004,11.25,11.274999618530273,2211600,11.454999923706055,11.322500228881836,8.845566749572754
04-02-2004,11.045000076293945,11.324999809265137,3109600,11.357500076293945,11.112500190734863,8.68150520324707
05-02-2004,10.612500190734863,11.039999961853027,6024000,11.042499542236328,10.725000381469727,8.378779411315918
06-02-2004,10.635000228881836,10.824999809265137,5080800,10.932499885559082,10.8149995803833,8.449089050292969
09-02-2004,10.779999732971191,10.782500267028809,4084000,10.952500343322754,10.789999961853027,8.429555892944336
10-02-2004,10.75,10.852499961853027,6201200,10.962499618530273,10.942500114440918,8.548693656921387
11-02-2004,10.7524995803833,10.880000114440918,6475200,10.887499809265137,10.8100004196167,8.445182800292969
12-02-2004,10.819999694824219,10.819999694824219,5893600,11.067500114440918,11.02750015258789,8.615100860595703
13-02-2004,10.880000114440918,11.022500038146973,3194800,11.022500038146973,10.9399995803833,8.546741485595703
17-02-2004,10.954999923706055,10.954999923706055,2382400,11.039999961853027,10.992500305175781,8.587756156921387
18-02-2004,10.850000381469727,10.954999923706055,2573200,11.012499809265137,10.880000114440918,8.499868392944336
19-02-2004,10.779999732971191,10.885000228881836,2178000,10.967499732971191,10.800000190734863,8.437368392944336
20-02-2004,10.612500190734863,10.802499771118164,3603200,10.819999694824219,10.75,8.398309707641602
23-02-2004,10.694999694824219,10.787500381469727,1856400,10.832500457763672,10.760000228881836,8.406122207641602
24-02-2004,10.704999923706055,10.75,3218400,10.862500190734863,10.850000381469727,8.47642707824707
25-02-2004,10.770000457763672,10.8125,2466800,10.967499732971191,10.925000190734863,8.535026550292969
26-02-2004,10.887499809265137,10.930000305175781,4235200,11.0600004196167,11.0024995803833,8.595571517944336
27-02-2004,10.982500076293945,11.0,3156800,11.1850004196167,11.1225004196167,8.689321517944336
01-03-2004,11.119999885559082,11.1875,4144000,11.324999809265137,11.3125,8.837745666503906
02-03-2004,11.262499809265137,11.262499809265137,4424800,11.470000267028809,11.357500076293945,8.872908592224121
03-03-2004,11.149999618530273,11.274999618530273,5045600,11.460000038146973,11.392499923706055,8.900251388549805
04-03-2004,11.09000015258789,11.375,3909600,11.390000343322754,11.197500228881836,8.747908592224121
05-03-2004,11.237500190734863,11.25,5992000,11.452500343322754,11.380000114440918,8.890485763549805
08-03-2004,11.382499694824219,11.462499618530273,3078400,11.572500228881836,11.4350004196167,8.933455467224121
09-03-2004,11.22249984741211,11.324999809265137,2828000,11.412500381469727,11.295000076293945,8.824078559875488
10-03-2004,11.112500190734863,11.385000228881836,2916000,11.385000228881836,11.1274995803833,8.693222999572754
11-03-2004,10.922499656677246,11.0649995803833,3340800,11.112500190734863,10.96500015258789,8.566272735595703
12-03-2004,10.9399995803833,10.942500114440918,1804800,11.170000076293945,11.170000076293945,8.72642707824707
15-03-2004,11.1899995803833,11.1899995803833,2600800,11.322500228881836,11.27750015258789,8.810409545898438
16-03-2004,11.202500343322754,11.34000015258789,3356000,11.34749984741211,11.262499809265137,8.798688888549805
17-03-2004,11.27750015258789,11.295000076293945,3086000,11.520000457763672,11.369999885559082,8.882675170898438
18-03-2004,11.242500305175781,11.369999885559082,4973200,11.425000190734863,11.350000381469727,8.867050170898438
19-03-2004,11.164999961853027,11.324999809265137,3124400,11.3725004196167,11.182499885559082,8.736194610595703
22-03-2004,11.085000038146973,11.182499885559082,2847200,11.3149995803833,11.234999656677246,8.777206420898438
23-03-2004,11.100000381469727,11.267499923706055,3418000,11.287500381469727,11.1875,8.740096092224121
24-03-2004,10.827500343322754,11.232500076293945,2744000,11.232500076293945,10.837499618530273,8.466670989990234
25-03-2004,10.819999694824219,10.899999618530273,4180400,10.947500228881836,10.864999771118164,8.488149642944336
26-03-2004,10.850000381469727,10.850000381469727,3088800,11.092499732971191,10.994999885559082,8.589709281921387
29-03-2004,11.015000343322754,11.015000343322754,3840400,11.180000305175781,11.137499809265137,8.70103645324707
30-03-2004,11.142499923706055,11.15250015258789,4701200,11.422499656677246,11.3125,8.837745666503906
31-03-2004,11.274999618530273,11.359999656677246,3288800,11.47249984741211,11.47249984741211,8.962749481201172
01-04-2004,11.329999923706055,11.487500190734863,5268800,11.569999694824219,11.399999618530273,8.906111717224121
02-04-2004,11.40999984741211,11.512499809265137,3303200,11.547499656677246,11.470000267028809,8.960797309875488
05-04-2004,11.40250015258789,11.5,5250000,11.529999732971191,11.46500015258789,8.956892967224121
06-04-2004,11.427499771118164,11.46500015258789,2214400,11.53499984741211,11.5024995803833,8.986189842224121
07-04-2004,11.4350004196167,11.477499961853027,3780800,11.600000381469727,11.5024995803833,8.986189842224121
08-04-2004,11.5649995803833,11.600000381469727,4200800,11.772500038146973,11.767499923706055,9.193221092224121
12-04-2004,11.767499923706055,11.767499923706055,3773600,12.112500190734863,11.970000267028809,9.351417541503906
13-04-2004,11.837499618530273,11.970000267028809,3322800,12.042499542236328,11.84749984741211,9.255717277526855
14-04-2004,11.670000076293945,11.770000457763672,4376000,11.897500038146973,11.880000114440918,9.292869567871094
15-04-2004,12.0,12.0,3649200,12.212499618530273,12.130000114440918,9.488429069519043
16-04-2004,12.207500457763672,12.287500381469727,4961600,12.322500228881836,12.28499984741211,9.609675407409668
19-04-2004,12.345000267028809,12.357500076293945,6242800,12.522500038146973,12.522500038146973,9.795449256896973
20-04-2004,12.255000114440918,12.390000343322754,3450400,12.5,12.255000114440918,9.586206436157227
21-04-2004,12.039999961853027,12.1875,4123600,12.25,12.0600004196167,9.433672904968262
22-04-2004,12.010000228881836,12.074999809265137,4013200,12.260000228881836,12.239999771118164,9.57447624206543
23-04-2004,12.057499885559082,12.225000381469727,2204000,12.237500190734863,12.170000076293945,9.519720077514648
26-04-2004,12.220000267028809,12.220000267028809,2726000,12.357500076293945,12.297499656677246,9.619455337524414
27-04-2004,12.352499961853027,12.387499809265137,4628000,12.697500228881836,12.604999542236328,9.8599853515625
28-04-2004,12.479999542236328,12.607500076293945,4196800,12.640000343322754,12.52750015258789,9.799362182617188
29-04-2004,12.167499542236328,12.382499694824219,5137600,12.444999694824219,12.237500190734863,9.572517395019531
30-04-2004,12.21500015258789,12.262499809265137,3317200,12.449999809265137,12.3125,9.631183624267578
03-05-2004,12.27750015258789,12.362500190734863,9715600,13.037500381469727,13.037500381469727,10.198301315307617
04-05-2004,13.082500457763672,13.082500457763672,15029600,13.6875,13.505000114440918,10.563992500305176
05-05-2004,13.322500228881836,13.475000381469727,8014400,13.552499771118164,13.5,10.560081481933594
06-05-2004,13.295000076293945,13.5024995803833,6204000,13.602499961853027,13.545000076293945,10.595283508300781
07-05-2004,13.452500343322754,13.547499656677246,6413200,13.670000076293945,13.47249984741211,10.53857135772705
10-05-2004,12.875,13.27750015258789,8418000,13.279999732971191,13.050000190734863,10.208080291748047
11-05-2004,13.037500381469727,13.112500190734863,5682000,13.2475004196167,13.132499694824219,10.272614479064941
12-05-2004,13.039999961853027,13.132499694824219,4965600,13.359999656677246,13.25,10.364522933959961
13-05-2004,13.145000457763672,13.225000381469727,3906000,13.337499618530273,13.279999732971191,10.387990951538086
14-05-2004,13.350000381469727,13.362500190734863,4802400,13.649999618530273,13.542499542236328,10.593326568603516
17-05-2004,13.542499542236328,13.542499542236328,4297600,13.819999694824219,13.662500381469727,10.687195777893066
18-05-2004,13.375,13.662500381469727,6008000,13.6875,13.449999809265137,10.520968437194824
19-05-2004,13.225000381469727,13.46500015258789,5216000,13.522500038146973,13.229999542236328,10.348881721496582
20-05-2004,13.107500076293945,13.25,5073600,13.364999771118164,13.112500190734863,10.25696849822998
21-05-2004,13.010000228881836,13.274999618530273,4829200,13.279999732971191,13.167499542236328,10.299991607666016
24-05-2004,13.175000190734863,13.212499618530273,3130800,13.4975004196167,13.454999923706055,10.524884223937988
25-05-2004,13.3725004196167,13.380000114440918,3387200,13.65250015258789,13.637499809265137,10.667637825012207
26-05-2004,13.510000228881836,13.699999809265137,3848000,13.760000228881836,13.522500038146973,10.577681541442871
27-05-2004,13.244999885559082,13.5024995803833,3923200,13.5024995803833,13.279999732971191,10.387990951538086
28-05-2004,13.322500228881836,13.335000038146973,3156800,13.5649995803833,13.357500076293945,10.448616027832031
01-06-2004,13.484999656677246,13.5,2692000,13.744999885559082,13.65250015258789,10.67937183380127
02-06-2004,13.4375,13.75,4714800,13.797499656677246,13.457500457763672,10.526838302612305
03-06-2004,13.1899995803833,13.457500457763672,4588400,13.585000038146973,13.227499961853027,10.34692668914795
04-06-2004,12.957500457763672,13.202500343322754,4058000,13.202500343322754,13.02750015258789,10.19048023223877
07-06-2004,12.957500457763672,13.042499542236328,4306400,13.359999656677246,13.354999542236328,10.446660041809082
08-06-2004,13.207500457763672,13.345000267028809,2717200,13.494999885559082,13.255000114440918,10.368435859680176
09-06-2004,13.010000228881836,13.204999923706055,2778800,13.232500076293945,13.147500038146973,10.284344673156738
10-06-2004,13.397500038146973,13.399999618530273,5553600,13.667499542236328,13.667499542236328,10.691102981567383
14-06-2004,13.479999542236328,13.625,3970000,13.805000305175781,13.649999618530273,10.677413940429688
15-06-2004,13.772500038146973,13.789999961853027,7357200,14.145000457763672,14.130000114440918,11.05288314819336
16-06-2004,14.229999542236328,14.25,6512000,14.600000381469727,14.482500076293945,11.328620910644531
17-06-2004,14.380000114440918,14.532500267028809,4165600,14.630000114440918,14.567500114440918,11.395112037658691
18-06-2004,14.460000038146973,14.507499694824219,3667600,14.595000267028809,14.539999961853027,11.373598098754883
21-06-2004,14.4399995803833,14.5625,2346800,14.595000267028809,14.587499618530273,11.410754203796387
22-06-2004,14.537500381469727,14.587499618530273,4578000,14.774999618530273,14.737500190734863,11.528087615966797
23-06-2004,14.822500228881836,14.875,7590400,15.297499656677246,15.272500038146973,11.946579933166504
24-06-2004,15.149999618530273,15.3149995803833,6963200,15.449999809265137,15.22249984741211,11.907469749450684
25-06-2004,15.022500038146973,15.52750015258789,7100800,15.922499656677246,15.022500038146973,11.751025199890137
28-06-2004,14.65250015258789,15.087499618530273,5533200,15.087499618530273,14.732500076293945,11.524177551269531
29-06-2004,14.662500381469727,14.662500381469727,4377200,14.899999618530273,14.832500457763672,11.602397918701172
30-06-2004,14.8125,14.897500038146973,4143200,14.994999885559082,14.927499771118164,11.67671012878418
01-07-2004,14.930000305175781,14.96500015258789,4631600,15.167499542236328,15.074999809265137,11.792088508605957
02-07-2004,15.074999809265137,15.137499809265137,3121600,15.342499732971191,15.202500343322754,11.891826629638672
06-07-2004,15.337499618530273,15.337499618530273,5602000,15.604999542236328,15.412500381469727,12.056093215942383
07-07-2004,15.302499771118164,15.407500267028809,3896800,15.587499618530273,15.574999809265137,12.18320083618164
08-07-2004,15.3100004196167,15.602499961853027,3865600,15.702500343322754,15.53499984741211,12.151918411254883
09-07-2004,15.487500190734863,15.53499984741211,2712000,15.727499961853027,15.640000343322754,12.234052658081055
12-07-2004,15.454999923706055,15.637499809265137,4738000,15.640000343322754,15.577500343322754,12.185163497924805
13-07-2004,15.375,15.577500343322754,5218800,15.577500343322754,15.427499771118164,12.067828178405762
14-07-2004,15.399999618530273,15.412500381469727,3465600,15.667499542236328,15.637499809265137,12.243997573852539
15-07-2004,15.484999656677246,15.625,4236000,15.800000190734863,15.774999618530273,12.351661682128906
16-07-2004,15.604999542236328,15.862500190734863,5624000,15.897500038146973,15.829999923706055,12.394722938537598
19-07-2004,15.675000190734863,15.819999694824219,2562400,15.8725004196167,15.8100004196167,12.379059791564941
20-07-2004,15.6274995803833,15.8100004196167,3504800,15.819999694824219,15.699999809265137,12.292936325073242
21-07-2004,15.237500190734863,15.72249984741211,4501600,15.787500381469727,15.279999732971191,11.96407699584961
22-07-2004,15.192500114440918,15.302499771118164,4580000,15.482500076293945,15.354999542236328,12.022808074951172
23-07-2004,15.100000381469727,15.25,2591600,15.34000015258789,15.202500343322754,11.903401374816895
26-07-2004,14.852499961853027,15.192500114440918,4274800,15.302499771118164,14.967499732971191,11.719393730163574
27-07-2004,14.824999809265137,14.904999732971191,4124400,15.352499961853027,15.3125,11.989527702331543
28-07-2004,15.274999618530273,15.3149995803833,6014800,15.65250015258789,15.649999618530273,12.253787994384766
29-07-2004,15.449999809265137,15.65250015258789,4836000,15.787500381469727,15.760000228881836,12.339913368225098
30-07-2004,15.774999618530273,15.802499771118164,3242000,15.949999809265137,15.887499809265137,12.43974494934082
02-08-2004,15.550000190734863,15.887499809265137,3161600,15.979999542236328,15.885000228881836,12.437790870666504
03-08-2004,15.932499885559082,15.9375,8700400,16.524999618530273,16.22249984741211,12.702047348022461
04-08-2004,15.297499656677246,16.22249984741211,8628000,16.22249984741211,15.352499961853027,12.020845413208008
05-08-2004,14.932499885559082,15.352499961853027,7331200,15.4375,15.0625,11.793780326843262
06-08-2004,14.545000076293945,15.0625,5195600,15.074999809265137,14.600000381469727,11.431647300720215
09-08-2004,14.625,14.625,5296000,15.050000190734863,14.800000190734863,11.588242530822754
10-08-2004,14.729999542236328,14.875,4615600,14.984999656677246,14.885000228881836,11.654800415039062
11-08-2004,14.412500381469727,14.8100004196167,5326400,14.862500190734863,14.5024995803833,11.355299949645996
12-08-2004,14.262499809265137,14.555000305175781,4849600,14.732500076293945,14.265000343322754,11.169342994689941
13-08-2004,14.307499885559082,14.3125,5977200,14.494999885559082,14.375,11.255477905273438
16-08-2004,14.307499885559082,14.357500076293945,3784000,14.52750015258789,14.3725004196167,11.25351619720459
17-08-2004,13.84749984741211,13.875,7952400,14.020000457763672,13.850000381469727,10.844407081604004
18-08-2004,13.912500381469727,13.912500381469727,4817600,14.09000015258789,14.032500267028809,10.987299919128418
19-08-2004,13.975000381469727,14.095000267028809,4887200,14.262499809265137,14.225000381469727,11.13802433013916
20-08-2004,14.279999732971191,14.350000381469727,4838400,14.550000190734863,14.300000190734863,11.196747779846191
23-08-2004,14.037500381469727,14.300000190734863,3412000,14.407500267028809,14.102499961853027,11.042109489440918
24-08-2004,13.850000381469727,14.102499961853027,5559600,14.102499961853027,14.050000190734863,11.001004219055176
25-08-2004,13.947500228881836,14.100000381469727,5100400,14.282500267028809,14.020000457763672,10.97751235961914
26-08-2004,13.800000190734863,14.0,3925200,14.272500038146973,14.25,11.157597541809082
27-08-2004,14.2475004196167,14.257499694824219,2506400,14.397500038146973,14.362500190734863,11.245687484741211
30-08-2004,14.125,14.257499694824219,2833200,14.442500114440918,14.2475004196167,11.155644416809082
31-08-2004,14.225000381469727,14.2475004196167,1950400,14.470000267028809,14.442500114440918,11.30832576751709
01-09-2004,14.4375,14.475000381469727,4365200,14.765000343322754,14.71500015258789,11.521690368652344
02-09-2004,14.602499961853027,14.762499809265137,3106000,14.864999771118164,14.729999542236328,11.533434867858887
03-09-2004,14.625,14.729999542236328,2077200,14.765000343322754,14.682499885559082,11.496241569519043
07-09-2004,14.442500114440918,14.6850004196167,3057200,14.744999885559082,14.744999885559082,11.54517650604248
08-09-2004,14.710000038146973,14.854999542236328,5284400,14.899999618530273,14.725000381469727,11.529518127441406
09-09-2004,14.692500114440918,14.75,5072800,14.9399995803833,14.925000190734863,11.686119079589844
10-09-2004,14.767499923706055,14.922499656677246,2796400,14.970000267028809,14.90999984741211,11.674370765686035
13-09-2004,15.109999656677246,15.149999618530273,6725200,15.367500305175781,15.287500381469727,11.969954490661621
14-09-2004,15.357500076293945,15.362500190734863,8637200,15.842499732971191,15.789999961853027,12.363407135009766
15-09-2004,15.670000076293945,15.774999618530273,5040400,15.917499542236328,15.670000076293945,12.269445419311523
16-09-2004,15.5625,15.670000076293945,2853200,15.827500343322754,15.772500038146973,12.349701881408691
17-09-2004,15.84749984741211,15.84749984741211,3317200,15.970000267028809,15.895000457763672,12.4456205368042
20-09-2004,15.832500457763672,15.944999694824219,3376000,16.020000457763672,15.867500305175781,12.424087524414062
21-09-2004,15.842499732971191,15.897500038146973,3882400,16.407499313354492,16.352500915527344,12.803834915161133
22-09-2004,16.100000381469727,16.352500915527344,3560800,16.352500915527344,16.184999465942383,12.672683715820312
23-09-2004,15.917499542236328,16.122499465942383,4466800,16.122499465942383,15.927499771118164,12.471068382263184
24-09-2004,16.065000534057617,16.100000381469727,4411200,16.290000915527344,16.212499618530273,12.694217681884766
27-09-2004,15.949999809265137,16.274999618530273,2840400,16.354999542236328,16.127500534057617,12.62766170501709
28-09-2004,16.272499084472656,16.299999237060547,3518400,16.530000686645508,16.46500015258789,12.891922950744629
29-09-2004,16.162500381469727,16.46500015258789,5010800,16.717500686645508,16.24250030517578,12.717707633972168
30-09-2004,16.24250030517578,16.24250030517578,6730400,16.565000534057617,16.462499618530273,12.889969825744629
01-10-2004,16.364999771118164,16.462499618530273,5468000,16.862499237060547,16.799999237060547,13.154219627380371
04-10-2004,16.6924991607666,16.802499771118164,4144800,16.97249984741211,16.8799991607666,13.216862678527832
05-10-2004,17.049999237060547,17.049999237060547,4313200,17.420000076293945,17.3125,13.55550765991211
06-10-2004,17.399999618530273,17.399999618530273,4121200,17.637500762939453,17.5674991607666,13.755167961120605
07-10-2004,17.372499465942383,17.875,6420000,18.1200008392334,17.405000686645508,13.62793254852295
08-10-2004,17.229999542236328,17.417499542236328,3019600,17.59000015258789,17.424999237060547,13.64358901977539
11-10-2004,17.19499969482422,17.427499771118164,2497200,17.452499389648438,17.3125,13.55550765991211
12-10-2004,17.03499984741211,17.344999313354492,3268800,17.46500015258789,17.045000076293945,13.346056938171387
13-10-2004,16.219999313354492,16.762500762939453,8129600,16.764999389648438,16.3700008392334,12.828828811645508
14-10-2004,16.3700008392334,16.3700008392334,4980800,16.827499389648438,16.700000762939453,13.087443351745605
15-10-2004,16.542499542236328,16.725000381469727,2663600,16.825000762939453,16.647499084472656,13.046298027038574
18-10-2004,16.40999984741211,16.674999237060547,3276400,16.762500762939453,16.475000381469727,12.911112785339355
19-10-2004,16.3799991607666,16.450000762939453,2654000,16.604999542236328,16.5,12.930704116821289
20-10-2004,16.5625,16.5625,5483200,17.100000381469727,17.0674991607666,13.375445365905762
21-10-2004,16.947500228881836,17.212499618530273,4535200,17.27750015258789,17.217500686645508,13.492998123168945
22-10-2004,17.157499313354492,17.3125,2480000,17.387500762939453,17.190000534057617,13.471443176269531
25-10-2004,17.09000015258789,17.225000381469727,3419200,17.354999542236328,17.219999313354492,13.494953155517578
26-10-2004,17.065000534057617,17.22249984741211,3363200,17.467500686645508,17.43000030517578,13.659524917602539
27-10-2004,16.625,17.512500762939453,7460000,17.8125,16.967500686645508,13.297079086303711
28-10-2004,16.25749969482422,17.100000381469727,9452000,17.100000381469727,16.25749969482422,12.740663528442383
29-10-2004,16.235000610351562,16.282499313354492,5256400,16.649999618530273,16.639999389648438,13.040422439575195
01-11-2004,16.27750015258789,16.774999618530273,5105600,16.94499969482422,16.415000915527344,12.864095687866211
02-11-2004,16.037500381469727,16.46500015258789,4064400,16.547500610351562,16.104999542236328,12.621149063110352
03-11-2004,16.1924991607666,16.424999237060547,6022800,16.520000457763672,16.450000762939453,12.891523361206055
04-11-2004,16.522499084472656,16.625,6951600,16.899999618530273,16.774999618530273,13.146221160888672
05-11-2004,16.772499084472656,16.774999618530273,3782000,17.092500686645508,16.897499084472656,13.242218017578125
08-11-2004,16.262500762939453,16.844999313354492,5747600,16.899999618530273,16.30500030517578,12.777892112731934
09-11-2004,16.072500228881836,16.565000534057617,5495600,16.565000534057617,16.3125,12.783768653869629
10-11-2004,16.162500381469727,16.3700008392334,6357600,16.542499542236328,16.540000915527344,12.962051391601562
11-11-2004,16.342500686645508,16.53499984741211,5805200,16.5625,16.38249969482422,12.838621139526367
12-11-2004,16.31999969482422,16.38249969482422,5698400,17.125,17.092500686645508,13.395038604736328
15-11-2004,16.565000534057617,17.094999313354492,7042400,17.09749984741211,16.875,13.22458267211914
16-11-2004,16.635000228881836,16.905000686645508,4503200,17.012500762939453,16.752500534057617,13.128582000732422
17-11-2004,16.790000915527344,16.912500381469727,4977200,17.0575008392334,17.0,13.32254409790039
18-11-2004,16.94499969482422,17.024999618530273,6495200,17.350000381469727,17.322500228881836,13.575282096862793
19-11-2004,17.364999771118164,17.385000228881836,9288000,18.065000534057617,17.834999084472656,13.976920127868652
22-11-2004,17.969999313354492,17.99250030517578,7043600,18.417499542236328,18.3799991607666,14.404025077819824
23-11-2004,18.337499618530273,18.3799991607666,3966800,18.68000030517578,18.512500762939453,14.507857322692871
24-11-2004,18.299999237060547,18.512500762939453,5302400,18.920000076293945,18.86750030517578,14.786067962646484
26-11-2004,18.815000534057617,18.8700008392334,1759200,19.125,18.957500457763672,14.85660171508789
29-11-2004,18.63249969482422,19.012500762939453,5222800,19.045000076293945,18.825000762939453,14.752753257751465
30-11-2004,18.50749969482422,18.600000381469727,5521600,18.772499084472656,18.767499923706055,14.707706451416016
01-12-2004,18.1875,18.767499923706055,6940400,18.837499618530273,18.274999618530273,14.321733474731445
02-12-2004,17.350000381469727,18.274999618530273,8568400,18.274999618530273,17.6200008392334,13.808428764343262
03-12-2004,17.462499618530273,17.462499618530273,5983200,18.06999969482422,18.040000915527344,14.137577056884766
06-12-2004,17.782499313354492,18.125,2969600,18.147499084472656,17.915000915527344,14.039609909057617
07-12-2004,17.395000457763672,17.8125,4851600,17.875,17.454999923706055,13.679118156433105
08-12-2004,17.092500686645508,17.395000457763672,4404400,17.739999771118164,17.655000686645508,13.835859298706055
09-12-2004,17.55500030517578,17.6924991607666,3711600,17.899999618530273,17.827499389648438,13.971038818359375
10-12-2004,17.354999542236328,18.147499084472656,3918000,18.147499084472656,17.424999237060547,13.655604362487793
13-12-2004,17.475000381469727,17.487499237060547,4474800,17.889999389648438,17.889999389648438,14.020020484924316
14-12-2004,17.80500030517578,17.952499389648438,3718800,18.06999969482422,18.012500762939453,14.116023063659668
15-12-2004,17.8799991607666,18.0625,4163200,18.387500762939453,18.315000534057617,14.353086471557617
16-12-2004,17.912500381469727,18.274999618530273,3598800,18.274999618530273,17.962499618530273,14.076838493347168
17-12-2004,17.989999771118164,18.0,4255200,18.3075008392334,18.297500610351562,14.339365005493164
20-12-2004,18.25,18.287500381469727,2843600,18.4375,18.362499237060547,14.390311241149902
21-12-2004,18.337499618530273,18.364999771118164,2670800,18.547500610351562,18.469999313354492,14.4745512008667
22-12-2004,17.887500762939453,18.487499237060547,6141200,18.524999618530273,18.0,14.106224060058594
23-12-2004,17.985000610351562,18.002500534057617,3347600,18.25,18.100000381469727,14.184591293334961
27-12-2004,17.577499389648438,18.100000381469727,2939200,18.100000381469727,17.600000381469727,13.792753219604492
28-12-2004,17.625,17.625,3164800,17.842500686645508,17.825000762939453,13.969082832336426
29-12-2004,17.704999923706055,17.875,4131600,17.93000030517578,17.8174991607666,13.963203430175781
30-12-2004,17.649999618530273,17.762500762939453,2900400,17.875,17.725000381469727,13.890708923339844
31-12-2004,17.729999542236328,17.774999618530273,2445600,17.915000915527344,17.84000015258789,13.980839729309082
03-01-2005,16.537500381469727,17.84000015258789,12024400,17.84000015258789,16.637500762939453,13.038463592529297
04-01-2005,16.325000762939453,16.677499771118164,11683200,16.850000381469727,16.375,12.832743644714355
05-01-2005,16.024999618530273,16.375,7855200,16.475000381469727,16.237499237060547,12.724989891052246
06-01-2005,16.047500610351562,16.237499237060547,8714800,16.75,16.477500915527344,12.913073539733887
07-01-2005,16.147499084472656,16.487499237060547,4044400,16.487499237060547,16.3700008392334,12.828828811645508
10-01-2005,16.532499313354492,16.549999237060547,4525600,16.862499237060547,16.627500534057617,13.030623435974121
11-01-2005,16.514999389648438,16.712499618530273,4511600,16.825000762939453,16.737499237060547,13.116835594177246
12-01-2005,16.524999618530273,16.75749969482422,6363200,16.9950008392334,16.950000762939453,13.295275688171387
13-01-2005,16.950000762939453,17.037500381469727,5078800,17.327499389648438,17.135000228881836,13.440386772155762
14-01-2005,17.06999969482422,17.137500762939453,3964400,17.52750015258789,17.487499237060547,13.716877937316895
18-01-2005,17.700000762939453,17.700000762939453,7349200,18.0,17.905000686645508,14.04436206817627
19-01-2005,17.712499618530273,17.90250015258789,3413600,18.05500030517578,17.725000381469727,13.90317153930664
20-01-2005,17.405000686645508,17.625,5607200,17.905000686645508,17.780000686645508,13.946318626403809
21-01-2005,17.852500915527344,18.112499237060547,5141200,18.1200008392334,17.912500381469727,14.050251960754395
24-01-2005,18.020000457763672,18.037500381469727,5111200,18.142499923706055,18.032499313354492,14.144373893737793
25-01-2005,17.8700008392334,18.09749984741211,3914800,18.22249984741211,17.977500915527344,14.101229667663574
26-01-2005,17.950000762939453,18.087499618530273,4766800,18.270000457763672,18.235000610351562,14.303208351135254
27-01-2005,18.174999237060547,18.237499237060547,3816000,18.59749984741211,18.392499923706055,14.426745414733887
28-01-2005,18.264999389648438,18.395000457763672,5884000,18.520000457763672,18.5,14.511073112487793
31-01-2005,18.3174991607666,18.5,6724800,18.700000762939453,18.5625,14.56009578704834
01-02-2005,18.6825008392334,18.6875,5659200,19.024999618530273,18.987499237060547,14.893452644348145
02-02-2005,18.922500610351562,19.0,4852000,19.155000686645508,19.155000686645508,15.0248441696167
03-02-2005,18.979999542236328,19.625,8987600,19.674999237060547,19.31999969482422,15.154266357421875
04-02-2005,19.040000915527344,19.350000381469727,6324400,19.434999465942383,19.162500381469727,15.030722618103027
07-02-2005,18.947500228881836,19.162500381469727,5828000,19.25,19.239999771118164,15.091507911682129
08-02-2005,19.049999237060547,19.237499237060547,5128400,19.545000076293945,19.422500610351562,15.234658241271973
09-02-2005,19.167499542236328,19.387500762939453,5892400,19.787500381469727,19.559999465942383,15.34251594543457
10-02-2005,19.677499771118164,19.737499237060547,4697600,20.0575008392334,20.0,15.687638282775879
11-02-2005,19.877500534057617,20.0,6347200,20.40250015258789,20.3125,15.932758331298828
14-02-2005,20.325000762939453,20.325000762939453,7218800,20.5625,20.537500381469727,16.109249114990234
15-02-2005,20.364999771118164,20.537500381469727,4679200,20.72249984741211,20.542499542236328,16.113176345825195
16-02-2005,20.5625,20.5625,8003200,21.325000762939453,21.247499465942383,16.66615867614746
17-02-2005,20.8174991607666,21.362499237060547,8656800,21.412500381469727,20.889999389648438,16.3857421875
18-02-2005,20.94499969482422,20.962499618530273,8029200,21.52750015258789,21.392499923706055,16.779890060424805
22-02-2005,21.55500030517578,21.55500030517578,9565600,22.082500457763672,21.649999618530273,16.98186683654785
23-02-2005,21.545000076293945,21.575000762939453,7080800,21.787500381469727,21.610000610351562,16.950496673583984
24-02-2005,21.61750030517578,21.725000381469727,6450000,22.082500457763672,22.082500457763672,17.321115493774414
25-02-2005,22.084999084472656,22.084999084472656,7637600,22.9375,22.875,17.942745208740234
28-02-2005,22.30500030517578,22.924999237060547,10749200,23.325000762939453,22.780000686645508,17.86822509765625
01-03-2005,21.86750030517578,22.600000381469727,8655200,22.700000762939453,21.987499237060547,17.246601104736328
02-03-2005,21.889999389648438,21.985000610351562,4772600,22.604999542236328,22.489999771118164,17.640750885009766
03-03-2005,22.68000030517578,22.850000381469727,5651600,23.299999237060547,22.940000534057617,17.993730545043945
04-03-2005,22.780000686645508,22.940000534057617,3801200,23.65999984741211,23.395000457763672,18.35062026977539
07-03-2005,22.719999313354492,23.25,3633800,23.325000762939453,23.094999313354492,18.11530303955078
08-03-2005,23.0,23.0,4038000,23.579999923706055,23.530000686645508,18.456512451171875
09-03-2005,23.260000228881836,23.700000762939453,8835000,24.204999923706055,23.309999465942383,18.28394317626953
10-03-2005,22.03499984741211,23.0,7807200,23.0049991607666,22.43000030517578,17.593692779541016
11-03-2005,22.360000610351562,22.43000030517578,4439600,22.899999618530273,22.690000534057617,17.797632217407227
14-03-2005,22.229999542236328,22.774999618530273,3761600,22.924999237060547,22.885000228881836,17.95058822631836
15-03-2005,22.43000030517578,22.825000762939453,3427000,23.184999465942383,22.440000534057617,17.60154151916504
16-03-2005,22.084999084472656,22.440000534057617,5241800,23.040000915527344,22.649999618530273,17.766252517700195
17-03-2005,22.739999771118164,22.75,6963600,23.290000915527344,23.165000915527344,18.170209884643555
18-03-2005,23.75,24.0,9162200,24.21500015258789,24.104999542236328,18.907529830932617
21-03-2005,23.485000610351562,24.104999542236328,3921800,24.110000610351562,23.829999923706055,18.691835403442383
22-03-2005,23.2450008392334,23.829999923706055,3800600,24.104999542236328,23.299999237060547,18.276105880737305
23-03-2005,22.225000381469727,23.135000228881836,6357200,23.135000228881836,22.514999389648438,17.660367965698242
24-03-2005,22.454999923706055,22.584999084472656,4159400,23.2549991607666,22.7450008392334,17.840774536132812
28-03-2005,22.46500015258789,22.75,3214200,23.020000457763672,22.639999389648438,17.758411407470703
29-03-2005,22.350000381469727,22.639999389648438,4537400,23.114999771118164,22.375,17.55054473876953
30-03-2005,22.049999237060547,22.450000762939453,7224800,23.190000534057617,23.184999465942383,18.185903549194336
31-03-2005,23.825000762939453,23.875,6218600,24.420000076293945,24.3700008392334,19.115392684936523
01-04-2005,24.549999237060547,24.625,6116800,25.15999984741211,25.1299991607666,19.71152114868164
04-04-2005,24.68000030517578,25.334999084472656,8144000,26.25,25.03499984741211,19.637004852294922
05-04-2005,24.725000381469727,25.03499984741211,6049600,25.475000381469727,24.985000610351562,19.59779167175293
06-04-2005,24.454999923706055,24.950000762939453,6983000,25.204999923706055,25.014999389648438,19.621322631835938
07-04-2005,24.225000381469727,25.450000762939453,5305600,25.479999542236328,24.559999465942383,19.264432907104492
08-04-2005,23.579999923706055,24.450000762939453,6119800,24.510000228881836,23.645000457763672,18.546716690063477
11-04-2005,23.424999237060547,23.645000457763672,3903200,24.309999465942383,24.280000686645508,19.044801712036133
12-04-2005,23.584999084472656,24.280000686645508,4081600,24.389999389648438,23.69499969482422,18.58592987060547
13-04-2005,22.799999237060547,23.674999237060547,4871200,23.700000762939453,22.905000686645508,17.98145294189453
14-04-2005,22.7450008392334,23.149999618530273,6256800,23.674999237060547,22.850000381469727,17.938264846801758
15-04-2005,21.7450008392334,23.049999237060547,7069000,23.075000762939453,21.809999465942383,17.121822357177734
18-04-2005,21.399999618530273,21.850000381469727,4945000,22.40999984741211,22.389999389648438,17.577157974243164
19-04-2005,22.6200008392334,22.649999618530273,5369000,23.440000534057617,23.299999237060547,18.291549682617188
20-04-2005,22.725000381469727,23.309999465942383,3523400,23.6200008392334,22.774999618530273,17.879396438598633
21-04-2005,22.795000076293945,22.875,3187600,23.56999969482422,23.53499984741211,18.476024627685547
22-04-2005,23.315000534057617,23.579999923706055,3497600,23.954999923706055,23.674999237060547,18.585927963256836
25-04-2005,23.975000381469727,24.200000762939453,3542400,24.684999465942383,24.155000686645508,18.962753295898438
26-04-2005,23.774999618530273,24.155000686645508,3822800,24.200000762939453,23.875,18.742942810058594
27-04-2005,23.020000457763672,23.950000762939453,8047600,24.399999618530273,23.889999389648438,18.75472068786621
28-04-2005,23.395000457763672,23.690000534057617,6088200,23.975000381469727,23.645000457763672,18.5623836517334
29-04-2005,23.485000610351562,24.049999237060547,4975400,24.200000762939453,23.774999618530273,18.66443634033203
02-05-2005,23.299999237060547,23.475000381469727,5359400,24.719999313354492,24.704999923706055,19.39453125
03-05-2005,24.100000381469727,24.424999237060547,5300200,24.549999237060547,24.260000228881836,19.04518699645996
04-05-2005,23.725000381469727,24.385000228881836,8089400,24.5,24.395000457763672,19.151165008544922
05-05-2005,24.53499984741211,24.700000762939453,5599600,25.049999237060547,24.969999313354492,19.602569580078125
06-05-2005,24.700000762939453,25.1200008392334,5217200,25.200000762939453,24.860000610351562,19.516210556030273
09-05-2005,24.78499984741211,25.010000228881836,4281000,25.094999313354492,24.979999542236328,19.61042022705078
10-05-2005,24.415000915527344,24.895000457763672,3057000,25.059999465942383,24.514999389648438,19.245376586914062
11-05-2005,24.149999618530273,24.25,4963600,24.649999618530273,24.469999313354492,19.21005630493164
12-05-2005,22.5,24.299999237060547,10188000,24.334999084472656,22.739999771118164,17.851919174194336
13-05-2005,21.200000762939453,22.924999237060547,8787000,22.924999237060547,22.4950008392334,17.659582138061523
16-05-2005,21.7549991607666,22.364999771118164,4869400,22.44499969482422,22.415000915527344,17.596782684326172
17-05-2005,22.274999618530273,22.274999618530273,3652000,23.06999969482422,23.05500030517578,18.099201202392578
18-05-2005,22.905000686645508,23.190000534057617,4520600,23.610000610351562,23.21500015258789,18.22481346130371
19-05-2005,23.174999237060547,23.299999237060547,3912400,23.6299991607666,23.600000381469727,18.527050018310547
20-05-2005,23.53499984741211,23.774999618530273,5763000,24.0,23.93000030517578,18.786128997802734
23-05-2005,24.225000381469727,24.475000381469727,4221400,24.735000610351562,24.625,19.33172607421875
24-05-2005,24.43000030517578,24.6299991607666,2862400,24.934999465942383,24.90999984741211,19.55546760559082
25-05-2005,24.655000686645508,24.895000457763672,3662600,25.25,25.0,19.626113891601562
26-05-2005,24.885000228881836,25.0,2927800,25.309999465942383,25.270000457763672,19.838090896606445
27-05-2005,25.110000610351562,25.360000610351562,2058200,25.5,25.450000762939453,19.979385375976562
31-05-2005,24.709999084472656,24.850000381469727,4525000,25.09000015258789,24.94499969482422,19.582944869995117
01-06-2005,24.565000534057617,25.274999618530273,3884600,25.975000381469727,25.795000076293945,20.250234603881836
02-06-2005,25.475000381469727,25.899999618530273,3712400,26.0,25.78499984741211,20.242380142211914
03-06-2005,25.575000762939453,25.924999237060547,2109800,26.135000228881836,25.834999084472656,20.28162956237793
06-06-2005,25.80500030517578,26.094999313354492,2055800,26.229999542236328,26.05500030517578,20.454341888427734
07-06-2005,25.3700008392334,26.125,3653400,26.2450008392334,25.459999084472656,19.987241744995117
08-06-2005,25.440000534057617,25.459999084472656,5831600,26.565000534057617,26.229999542236328,20.59171485900879
09-06-2005,26.264999389648438,26.350000381469727,4287400,27.079999923706055,27.075000762939453,21.255088806152344
10-06-2005,26.834999084472656,27.125,2781400,27.21500015258789,27.084999084472656,21.262929916381836
13-06-2005,26.80500030517578,26.975000381469727,2613600,27.399999618530273,27.3700008392334,21.486677169799805
14-06-2005,27.21500015258789,27.3700008392334,3169600,27.735000610351562,27.704999923706055,21.749662399291992
15-06-2005,27.709999084472656,28.0,3338800,28.149999618530273,27.795000076293945,21.820314407348633
16-06-2005,27.815000534057617,28.024999618530273,2695200,28.174999237060547,28.020000457763672,21.99696159362793
17-06-2005,27.59000015258789,28.149999618530273,5816400,28.225000381469727,28.075000762939453,22.04013442993164
20-06-2005,28.329999923706055,28.575000762939453,4439200,28.864999771118164,28.665000915527344,22.503313064575195
21-06-2005,28.149999618530273,28.5,4899200,28.719999313354492,28.25,22.177513122558594
22-06-2005,28.28499984741211,28.5,7096400,28.834999084472656,28.424999237060547,22.314891815185547
23-06-2005,28.25,28.5,4413800,28.959999084472656,28.360000610351562,22.263864517211914
24-06-2005,27.799999237060547,28.450000762939453,4817000,28.674999237060547,27.950000762939453,21.941997528076172
27-06-2005,28.0049991607666,28.0049991607666,5071200,28.649999618530273,28.3700008392334,22.271705627441406
28-06-2005,27.809999465942383,28.344999313354492,4123000,28.360000610351562,28.0,21.981245040893555
29-06-2005,27.899999618530273,27.950000762939453,3582200,28.325000762939453,28.235000610351562,22.165742874145508
30-06-2005,27.954999923706055,27.975000381469727,4697000,28.969999313354492,28.399999618530273,22.295269012451172
01-07-2005,28.760000228881836,28.84000015258789,4037800,29.360000610351562,29.239999771118164,22.954708099365234
05-07-2005,29.399999618530273,29.5,4493400,30.024999618530273,29.975000381469727,23.531719207763672
06-07-2005,29.43000030517578,30.03499984741211,3570200,30.350000381469727,29.5049991607666,23.16274642944336
07-07-2005,29.149999618530273,29.350000381469727,4500400,30.184999465942383,30.174999237060547,23.68872833251953
08-07-2005,29.704999923706055,30.299999237060547,4345400,30.69499969482422,30.229999542236328,23.731901168823242
11-07-2005,29.7450008392334,29.899999618530273,3566000,30.344999313354492,30.21500015258789,23.720129013061523
12-07-2005,30.25,30.375,4407400,30.875,30.674999237060547,24.08124542236328
13-07-2005,30.100000381469727,30.875,2578200,30.875,30.3799991607666,23.86522102355957
14-07-2005,29.389999389648438,30.549999237060547,4598800,30.700000762939453,29.565000534057617,23.224990844726562
15-07-2005,29.06999969482422,29.610000610351562,4797000,29.950000762939453,29.34000015258789,23.04823875427246
18-07-2005,28.75,29.295000076293945,2991400,29.295000076293945,29.065000534057617,22.83221435546875
19-07-2005,28.59000015258789,28.59000015258789,2710200,30.075000762939453,30.075000762939453,23.625627517700195
20-07-2005,29.614999771118164,30.25,3321200,30.4950008392334,30.34000015258789,23.83379364013672
21-07-2005,29.719999313354492,30.325000762939453,3541200,30.559999465942383,30.114999771118164,23.657047271728516
22-07-2005,30.1200008392334,30.375,4257800,31.764999389648438,31.764999389648438,24.953216552734375
25-07-2005,31.354999542236328,31.625,4514200,32.474998474121094,32.150001525878906,25.255661010742188
26-07-2005,32.005001068115234,32.48500061035156,4314400,32.69499969482422,32.67499923706055,25.668067932128906
27-07-2005,31.834999084472656,32.650001525878906,6249000,32.939998626708984,31.895000457763672,25.055334091186523
28-07-2005,29.510000228881836,31.104999542236328,10402800,31.854999542236328,30.424999237060547,23.900564193725586
29-07-2005,30.360000610351562,30.524999618530273,3810200,30.700000762939453,30.549999237060547,23.998764038085938
01-08-2005,30.575000762939453,31.524999618530273,3140200,31.524999618530273,30.610000610351562,24.0458984375
02-08-2005,30.610000610351562,30.825000762939453,3888600,31.344999313354492,31.325000762939453,24.60756492614746
03-08-2005,30.790000915527344,31.360000610351562,2706400,31.479999542236328,31.0,24.352266311645508
04-08-2005,30.90999984741211,31.075000762939453,3720400,31.68000030517578,31.19499969482422,24.50545883178711
05-08-2005,30.59000015258789,31.43000030517578,2724400,31.479999542236328,30.975000381469727,24.33262062072754
08-08-2005,30.954999923706055,31.229999542236328,3572200,31.670000076293945,31.049999237060547,24.391542434692383
09-08-2005,30.68000030517578,31.1200008392334,2626400,31.299999237060547,30.875,24.25406265258789
10-08-2005,31.125,31.350000381469727,4457200,31.860000610351562,31.575000762939453,24.80396270751953
11-08-2005,31.565000534057617,31.575000762939453,3341600,32.060001373291016,32.04999923706055,25.177099227905273
12-08-2005,31.735000610351562,32.029998779296875,2937000,32.220001220703125,31.844999313354492,25.016056060791016
15-08-2005,31.329999923706055,32.29999923706055,2682400,32.29999923706055,31.489999771118164,24.7371883392334
16-08-2005,30.549999237060547,31.25,3429800,31.59000015258789,30.594999313354492,24.034116744995117
17-08-2005,29.584999084472656,30.594999313354492,5658600,31.200000762939453,29.875,23.468507766723633
18-08-2005,29.375,29.739999771118164,4373000,30.309999465942383,30.024999618530273,23.586341857910156
19-08-2005,30.420000076293945,30.450000762939453,2866000,30.674999237060547,30.540000915527344,23.990909576416016
22-08-2005,30.399999618530273,30.75,2712200,30.989999771118164,30.704999923706055,24.120525360107422
23-08-2005,29.924999237060547,30.93000030517578,3677600,31.024999618530273,30.5,23.959487915039062
24-08-2005,30.350000381469727,30.5,3129200,31.190000534057617,30.844999313354492,24.23049545288086
25-08-2005,30.510000228881836,30.510000228881836,3194800,30.989999771118164,30.829999923706055,24.21872329711914
26-08-2005,30.125,30.770000457763672,3045200,31.0,30.229999542236328,23.74738121032715
29-08-2005,30.385000228881836,31.375,5745800,31.510000228881836,30.8700008392334,24.250144958496094
30-08-2005,31.125,31.125,5882000,31.71500015258789,31.600000381469727,24.823596954345703
31-08-2005,31.530000686645508,32.04999923706055,11823600,32.60499954223633,31.915000915527344,25.071046829223633
01-09-2005,32.165000915527344,32.54999923706055,7270200,33.290000915527344,33.23500061035156,26.107986450195312
02-09-2005,32.41999816894531,33.04499816894531,5840600,33.15999984741211,32.625,25.62879753112793
06-09-2005,32.4900016784668,33.14500045776367,3225200,33.17499923706055,33.09000015258789,25.994077682495117
07-09-2005,32.82500076293945,33.25,4300200,33.650001525878906,33.19499969482422,26.076570510864258
08-09-2005,33.224998474121094,33.349998474121094,4125200,34.07500076293945,33.744998931884766,26.50861930847168
09-09-2005,33.95500183105469,34.084999084472656,5639600,35.38999938964844,35.255001068115234,27.694805145263672
12-09-2005,34.52000045776367,35.25,7421400,35.27000045776367,34.9900016784668,27.486635208129883
13-09-2005,34.154998779296875,34.9900016784668,9336400,35.494998931884766,34.224998474121094,26.885683059692383
14-09-2005,34.130001068115234,34.5,5458400,34.97999954223633,34.599998474121094,27.180267333984375
15-09-2005,34.32500076293945,34.849998474121094,4884200,35.07500076293945,35.04999923706055,27.533775329589844
16-09-2005,34.75,35.119998931884766,4589600,35.529998779296875,35.33000183105469,27.75372886657715
19-09-2005,36.26499938964844,36.54999923706055,6083000,37.279998779296875,36.349998474121094,28.554981231689453
20-09-2005,35.5,36.30500030517578,4684400,36.47999954223633,35.85499954223633,28.1661434173584
21-09-2005,36.18000030517578,36.474998474121094,5491200,37.119998931884766,37.02000045776367,29.081321716308594
22-09-2005,35.66999816894531,37.27000045776367,6014200,37.90999984741211,36.94499969482422,29.02240753173828
23-09-2005,36.0099983215332,36.54499816894531,4111000,36.849998474121094,36.220001220703125,28.452869415283203
26-09-2005,35.75,35.755001068115234,4160000,37.400001525878906,37.26499938964844,29.27377700805664
27-09-2005,36.70000076293945,37.220001220703125,3403400,37.5,37.43000030517578,29.40339469909668
28-09-2005,36.75,37.55500030517578,5937200,38.04999923706055,37.970001220703125,29.827600479125977
29-09-2005,37.724998474121094,38.150001525878906,7256200,38.5,37.904998779296875,29.77654457092285
30-09-2005,37.345001220703125,37.875,4832400,38.0,37.45000076293945,29.419099807739258
03-10-2005,37.9900016784668,38.025001525878906,8093200,39.185001373291016,39.04499816894531,30.67207145690918
04-10-2005,37.375,38.994998931884766,5851800,38.994998931884766,37.4900016784668,29.45053482055664
05-10-2005,35.625,37.79999923706055,6616400,37.88999938964844,35.709999084472656,28.052248001098633
06-10-2005,32.974998474121094,34.0099983215332,11419000,34.70000076293945,33.70000076293945,26.473264694213867
07-10-2005,33.70000076293945,34.25,6205400,34.595001220703125,34.53499984741211,27.12920570373535
10-10-2005,33.415000915527344,35.125,4973600,35.150001525878906,33.88999938964844,26.62251853942871
11-10-2005,34.400001525878906,34.400001525878906,4762000,35.400001525878906,35.18000030517578,27.635892868041992
12-10-2005,33.869998931884766,35.18000030517578,5791200,35.29999923706055,34.14500045776367,26.822851181030273
13-10-2005,31.80500030517578,33.75,7384000,33.75,32.95000076293945,25.899269104003906
14-10-2005,32.0,32.95000076293945,6775800,33.67499923706055,33.46500015258789,26.3040714263916
17-10-2005,34.04999923706055,34.25,4854800,34.75,34.404998779296875,27.042924880981445
18-10-2005,32.15999984741211,34.04999923706055,6142200,34.33000183105469,32.220001220703125,25.325483322143555
19-10-2005,31.094999313354492,32.220001220703125,7813400,33.209999084472656,33.165000915527344,26.068267822265625
20-10-2005,29.979999542236328,32.75,10968800,32.904998779296875,30.53499984741211,24.001039505004883
21-10-2005,30.18000030517578,30.40999984741211,7919000,31.53499984741211,30.625,24.071779251098633
24-10-2005,30.200000762939453,30.225000381469727,5077000,32.27000045776367,32.060001373291016,25.199716567993164
25-10-2005,32.10499954223633,32.46500015258789,7032600,33.79499816894531,33.5099983215332,26.339448928833008
26-10-2005,32.83000183105469,33.5,5942200,34.79499816894531,33.025001525878906,25.958219528198242
27-10-2005,31.885000228881836,33.625,5421000,33.66999816894531,31.94499969482422,25.109323501586914
28-10-2005,31.1200008392334,31.975000381469727,7431400,33.39500045776367,33.0099983215332,25.946430206298828
31-10-2005,33.154998779296875,33.779998779296875,6496000,34.47999954223633,33.88999938964844,26.638120651245117
01-11-2005,33.220001220703125,33.5,5066200,34.20000076293945,33.96500015258789,26.69707679748535
02-11-2005,34.125,34.125,6375000,35.5,35.25,27.707122802734375
03-11-2005,35.11000061035156,35.375,5417000,36.275001525878906,35.915000915527344,28.22980308532715
04-11-2005,34.07500076293945,35.79499816894531,5376800,35.814998626708984,34.22999954223633,26.905384063720703
07-11-2005,32.82500076293945,33.45000076293945,7007400,33.880001068115234,33.23500061035156,26.123287200927734
08-11-2005,32.54999923706055,33.08000183105469,4910400,33.78499984741211,33.18000030517578,26.080049514770508
09-11-2005,32.2599983215332,33.25,6158800,34.060001373291016,32.89500045776367,25.856040954589844
10-11-2005,31.065000534057617,32.525001525878906,7561000,32.540000915527344,31.625,24.857791900634766
11-11-2005,31.18000030517578,31.18000030517578,4358600,32.39500045776367,32.06999969482422,25.207582473754883
14-11-2005,31.565000534057617,32.5,8027800,32.970001220703125,31.7549991607666,24.959980010986328
15-11-2005,31.549999237060547,31.59000015258789,8263800,33.94499969482422,33.064998626708984,25.989662170410156
16-11-2005,33.22999954223633,33.25,8152400,34.94499969482422,34.85499954223633,27.39663314819336
17-11-2005,34.349998474121094,35.244998931884766,6655800,35.41999816894531,34.78499984741211,27.34160804748535
18-11-2005,33.970001220703125,34.95000076293945,5141600,35.05500030517578,34.435001373291016,27.066511154174805
21-11-2005,34.654998779296875,34.654998779296875,5705400,36.150001525878906,36.06999969482422,28.35165023803711
22-11-2005,36.125,36.5,4670400,36.849998474121094,36.415000915527344,28.622819900512695
23-11-2005,35.2599983215332,35.75,4960400,36.369998931884766,35.709999084472656,28.06869125366211
25-11-2005,35.79499816894531,35.85499954223633,1428000,36.46500015258789,36.45000076293945,28.650331497192383
28-11-2005,34.20000076293945,35.599998474121094,5447000,35.650001525878906,34.44499969482422,27.074373245239258
29-11-2005,34.79999923706055,35.07500076293945,6579600,35.720001220703125,35.52000045776367,27.919334411621094
30-11-2005,35.5099983215332,36.0,5607400,36.29999923706055,35.875,28.198368072509766
01-12-2005,36.150001525878906,36.244998931884766,7021400,37.415000915527344,37.34000015258789,29.349895477294922
02-12-2005,36.70000076293945,37.42499923706055,4964400,37.744998931884766,37.595001220703125,29.55031394958496
05-12-2005,37.61000061035156,38.54999923706055,5061000,38.82500076293945,37.8849983215332,29.77827262878418
06-12-2005,37.17499923706055,37.45000076293945,6425200,37.994998931884766,37.93000030517578,29.81363868713379
07-12-2005,37.65999984741211,38.125,5355800,39.189998626708984,38.17499923706055,30.006214141845703
08-12-2005,38.15999984741211,38.279998779296875,6130000,39.349998474121094,39.32500076293945,30.910140991210938
09-12-2005,37.9900016784668,38.904998779296875,5071000,39.04999923706055,38.34000015258789,30.135906219482422
12-12-2005,39.0,39.45000076293945,5139400,39.98500061035156,39.400001525878906,30.969093322753906
13-12-2005,39.54499816894531,40.0,7952800,41.0,39.58000183105469,31.110546112060547
14-12-2005,39.400001525878906,39.650001525878906,6184000,40.45000076293945,40.41999816894531,31.77082061767578
15-12-2005,39.79999923706055,40.41999816894531,6274800,41.0,40.369998931884766,31.731521606445312
16-12-2005,38.70000076293945,40.435001373291016,5594600,40.435001373291016,38.82500076293945,30.517127990722656
19-12-2005,38.154998779296875,38.9900016784668,3919400,39.29499816894531,38.505001068115234,30.265596389770508
20-12-2005,38.279998779296875,38.474998474121094,3520000,38.96500015258789,38.779998779296875,30.48175621032715
21-12-2005,38.119998931884766,39.01499938964844,4245600,39.185001373291016,38.435001373291016,30.210573196411133
22-12-2005,37.91999816894531,38.65999984741211,5356800,38.85499954223633,38.025001525878906,29.8883113861084
23-12-2005,36.7599983215332,37.32500076293945,3915000,38.0,37.9900016784668,29.860801696777344
27-12-2005,35.89500045776367,37.584999084472656,5811000,37.60499954223633,36.32500076293945,28.552078247070312
28-12-2005,36.42499923706055,36.63999938964844,3684600,37.41999816894531,37.125,29.18090057373047
29-12-2005,36.58000183105469,37.09000015258789,3347800,37.685001373291016,36.685001373291016,28.835058212280273
30-12-2005,35.9900016784668,36.0,3262600,37.04999923706055,36.685001373291016,28.835058212280273
03-01-2006,37.0,37.0,8827000,39.525001525878906,39.48500061035156,31.035886764526367
04-01-2006,38.755001068115234,38.875,6206600,39.595001220703125,39.525001525878906,31.06732940673828
05-01-2006,37.755001068115234,39.32500076293945,6880800,39.32500076293945,38.040000915527344,29.90009117126465
06-01-2006,38.630001068115234,38.630001068115234,5636200,39.46500015258789,38.900001525878906,30.576072692871094
09-01-2006,38.06999969482422,38.90999984741211,5280400,39.20500183105469,39.08000183105469,30.717567443847656
10-01-2006,38.90999984741211,39.119998931884766,5138800,39.95000076293945,39.0,30.654666900634766
11-01-2006,38.380001068115234,38.95500183105469,5516600,39.38999938964844,39.189998626708984,30.804012298583984
12-01-2006,39.04499816894531,39.459999084472656,6726400,40.619998931884766,39.150001525878906,30.78829574584961
13-01-2006,38.95000076293945,39.0,5704200,40.23500061035156,40.095001220703125,31.531442642211914
17-01-2006,40.5,40.67499923706055,6236800,41.27000045776367,41.27000045776367,32.45551300048828
18-01-2006,39.30500030517578,40.875,5511800,41.0,40.255001068115234,31.657291412353516
19-01-2006,39.869998931884766,39.97999954223633,7155000,42.06999969482422,42.01499938964844,33.041378021240234
20-01-2006,41.77000045776367,42.54999923706055,7738000,43.15999984741211,42.404998779296875,33.34808349609375
23-01-2006,41.42499923706055,42.0,6137600,42.400001525878906,42.28499984741211,33.253719329833984
24-01-2006,41.525001525878906,41.810001373291016,5526400,42.47999954223633,41.619998931884766,32.73072814941406
25-01-2006,39.849998474121094,41.625,7735400,41.95000076293945,40.6150016784668,31.94039535522461
26-01-2006,38.79499816894531,40.150001525878906,7458000,40.25,40.06999969482422,31.51180648803711
27-01-2006,39.90999984741211,41.25,6292000,41.25,40.19499969482422,31.610097885131836
30-01-2006,40.474998474121094,40.5,5381800,42.09000015258789,41.709999084472656,32.801536560058594
31-01-2006,41.125,41.5,6325600,42.44499969482422,42.27000045776367,33.24190139770508
01-02-2006,41.26499938964844,42.57500076293945,8615000,43.45500183105469,41.474998474121094,32.61670684814453
02-02-2006,39.36000061035156,41.349998474121094,10005200,41.349998474121094,40.35499954223633,31.735925674438477
03-02-2006,39.26499938964844,39.875,8316000,40.084999084472656,39.55500030517578,31.10678482055664
06-02-2006,39.92499923706055,39.92499923706055,9452200,40.720001220703125,40.125,31.55504608154297
07-02-2006,36.95500183105469,39.125,11581000,39.275001525878906,37.0,29.097490310668945
08-02-2006,35.67499923706055,37.0,10301600,37.099998474121094,36.970001220703125,29.07389259338379
09-02-2006,34.75,37.099998474121094,11164600,37.650001525878906,35.150001525878906,27.642623901367188
10-02-2006,34.08000183105469,35.32500076293945,12633000,35.474998474121094,34.685001373291016,27.27692985534668
13-02-2006,33.849998474121094,34.345001220703125,8728400,34.79999923706055,34.130001068115234,26.840463638305664
14-02-2006,32.9900016784668,33.0,11825400,34.564998626708984,34.505001068115234,27.135377883911133
15-02-2006,34.185001373291016,34.92499923706055,9863200,35.42499923706055,34.66999816894531,27.26513671875
16-02-2006,34.810001373291016,34.81999969482422,8349600,36.125,36.029998779296875,28.334665298461914
17-02-2006,35.724998474121094,36.5,7030600,36.7400016784668,35.775001525878906,28.13412857055664
21-02-2006,36.0,36.77000045776367,5913000,37.25,36.314998626708984,28.558795928955078
22-02-2006,35.04499816894531,36.125,6527600,36.189998626708984,35.275001525878906,27.740928649902344
23-02-2006,34.224998474121094,34.91999816894531,7903600,35.904998779296875,34.92499923706055,27.46567726135254
24-02-2006,35.005001068115234,35.58000183105469,5608400,35.744998931884766,35.07500076293945,27.583641052246094
27-02-2006,34.07500076293945,34.82500076293945,5900000,34.974998474121094,34.14500045776367,26.85227394104004
28-02-2006,32.80500030517578,33.744998931884766,8911800,33.81999969482422,33.70000076293945,26.502304077148438
01-03-2006,33.65999984741211,33.779998779296875,4872600,34.369998931884766,34.17499923706055,26.875852584838867
02-03-2006,33.8849983215332,34.17499923706055,7709600,35.275001525878906,34.65999984741211,27.25727653503418
03-03-2006,34.625,34.625,7149400,35.529998779296875,35.17499923706055,27.662275314331055
06-03-2006,32.90999984741211,34.75,9467600,34.95000076293945,33.310001373291016,26.195606231689453
07-03-2006,32.060001373291016,33.310001373291016,7453000,33.39500045776367,32.625,25.65690803527832
08-03-2006,32.32500076293945,32.54999923706055,11232800,33.724998474121094,33.375,26.246726989746094
09-03-2006,32.470001220703125,33.875,8028400,34.099998474121094,32.650001525878906,25.67658042907715
10-03-2006,32.099998474121094,32.584999084472656,6168600,33.404998779296875,32.7400016784668,25.74735450744629
13-03-2006,32.89500045776367,32.900001525878906,4989800,33.974998474121094,33.845001220703125,26.6163387298584
14-03-2006,33.119998931884766,33.845001220703125,7091200,34.82500076293945,34.654998779296875,27.253341674804688
15-03-2006,33.849998474121094,34.17499923706055,6449800,35.2400016784668,35.19499969482422,27.678003311157227
16-03-2006,35.0,35.06999969482422,8534000,36.564998626708984,36.474998474121094,28.684616088867188
17-03-2006,36.084999084472656,36.69499969482422,6091800,36.709999084472656,36.279998779296875,28.53127098083496
20-03-2006,34.185001373291016,35.5,8484400,36.189998626708984,34.25,26.934829711914062
21-03-2006,33.75,33.875,6559400,35.05500030517578,34.23500061035156,26.923044204711914
22-03-2006,34.14500045776367,34.25,5988600,35.42499923706055,34.720001220703125,27.304471969604492
23-03-2006,34.89500045776367,34.96500015258789,6180400,35.82500076293945,35.26499938964844,27.73305320739746
24-03-2006,35.31999969482422,35.39500045776367,5447600,36.275001525878906,35.974998474121094,28.291400909423828
27-03-2006,35.20000076293945,35.5,6677200,36.22999954223633,35.95500183105469,28.275680541992188
28-03-2006,36.04499816894531,36.25,5503600,36.689998626708984,36.279998779296875,28.53127098083496
29-03-2006,36.25,36.25,6619400,37.20000076293945,36.875,28.99918556213379
30-03-2006,36.849998474121094,36.92499923706055,5262400,37.61000061035156,37.01499938964844,29.109272003173828
31-03-2006,35.71500015258789,36.505001068115234,5810400,36.599998474121094,36.0,28.311071395874023
03-04-2006,35.78499984741211,36.70000076293945,5713800,36.970001220703125,35.95000076293945,28.271743774414062
04-04-2006,35.375,35.474998474121094,5307000,36.6150016784668,36.54999923706055,28.74359893798828
05-04-2006,36.32500076293945,36.58000183105469,4957600,37.20000076293945,37.20000076293945,29.25478744506836
06-04-2006,36.525001525878906,37.650001525878906,6889400,37.650001525878906,37.290000915527344,29.325559616088867
07-04-2006,35.78499984741211,36.790000915527344,5020800,37.05500030517578,36.03499984741211,28.338603973388672
10-04-2006,36.5,36.5,5183400,37.25,36.95000076293945,29.05817413330078
11-04-2006,36.154998779296875,37.119998931884766,4336200,37.349998474121094,36.435001373291016,28.676435470581055
12-04-2006,35.970001220703125,36.584999084472656,4184800,36.915000915527344,36.04999923706055,28.373432159423828
13-04-2006,34.65999984741211,35.224998474121094,5784000,36.099998474121094,35.98500061035156,28.3222713470459
17-04-2006,36.060001373291016,36.5,3533200,36.880001068115234,36.84000015258789,28.99520492553711
18-04-2006,37.17499923706055,37.185001373291016,6605400,38.650001525878906,38.59000015258789,30.372549057006836
19-04-2006,38.22999954223633,38.25,5876400,39.619998931884766,39.29999923706055,30.931365966796875
20-04-2006,37.63999938964844,38.92499923706055,5177400,39.099998474121094,38.32500076293945,30.16398811340332
21-04-2006,37.869998931884766,38.5099983215332,5788000,38.89500045776367,38.689998626708984,30.45127296447754
24-04-2006,37.255001068115234,38.275001525878906,4527200,38.290000915527344,37.599998474121094,29.593366622924805
25-04-2006,36.400001525878906,37.73500061035156,5305000,38.10499954223633,36.665000915527344,28.857460021972656
26-04-2006,35.64500045776367,36.72999954223633,5618200,37.595001220703125,35.834999084472656,28.204206466674805
27-04-2006,34.244998931884766,34.25,6405600,36.345001220703125,35.220001220703125,27.720182418823242
28-04-2006,34.92499923706055,37.25,5004000,37.25,35.1150016784668,27.637529373168945
01-05-2006,35.369998931884766,35.6150016784668,5776400,36.40999984741211,35.904998779296875,28.259307861328125
02-05-2006,36.185001373291016,36.61000061035156,5823400,36.79999923706055,36.459999084472656,28.696125030517578
03-05-2006,35.58000183105469,36.46500015258789,6103000,36.52000045776367,35.94499969482422,28.290790557861328
04-05-2006,35.064998626708984,35.5,5248800,36.2599983215332,35.724998474121094,28.117637634277344
05-05-2006,37.0,37.0,8844400,38.279998779296875,38.154998779296875,30.030193328857422
08-05-2006,36.55500030517578,37.04999923706055,5253400,37.3849983215332,37.275001525878906,29.33757781982422
09-05-2006,37.07500076293945,37.275001525878906,4173800,37.59000015258789,37.32500076293945,29.376934051513672
10-05-2006,36.95500183105469,37.04999923706055,5328200,37.89500045776367,37.86000061035156,29.798002243041992
11-05-2006,36.564998626708984,38.25,5822000,38.64500045776367,36.68000030517578,28.869285583496094
12-05-2006,34.30500030517578,36.224998474121094,8909200,36.400001525878906,34.46500015258789,27.125934600830078
15-05-2006,32.369998931884766,33.92499923706055,9394000,34.17499923706055,33.03499984741211,26.000450134277344
16-05-2006,32.845001220703125,33.47999954223633,6984400,33.63999938964844,33.25,26.16966438293457
17-05-2006,31.549999237060547,32.91999816894531,7152200,33.380001068115234,31.875,25.08745765686035
18-05-2006,30.885000228881836,31.924999237060547,8639800,32.494998931884766,31.030000686645508,24.422401428222656
19-05-2006,30.725000381469727,31.049999237060547,9691600,31.895000457763672,31.350000381469727,24.674264907836914
22-05-2006,30.045000076293945,30.850000381469727,10571800,31.614999771118164,31.44499969482422,24.749025344848633
23-05-2006,30.905000686645508,32.375,8348800,32.76499938964844,31.079999923706055,24.461755752563477
24-05-2006,29.799999237060547,30.5,9123200,31.44499969482422,30.645000457763672,24.119382858276367
25-05-2006,30.309999465942383,30.309999465942383,7464000,31.65999984741211,31.25,24.595558166503906
26-05-2006,31.30500030517578,31.649999618530273,6542600,32.15999984741211,31.809999465942383,25.036304473876953
30-05-2006,31.389999389648438,32.375,5387800,32.599998474121094,31.450000762939453,24.752973556518555
31-05-2006,31.170000076293945,31.450000762939453,8375000,32.845001220703125,32.83000183105469,25.839101791381836
01-06-2006,31.895000457763672,32.064998626708984,8023000,33.400001525878906,32.974998474121094,25.95323944091797
02-06-2006,32.35499954223633,33.439998626708984,5804800,33.439998626708984,32.95500183105469,25.9374942779541
05-06-2006,31.329999923706055,33.220001220703125,6749200,33.349998474121094,31.459999084472656,24.760839462280273
06-06-2006,31.40999984741211,31.530000686645508,7688200,32.48500061035156,32.04499816894531,25.221267700195312
07-06-2006,30.53499984741211,31.700000762939453,8374000,32.025001525878906,30.625,24.1036376953125
08-06-2006,28.545000076293945,29.90999984741211,16606200,30.524999618530273,30.399999618530273,23.926559448242188
09-06-2006,29.6200008392334,30.53499984741211,6952800,30.94499969482422,29.875,23.513343811035156
12-06-2006,28.700000762939453,29.875,7492400,30.299999237060547,28.739999771118164,22.620037078857422
13-06-2006,28.155000686645508,28.559999465942383,12742400,29.540000915527344,28.68000030517578,22.57281494140625
14-06-2006,28.920000076293945,28.975000381469727,11066400,30.34000015258789,30.219999313354492,23.784887313842773
15-06-2006,30.375,30.5,9085000,31.549999237060547,31.315000534057617,24.646713256835938
16-06-2006,30.475000381469727,31.059999465942383,8184000,31.889999389648438,31.520000457763672,24.808055877685547
19-06-2006,29.225000381469727,31.389999389648438,9472400,31.399999618530273,29.524999618530273,23.23788070678711
20-06-2006,29.375,29.635000228881836,8140800,30.30500030517578,29.545000076293945,23.253620147705078
21-06-2006,29.594999313354492,29.594999313354492,6675600,30.924999237060547,30.43000030517578,23.950159072875977
22-06-2006,30.0,30.024999618530273,5834200,30.709999084472656,30.325000762939453,23.867523193359375
23-06-2006,31.864999771118164,31.934999465942383,10949200,32.875,32.28499984741211,25.410160064697266
26-06-2006,31.850000381469727,32.2599983215332,5161400,32.904998779296875,32.79999923706055,25.815494537353516
27-06-2006,32.900001525878906,33.029998779296875,8102400,33.42499923706055,33.040000915527344,26.004384994506836
28-06-2006,32.81999969482422,33.275001525878906,5778400,33.40999984741211,33.21500015258789,26.14212417602539
29-06-2006,33.505001068115234,33.79999923706055,7371400,34.7400016784668,34.220001220703125,26.933122634887695
30-06-2006,34.130001068115234,34.345001220703125,7356800,34.9900016784668,34.66999816894531,27.28728485107422
03-07-2006,34.93000030517578,35.10499954223633,2915200,35.59000015258789,35.44499969482422,27.897262573242188
05-07-2006,34.775001525878906,35.345001220703125,7513200,35.90999984741211,35.814998626708984,28.188465118408203
06-07-2006,35.439998626708984,35.849998474121094,7342000,36.224998474121094,35.540000915527344,27.97202491760254
07-07-2006,34.28499984741211,35.95000076293945,9805800,36.189998626708984,34.53499984741211,27.181039810180664
10-07-2006,34.125,34.125,6925400,35.119998931884766,34.779998779296875,27.373863220214844
11-07-2006,34.77000045776367,35.025001525878906,5190600,35.459999084472656,35.25,27.743797302246094
12-07-2006,34.685001373291016,35.05500030517578,5939000,35.650001525878906,35.125,27.645397186279297
13-07-2006,34.540000915527344,35.20000076293945,8760000,35.57500076293945,34.75,27.37363052368164
14-07-2006,33.79499816894531,34.93000030517578,6542000,35.150001525878906,35.07500076293945,27.6296443939209
17-07-2006,33.40999984741211,34.625,7260600,34.814998626708984,33.724998474121094,26.566221237182617
18-07-2006,32.7599983215332,34.25,6547200,34.279998779296875,33.439998626708984,26.341716766357422
19-07-2006,33.275001525878906,33.439998626708984,5868000,34.21500015258789,33.994998931884766,26.778894424438477
20-07-2006,33.25,34.05500030517578,4677000,34.3849983215332,33.25,26.192039489746094
21-07-2006,32.150001525878906,33.42499923706055,7471800,33.45000076293945,32.20000076293945,25.364925384521484
24-07-2006,32.5,32.57500076293945,6582200,33.82500076293945,33.685001373291016,26.534704208374023
25-07-2006,34.005001068115234,34.2599983215332,6276200,35.2400016784668,34.689998626708984,27.326372146606445
26-07-2006,34.31999969482422,34.625,7771600,36.095001220703125,35.915000915527344,28.29133415222168
27-07-2006,35.1349983215332,36.209999084472656,5902800,36.30500030517578,35.310001373291016,27.81476593017578
28-07-2006,34.810001373291016,35.0,5209600,36.029998779296875,36.029998779296875,28.381925582885742
31-07-2006,36.375,36.45000076293945,8759800,37.779998779296875,37.07500076293945,29.205102920532227
01-08-2006,35.53499984741211,36.084999084472656,10340400,36.82500076293945,35.71500015258789,28.1337947845459
02-08-2006,35.1349983215332,36.04999923706055,7301800,36.665000915527344,35.40999984741211,27.89352798461914
03-08-2006,34.400001525878906,34.42499923706055,6532400,35.209999084472656,34.67499923706055,27.314558029174805
04-08-2006,34.185001373291016,34.79999923706055,6346000,35.099998474121094,34.79499816894531,27.40907859802246
07-08-2006,34.48500061035156,34.89500045776367,5650400,35.435001373291016,34.95000076293945,27.53118133544922
08-08-2006,34.53499984741211,34.755001068115234,5818600,35.30500030517578,34.57500076293945,27.235780715942383
09-08-2006,34.79999923706055,35.15999984741211,5452200,35.85499954223633,35.15999984741211,27.69660758972168
10-08-2006,34.3650016784668,35.029998779296875,5728200,35.1349983215332,34.95000076293945,27.53118133544922
11-08-2006,33.95000076293945,34.82500076293945,4461600,34.85499954223633,34.06999969482422,26.837974548339844
14-08-2006,32.92499923706055,33.81999969482422,6355600,33.834999084472656,33.064998626708984,26.04630470275879
15-08-2006,32.875,33.47999954223633,6660600,33.47999954223633,33.099998474121094,26.073875427246094
16-08-2006,32.470001220703125,33.125,7927400,33.6150016784668,32.65999984741211,25.727277755737305
17-08-2006,32.10499954223633,32.2400016784668,6280200,32.79499816894531,32.720001220703125,25.7745418548584
18-08-2006,32.57500076293945,32.75,5518400,33.29999923706055,33.16999816894531,26.129016876220703
21-08-2006,33.224998474121094,33.29499816894531,4210400,33.71500015258789,33.2599983215332,26.199914932250977
22-08-2006,33.125,33.25,3630400,33.70500183105469,33.56999969482422,26.444110870361328
23-08-2006,32.810001373291016,33.5,3940800,33.869998931884766,32.89500045776367,25.912397384643555
24-08-2006,32.779998779296875,33.0,4852800,33.779998779296875,33.70500183105469,26.550464630126953
25-08-2006,34.17499923706055,34.400001525878906,6182200,34.95500183105469,34.564998626708984,27.227903366088867
28-08-2006,33.525001525878906,33.75,4244400,34.41999816894531,33.915000915527344,26.715885162353516
29-08-2006,32.75,33.64500045776367,8155000,33.650001525878906,32.814998626708984,25.849374771118164
30-08-2006,32.064998626708984,32.814998626708984,5925000,33.130001068115234,32.595001220703125,25.676074981689453
31-08-2006,32.165000915527344,32.32500076293945,7127400,32.95500183105469,32.40999984741211,25.530345916748047
01-09-2006,32.42499923706055,32.42499923706055,2716600,33.060001373291016,32.970001220703125,25.971473693847656
05-09-2006,32.65999984741211,32.65999984741211,3977400,33.40999984741211,33.30500030517578,26.235366821289062
06-09-2006,31.53499984741211,32.63999938964844,7770600,32.775001525878906,31.575000762939453,24.872591018676758
07-09-2006,31.094999313354492,31.334999084472656,6266200,31.850000381469727,31.5,24.813512802124023
08-09-2006,30.315000534057617,31.5,5913400,31.649999618530273,30.44499969482422,23.982452392578125
11-09-2006,29.225000381469727,29.989999771118164,8706000,30.375,29.885000228881836,23.54132843017578
12-09-2006,29.520000457763672,29.940000534057617,5947000,30.354999542236328,29.90999984741211,23.561017990112305
13-09-2006,29.854999542236328,29.854999542236328,8156000,30.844999313354492,30.389999389648438,23.93912696838379
14-09-2006,29.2450008392334,30.479999542236328,7511800,30.774999618530273,29.360000610351562,23.12777328491211
15-09-2006,29.299999237060547,29.575000762939453,7891000,30.0,29.920000076293945,23.56889533996582
18-09-2006,30.389999389648438,30.399999618530273,11490600,31.940000534057617,31.344999313354492,24.691410064697266
19-09-2006,30.469999313354492,31.350000381469727,8160000,31.604999542236328,30.950000762939453,24.380266189575195
20-09-2006,30.149999618530273,30.614999771118164,9866600,31.084999084472656,30.4950008392334,24.02184295654297
21-09-2006,30.584999084472656,30.600000381469727,10812200,31.969999313354492,31.25,24.616579055786133
22-09-2006,30.584999084472656,31.350000381469727,8531200,31.454999923706055,31.094999313354492,24.494487762451172
25-09-2006,30.350000381469727,30.774999618530273,11052400,31.719999313354492,31.649999618530273,24.93167495727539
26-09-2006,31.2549991607666,31.5,10064400,32.2599983215332,32.10499954223633,25.290088653564453
27-09-2006,31.700000762939453,32.279998779296875,9525000,32.72999954223633,32.650001525878906,25.719404220581055
28-09-2006,31.94499969482422,32.525001525878906,10683400,32.880001068115234,31.94499969482422,25.164058685302734
29-09-2006,31.989999771118164,32.45000076293945,10080800,32.849998474121094,32.525001525878906,25.620939254760742
02-10-2006,32.17499923706055,32.650001525878906,8924200,32.91999816894531,32.275001525878906,25.42400360107422
03-10-2006,30.915000915527344,31.5,11802000,31.545000076293945,31.049999237060547,24.45903205871582
04-10-2006,29.940000534057617,31.049999237060547,14367400,31.565000534057617,31.475000381469727,24.7938175201416
05-10-2006,31.165000915527344,32.095001220703125,10195600,32.31999969482422,31.739999771118164,25.0025691986084
06-10-2006,30.950000762939453,31.549999237060547,7160600,31.834999084472656,31.655000686645508,24.93560218811035
09-10-2006,31.28499984741211,31.899999618530273,6473400,32.33000183105469,31.40999984741211,24.742616653442383
10-10-2006,31.239999771118164,31.295000076293945,8007200,32.32500076293945,31.850000381469727,25.089223861694336
11-10-2006,31.114999771118164,31.625,8858200,31.860000610351562,31.149999618530273,24.53780174255371
12-10-2006,31.184999465942383,31.299999237060547,7916400,32.0,31.854999542236328,25.093154907226562
13-10-2006,31.96500015258789,31.9950008392334,7347000,32.83000183105469,32.470001220703125,25.60172462463379
16-10-2006,32.470001220703125,32.474998474121094,8365800,33.77000045776367,33.6150016784668,26.504520416259766
17-10-2006,32.67499923706055,33.4900016784668,6922400,33.529998779296875,33.099998474121094,26.098451614379883
18-10-2006,32.630001068115234,33.005001068115234,7638200,33.44499969482422,33.029998779296875,26.043258666992188
19-10-2006,32.77000045776367,33.21500015258789,7091400,33.70500183105469,33.630001068115234,26.51634979248047
20-10-2006,32.65999984741211,33.689998626708984,5871600,33.70500183105469,33.125,26.118167877197266
23-10-2006,32.5099983215332,32.86000061035156,6230200,33.22999954223633,33.05500030517578,26.062978744506836
24-10-2006,32.8849983215332,32.95500183105469,8575400,34.540000915527344,34.46500015258789,27.17471694946289
25-10-2006,33.564998626708984,33.625,8088400,35.404998779296875,35.16999816894531,27.730587005615234
26-10-2006,34.244998931884766,35.5,6222200,35.53499984741211,34.66999816894531,27.336355209350586
27-10-2006,33.935001373291016,34.54499816894531,4702400,35.03499984741211,34.005001068115234,26.812030792236328
30-10-2006,33.25,33.61000061035156,7219400,34.05500030517578,33.5,26.413848876953125
31-10-2006,32.525001525878906,33.45000076293945,8793800,33.665000915527344,33.26499938964844,26.228561401367188
01-11-2006,32.540000915527344,33.125,6996800,33.375,33.0099983215332,26.02749252319336
02-11-2006,32.290000915527344,32.650001525878906,6731400,33.185001373291016,32.875,25.921043395996094
03-11-2006,33.220001220703125,33.349998474121094,5336600,34.064998626708984,33.564998626708984,26.4650936126709
06-11-2006,32.974998474121094,33.23500061035156,5471800,33.8650016784668,33.44499969482422,26.370487213134766
07-11-2006,32.970001220703125,33.630001068115234,5683800,33.63999938964844,33.125,26.118167877197266
08-11-2006,32.959999084472656,33.0,5296200,33.97999954223633,33.82500076293945,26.67009735107422
09-11-2006,33.904998779296875,34.22999954223633,9937200,34.9900016784668,34.60499954223633,27.28510856628418
10-11-2006,33.380001068115234,34.20000076293945,4929400,34.244998931884766,33.72999954223633,26.595199584960938
13-11-2006,33.064998626708984,33.064998626708984,4694200,33.97999954223633,33.47999954223633,26.3980712890625
14-11-2006,33.494998931884766,33.814998626708984,4909400,33.915000915527344,33.834999084472656,26.677980422973633
15-11-2006,33.61000061035156,33.630001068115234,6791800,34.52000045776367,34.23500061035156,26.99337387084961
16-11-2006,32.8650016784668,34.56999969482422,6257600,34.71500015258789,32.96500015258789,25.992013931274414
17-11-2006,32.75,32.75,7047200,34.25,34.150001525878906,26.926361083984375
20-11-2006,33.52000045776367,33.915000915527344,5787000,34.255001068115234,34.11000061035156,26.894807815551758
21-11-2006,33.994998931884766,34.189998626708984,8574200,34.8650016784668,34.775001525878906,27.419151306152344
22-11-2006,34.150001525878906,34.775001525878906,6498800,34.904998779296875,34.779998779296875,27.423091888427734
24-11-2006,34.73500061035156,34.849998474121094,2045600,35.34000015258789,34.73500061035156,27.38762092590332
27-11-2006,34.45000076293945,34.959999084472656,5107800,35.064998626708984,34.46500015258789,27.17471694946289
28-11-2006,34.59000015258789,34.59000015258789,7712000,35.709999084472656,35.48500061035156,27.978960037231445
29-11-2006,34.775001525878906,35.75,12554000,36.1349983215332,36.029998779296875,28.408681869506836
30-11-2006,34.83000183105469,35.599998474121094,11025200,35.70000076293945,35.26499938964844,27.805503845214844
01-12-2006,34.43000030517578,34.95500183105469,5826000,35.36000061035156,35.314998626708984,27.844932556152344
04-12-2006,34.2400016784668,34.875,5264000,35.05500030517578,34.584999084472656,27.269338607788086
05-12-2006,34.314998626708984,34.779998779296875,6123000,34.96500015258789,34.665000915527344,27.332420349121094
06-12-2006,34.45000076293945,34.45000076293945,4714400,35.275001525878906,34.67499923706055,27.340303421020508
07-12-2006,34.2599983215332,34.67499923706055,3881600,34.834999084472656,34.470001220703125,27.178668975830078
08-12-2006,34.19499969482422,34.724998474121094,4227600,34.82500076293945,34.334999084472656,27.072214126586914
11-12-2006,33.77000045776367,34.255001068115234,4366400,34.54999923706055,34.19499969482422,26.96183204650879
12-12-2006,33.86000061035156,34.209999084472656,4375400,34.584999084472656,34.1349983215332,26.914518356323242
13-12-2006,34.02000045776367,34.459999084472656,3883400,34.654998779296875,34.314998626708984,27.056453704833984
14-12-2006,34.290000915527344,34.53499984741211,6303600,35.084999084472656,34.90999984741211,27.525588989257812
15-12-2006,33.970001220703125,34.90999984741211,5559800,34.97999954223633,34.310001373291016,27.05251121520996
18-12-2006,32.560001373291016,33.95000076293945,6180800,33.95000076293945,32.7400016784668,25.814603805541992
19-12-2006,31.649999618530273,31.649999618530273,4960600,33.55500030517578,33.21500015258789,26.189138412475586
20-12-2006,32.44499969482422,33.290000915527344,4978000,33.290000915527344,32.505001068115234,25.629323959350586
21-12-2006,32.13999938964844,32.70000076293945,4775200,32.834999084472656,32.5,25.625375747680664
22-12-2006,32.10499954223633,32.5,3027800,32.540000915527344,32.154998779296875,25.353355407714844
26-12-2006,31.469999313354492,31.549999237060547,3400000,32.43000030517578,31.579999923706055,24.899978637695312
27-12-2006,31.165000915527344,31.579999923706055,5196400,31.950000762939453,31.834999084472656,25.10103416442871
28-12-2006,31.655000686645508,32.0,3759400,32.189998626708984,31.84000015258789,25.10498046875
29-12-2006,30.934999465942383,31.625,5953800,31.799999237060547,31.225000381469727,24.620071411132812
03-01-2007,29.604999542236328,30.905000686645508,11005800,31.735000610351562,30.329999923706055,23.91438102722168
04-01-2007,29.8799991607666,30.860000610351562,11306200,30.934999465942383,30.350000381469727,23.930156707763672
05-01-2007,30.450000762939453,30.649999618530273,13043600,31.5,31.34000015258789,24.71074676513672
08-01-2007,30.645000457763672,31.93000030517578,8059600,32.0,31.125,24.54121971130371
09-01-2007,30.059999465942383,30.5,10820800,30.94499969482422,30.725000381469727,24.225826263427734
10-01-2007,30.010000228881836,30.625,7194400,30.80500030517578,30.489999771118164,24.040536880493164
11-01-2007,29.854999542236328,31.03499984741211,9170600,31.040000915527344,29.979999542236328,23.63842010498047
12-01-2007,29.989999771118164,30.0,7472000,31.219999313354492,31.139999389648438,24.57764434814453
16-01-2007,30.7549991607666,31.059999465942383,6056600,31.545000076293945,31.014999389648438,24.478984832763672
17-01-2007,30.8700008392334,30.954999923706055,6105000,31.40999984741211,31.084999084472656,24.534238815307617
18-01-2007,30.600000381469727,31.2549991607666,4997000,31.350000381469727,30.850000381469727,24.3487548828125
19-01-2007,31.065000534057617,31.200000762939453,6780000,32.435001373291016,32.3650016784668,25.544485092163086
22-01-2007,32.185001373291016,32.75,8496400,33.224998474121094,32.46500015258789,25.623414993286133
23-01-2007,32.76499938964844,32.78499984741211,7264200,34.05500030517578,33.744998931884766,26.633668899536133
24-01-2007,32.845001220703125,33.415000915527344,5309800,33.70500183105469,33.68000030517578,26.582368850708008
25-01-2007,32.38999938964844,33.54499816894531,6689200,33.54499816894531,32.47999954223633,25.635255813598633
26-01-2007,32.54499816894531,32.79999923706055,4264000,33.1349983215332,32.78499984741211,25.87598991394043
29-01-2007,32.474998474121094,33.084999084472656,5342000,33.744998931884766,32.51499938964844,25.66287612915039
30-01-2007,32.51499938964844,32.51499938964844,7449400,34.23500061035156,34.029998779296875,26.85860252380371
31-01-2007,33.165000915527344,33.349998474121094,8264800,34.875,34.564998626708984,27.280872344970703
01-02-2007,34.04999923706055,34.75,10007600,34.974998474121094,34.79499816894531,27.46239471435547
02-02-2007,34.02000045776367,34.709999084472656,5581200,34.77000045776367,34.345001220703125,27.107229232788086
05-02-2007,33.93000030517578,34.43000030517578,5881000,34.869998931884766,33.974998474121094,26.81519889831543
06-02-2007,33.345001220703125,34.45500183105469,5581400,34.46500015258789,33.56999969482422,26.49555015563965
07-02-2007,32.97999954223633,33.57500076293945,4512000,33.85499954223633,33.275001525878906,26.26271629333496
08-02-2007,32.779998779296875,33.275001525878906,6008800,33.404998779296875,33.30500030517578,26.286399841308594
09-02-2007,33.13999938964844,33.41999816894531,3502000,33.810001373291016,33.28499984741211,26.270614624023438
12-02-2007,32.20000076293945,32.834999084472656,4772600,33.08000183105469,32.52000045776367,25.666824340820312
13-02-2007,32.540000915527344,32.994998931884766,5973600,33.084999084472656,32.8849983215332,25.954910278320312
14-02-2007,32.79999923706055,32.994998931884766,4305600,33.334999084472656,33.060001373291016,26.093032836914062
15-02-2007,32.35499954223633,32.900001525878906,5802600,33.04999923706055,32.89500045776367,25.962797164916992
16-02-2007,32.95500183105469,32.970001220703125,6502800,33.76499938964844,33.5,26.440309524536133
20-02-2007,33.0,33.20000076293945,4883800,33.310001373291016,33.20000076293945,26.203523635864258
21-02-2007,32.90999984741211,33.30500030517578,4177400,33.810001373291016,33.650001525878906,26.558692932128906
22-02-2007,33.665000915527344,33.86000061035156,5587200,34.400001525878906,34.255001068115234,27.03619956970215
23-02-2007,33.72999954223633,34.505001068115234,3750400,34.584999084472656,33.93000030517578,26.779691696166992
26-02-2007,34.1349983215332,34.20000076293945,5483800,34.875,34.790000915527344,27.458454132080078
27-02-2007,33.375,33.98500061035156,5900400,34.90999984741211,33.79999923706055,26.677087783813477
28-02-2007,33.33000183105469,33.880001068115234,5409600,34.150001525878906,33.869998931884766,26.73232650756836
01-03-2007,32.98500061035156,33.185001373291016,5433000,33.970001220703125,33.525001525878906,26.460037231445312
02-03-2007,32.849998474121094,33.41999816894531,4252000,33.61000061035156,32.959999084472656,26.014097213745117
05-03-2007,32.0,32.3849983215332,5663800,32.92499923706055,32.400001525878906,25.572113037109375
06-03-2007,32.61000061035156,32.79999923706055,5358400,33.099998474121094,33.099998474121094,26.124601364135742
07-03-2007,32.915000915527344,33.09000015258789,5459200,34.150001525878906,33.60499954223633,26.523170471191406
08-03-2007,33.310001373291016,33.775001525878906,4149000,33.98500061035156,33.48500061035156,26.428466796875
09-03-2007,33.2599983215332,33.69499969482422,2607800,33.875,33.45500183105469,26.404787063598633
12-03-2007,32.875,33.19499969482422,3912600,33.2400016784668,33.060001373291016,26.093032836914062
13-03-2007,32.845001220703125,33.040000915527344,5643200,34.01499938964844,32.935001373291016,25.994369506835938
14-03-2007,32.79999923706055,33.224998474121094,5077800,33.70500183105469,33.69499969482422,26.594209671020508
15-03-2007,33.275001525878906,33.599998474121094,2961400,33.79999923706055,33.3650016784668,26.333759307861328
16-03-2007,32.650001525878906,33.45000076293945,5571600,33.525001525878906,32.81999969482422,25.903600692749023
19-03-2007,33.005001068115234,33.220001220703125,3194600,33.459999084472656,33.38999938964844,26.353485107421875
20-03-2007,33.375,33.650001525878906,4280400,34.01499938964844,33.96500015258789,26.807315826416016
21-03-2007,34.025001525878906,34.119998931884766,7003600,35.0,34.86000061035156,27.51369857788086
22-03-2007,35.1150016784668,35.25,6851800,35.935001373291016,35.599998474121094,28.097755432128906
23-03-2007,35.34000015258789,35.630001068115234,4214400,35.83000183105469,35.724998474121094,28.1964168548584
26-03-2007,35.404998779296875,35.994998931884766,5352800,36.29999923706055,36.2400016784668,28.602882385253906
27-03-2007,35.73500061035156,36.01499938964844,5519000,36.314998626708984,35.98500061035156,28.401613235473633
28-03-2007,35.54999923706055,36.5,5022200,36.54499816894531,35.834999084472656,28.283239364624023
29-03-2007,35.67499923706055,36.125,3564800,36.20000076293945,35.935001373291016,28.362163543701172
30-03-2007,35.5,35.97999954223633,5818200,35.97999954223633,35.66999816894531,28.15300178527832
02-04-2007,35.66999816894531,35.7400016784668,3459600,36.39500045776367,36.29999923706055,28.650243759155273
03-04-2007,35.57500076293945,35.875,3660400,36.53499984741211,36.53499984741211,28.835716247558594
04-04-2007,36.1349983215332,36.27000045776367,6272600,37.224998474121094,37.07500076293945,29.26191520690918
05-04-2007,36.849998474121094,37.025001525878906,4949400,37.44499969482422,37.375,29.498693466186523
09-04-2007,37.05500030517578,37.42499923706055,4215400,37.93000030517578,37.19499969482422,29.356624603271484
10-04-2007,37.224998474121094,37.29999923706055,4532200,38.025001525878906,37.95500183105469,29.95647621154785
11-04-2007,37.095001220703125,37.095001220703125,3712600,38.099998474121094,37.60499954223633,29.68022918701172
12-04-2007,37.665000915527344,37.90999984741211,3814800,38.584999084472656,38.58000183105469,30.48625373840332
13-04-2007,38.255001068115234,38.4900016784668,3767400,38.79999923706055,38.4900016784668,30.415122985839844
16-04-2007,37.79499816894531,38.415000915527344,4270400,38.724998474121094,38.67499923706055,30.56130599975586
17-04-2007,37.790000915527344,38.75,5842200,38.85499954223633,37.95500183105469,29.99235725402832
18-04-2007,37.25,37.790000915527344,6335800,37.790000915527344,37.32500076293945,29.494535446166992
19-04-2007,36.52000045776367,37.19499969482422,4947800,37.19499969482422,36.7400016784668,29.032262802124023
20-04-2007,36.5,36.790000915527344,6147000,37.185001373291016,36.9900016784668,29.22980308532715
23-04-2007,36.40999984741211,36.43000030517578,3109600,37.27000045776367,37.10499954223633,29.320682525634766
24-04-2007,36.96500015258789,37.18000030517578,3488800,37.36000061035156,37.19499969482422,29.39179801940918
25-04-2007,37.310001373291016,37.375,4303400,38.064998626708984,37.70000076293945,29.790855407714844
26-04-2007,36.880001068115234,37.45000076293945,4582600,37.505001068115234,37.25,29.43526268005371
27-04-2007,36.900001525878906,37.07500076293945,3621200,37.48500061035156,37.125,29.336488723754883
30-04-2007,36.720001220703125,37.064998626708984,4358400,37.61000061035156,36.720001220703125,29.016454696655273
01-05-2007,36.900001525878906,37.3650016784668,11027800,38.65999984741211,37.88999938964844,29.941001892089844
02-05-2007,37.849998474121094,37.959999084472656,4670800,38.79999923706055,38.70500183105469,30.585018157958984
03-05-2007,38.29999923706055,38.6349983215332,5868000,39.06999969482422,39.0099983215332,30.826032638549805
04-05-2007,38.33000183105469,39.064998626708984,3818000,39.33000183105469,38.459999084472656,30.391420364379883
07-05-2007,38.22999954223633,38.310001373291016,3128200,38.7400016784668,38.564998626708984,30.474382400512695
08-05-2007,37.470001220703125,38.310001373291016,5317800,38.40999984741211,38.375,30.32423973083496
09-05-2007,37.6349983215332,38.345001220703125,4868400,38.439998626708984,37.970001220703125,30.004209518432617
10-05-2007,37.150001525878906,37.8650016784668,3870000,38.189998626708984,37.27000045776367,29.451059341430664
11-05-2007,37.30500030517578,37.77000045776367,3904600,38.005001068115234,37.95500183105469,29.99235725402832
14-05-2007,38.029998779296875,38.06999969482422,4744600,38.82500076293945,38.55500030517578,30.466480255126953
15-05-2007,37.779998779296875,38.404998779296875,4159400,38.630001068115234,37.900001525878906,29.948894500732422
16-05-2007,37.314998626708984,38.025001525878906,5004200,38.150001525878906,37.82500076293945,29.889633178710938
17-05-2007,37.400001525878906,37.900001525878906,5047400,38.65999984741211,38.349998474121094,30.30447006225586
18-05-2007,37.775001525878906,37.775001525878906,4742800,39.29499816894531,39.23500061035156,31.00382423400879
21-05-2007,38.915000915527344,39.3650016784668,5096600,39.60499954223633,39.26499938964844,31.027538299560547
22-05-2007,38.689998626708984,39.26499938964844,3319200,39.525001525878906,38.76499938964844,30.632413864135742
23-05-2007,38.6349983215332,38.70000076293945,3939200,39.57500076293945,38.7599983215332,30.628480911254883
24-05-2007,37.72999954223633,39.494998931884766,4292000,39.54999923706055,37.90999984741211,29.95679473876953
25-05-2007,37.869998931884766,38.400001525878906,4269800,38.599998474121094,38.30500030517578,30.268939971923828
29-05-2007,37.474998474121094,38.20000076293945,3769200,38.349998474121094,37.915000915527344,29.96074676513672
30-05-2007,37.689998626708984,38.75,4267400,38.93000030517578,38.86000061035156,30.707481384277344
31-05-2007,38.380001068115234,39.15999984741211,4276000,39.25,38.45000076293945,30.383527755737305
01-06-2007,38.46500015258789,38.95500183105469,4897600,39.125,38.56999969482422,30.478321075439453
04-06-2007,38.2599983215332,38.310001373291016,3702800,39.54999923706055,39.45500183105469,31.177684783935547
05-06-2007,38.79999923706055,39.099998474121094,3795600,39.34000015258789,38.970001220703125,30.794424057006836
06-06-2007,38.0,39.59000015258789,4197600,39.59000015258789,38.220001220703125,30.2017822265625
07-06-2007,37.33000183105469,38.040000915527344,4966200,38.779998779296875,37.44499969482422,29.589351654052734
08-06-2007,36.70500183105469,37.06999969482422,4044600,37.689998626708984,37.66999816894531,29.767141342163086
11-06-2007,37.404998779296875,37.650001525878906,2862600,38.185001373291016,37.83000183105469,29.893579483032227
12-06-2007,37.529998779296875,37.83000183105469,4479000,38.6150016784668,37.904998779296875,29.952850341796875
13-06-2007,38.025001525878906,38.04999923706055,4003400,38.84000015258789,38.724998474121094,30.600831985473633
14-06-2007,38.76499938964844,38.80500030517578,6009000,40.125,40.005001068115234,31.612285614013672
15-06-2007,39.65999984741211,40.14500045776367,4786000,40.36000061035156,40.244998931884766,31.80194091796875
18-06-2007,40.05500030517578,40.69499969482422,3391800,40.744998931884766,40.130001068115234,31.7110595703125
19-06-2007,39.63999938964844,39.974998474121094,3585800,40.06999969482422,39.724998474121094,31.391021728515625
20-06-2007,38.30500030517578,39.849998474121094,5000400,40.20000076293945,38.38999938964844,30.33609962463379
21-06-2007,38.529998779296875,38.91999816894531,4434600,39.4900016784668,39.45000076293945,31.173717498779297
22-06-2007,37.689998626708984,39.04999923706055,6998800,39.29999923706055,38.310001373291016,30.272891998291016
25-06-2007,36.834999084472656,37.60499954223633,10015600,37.744998931884766,37.21500015258789,29.4075984954834
26-06-2007,36.099998474121094,37.95500183105469,7102400,38.06999969482422,36.33000183105469,28.708263397216797
27-06-2007,35.665000915527344,35.779998779296875,6704400,36.959999084472656,36.93000030517578,29.18239402770996
28-06-2007,35.93000030517578,37.060001373291016,7101000,37.41999816894531,36.224998474121094,28.625288009643555
29-06-2007,36.10499954223633,36.10499954223633,9076800,37.349998474121094,36.529998779296875,28.866304397583008
02-07-2007,36.29499816894531,36.709999084472656,5644600,37.064998626708984,37.064998626708984,29.289073944091797
03-07-2007,36.21500015258789,36.25,2873600,37.595001220703125,37.34000015258789,29.50637435913086
05-07-2007,36.900001525878906,37.0,4933800,37.654998779296875,37.33000183105469,29.498472213745117
06-07-2007,37.380001068115234,37.75,5190400,37.970001220703125,37.470001220703125,29.609121322631836
09-07-2007,37.029998779296875,37.26499938964844,4418000,37.75,37.28499984741211,29.462915420532227
10-07-2007,36.90999984741211,37.029998779296875,5443400,37.72999954223633,37.08000183105469,29.300922393798828
11-07-2007,36.57500076293945,36.57500076293945,5195800,37.28499984741211,37.209999084472656,29.403656005859375
12-07-2007,36.82500076293945,37.4900016784668,4078800,37.630001068115234,37.29499816894531,29.4708309173584
13-07-2007,36.775001525878906,37.040000915527344,3655800,37.75,37.45500183105469,29.633010864257812
16-07-2007,36.05500030517578,37.314998626708984,4870400,37.43000030517578,36.525001525878906,28.8972225189209
17-07-2007,36.26499938964844,36.869998931884766,4450400,37.17499923706055,36.345001220703125,28.75481605529785
18-07-2007,36.099998474121094,36.1150016784668,7249000,37.665000915527344,37.564998626708984,29.720027923583984
19-07-2007,37.474998474121094,37.775001525878906,4903200,38.21500015258789,38.099998474121094,30.143312454223633
20-07-2007,37.36000061035156,38.224998474121094,5982200,38.459999084472656,37.51499938964844,29.68047332763672
23-07-2007,35.70000076293945,36.80500030517578,9631600,36.80500030517578,36.04499816894531,28.51746368408203
24-07-2007,34.95500183105469,35.57500076293945,6810400,35.720001220703125,35.13999938964844,27.80146026611328
25-07-2007,34.494998931884766,34.95000076293945,5748000,35.73500061035156,35.619998931884766,28.18122100830078
26-07-2007,34.150001525878906,35.43000030517578,7927400,35.564998626708984,34.974998474121094,27.670915603637695
27-07-2007,34.20500183105469,34.974998474121094,6565800,35.53499984741211,34.55500030517578,27.3386287689209
30-07-2007,34.79499816894531,34.875,6836600,35.845001220703125,35.54499816894531,28.121885299682617
31-07-2007,34.939998626708984,36.125,5929800,36.275001525878906,35.04999923706055,27.730266571044922
01-08-2007,34.6349983215332,35.31999969482422,7433000,36.220001220703125,35.79499816894531,28.31967544555664
02-08-2007,35.58000183105469,36.220001220703125,8551600,37.150001525878906,36.56999969482422,28.932830810546875
03-08-2007,35.1150016784668,35.900001525878906,8473800,36.76499938964844,35.23500061035156,27.876636505126953
06-08-2007,33.86000061035156,35.18000030517578,7103600,35.369998931884766,35.2599983215332,27.896408081054688
07-08-2007,34.67499923706055,35.369998931884766,9374600,36.209999084472656,35.994998931884766,28.4779052734375
08-08-2007,36.20500183105469,36.5,8064200,37.724998474121094,36.625,28.976348876953125
09-08-2007,35.54499816894531,36.005001068115234,7807400,37.915000915527344,36.564998626708984,28.928871154785156
10-08-2007,34.724998474121094,35.5,8231000,36.2400016784668,35.994998931884766,28.4779052734375
13-08-2007,35.72999954223633,36.224998474121094,5616600,36.5,35.744998931884766,28.280113220214844
14-08-2007,35.099998474121094,35.599998474121094,4240000,36.06999969482422,35.16999816894531,27.825206756591797
15-08-2007,34.18000030517578,35.51499938964844,5777200,35.93000030517578,34.34000015258789,27.16853904724121
16-08-2007,32.79999923706055,33.75,9662400,34.7400016784668,34.5,27.295127868652344
17-08-2007,34.689998626708984,35.08000183105469,6786000,36.029998779296875,35.790000915527344,28.315717697143555
20-08-2007,34.255001068115234,34.93000030517578,6122000,35.42499923706055,34.88999938964844,27.60367202758789
21-08-2007,33.755001068115234,34.584999084472656,5663400,34.85499954223633,34.04499816894531,26.93514060974121
22-08-2007,33.11000061035156,34.400001525878906,7774400,34.4900016784668,33.349998474121094,26.385278701782227
23-08-2007,32.959999084472656,33.70000076293945,4843800,33.8849983215332,33.53499984741211,26.531654357910156
24-08-2007,33.459999084472656,33.79999923706055,3332800,34.099998474121094,33.94499969482422,26.85603904724121
27-08-2007,33.224998474121094,33.80500030517578,3253600,33.80500030517578,33.41999816894531,26.440664291381836
28-08-2007,32.64500045776367,33.18000030517578,4246000,33.33000183105469,32.849998474121094,25.989702224731445
29-08-2007,32.775001525878906,33.130001068115234,3270400,33.4900016784668,33.36000061035156,26.3931941986084
30-08-2007,33.04999923706055,33.36000061035156,4313600,33.9900016784668,33.369998931884766,26.401107788085938
31-08-2007,33.630001068115234,33.70500183105469,3538200,34.21500015258789,33.68000030517578,26.64637565612793
04-09-2007,33.43000030517578,33.68000030517578,4291600,34.92499923706055,34.564998626708984,27.346546173095703
05-09-2007,34.5,34.560001373291016,4854000,35.08000183105469,34.69499969482422,27.44940185546875
06-09-2007,34.83000183105469,34.83000183105469,6774800,35.79499816894531,35.349998474121094,27.967605590820312
07-09-2007,34.525001525878906,35.03499984741211,5285800,35.1349983215332,34.95000076293945,27.651151657104492
10-09-2007,34.20500183105469,34.900001525878906,5581800,35.275001525878906,35.15999984741211,27.81728172302246
11-09-2007,34.595001220703125,35.20500183105469,5166800,35.77000045776367,35.64500045776367,28.20101547241211
12-09-2007,35.70500183105469,35.79999923706055,7509600,36.72999954223633,36.2599983215332,28.687570571899414
13-09-2007,35.72999954223633,36.224998474121094,4186400,36.3849983215332,35.86000061035156,28.3710994720459
14-09-2007,35.505001068115234,35.505001068115234,3454200,36.32500076293945,36.17499923706055,28.62032127380371
17-09-2007,35.78499984741211,36.28499984741211,2919800,36.404998779296875,35.92499923706055,28.422534942626953
18-09-2007,35.39500045776367,36.0,5216200,36.96500015258789,36.92499923706055,29.213685989379883
19-09-2007,36.88999938964844,37.349998474121094,4609200,37.494998931884766,37.11000061035156,29.360076904296875
20-09-2007,36.59000015258789,36.93000030517578,3412400,37.18000030517578,36.915000915527344,29.20578956604004
21-09-2007,36.915000915527344,37.310001373291016,3423400,37.625,37.244998931884766,29.466856002807617
24-09-2007,36.6349983215332,37.20000076293945,3329400,37.435001373291016,36.880001068115234,29.178102493286133
25-09-2007,35.814998626708984,36.474998474121094,3434800,36.625,36.435001373291016,28.826021194458008
26-09-2007,35.849998474121094,36.724998474121094,5607600,36.974998474121094,36.185001373291016,28.62822914123535
27-09-2007,35.81999969482422,36.5,4667800,36.564998626708984,36.189998626708984,28.63218879699707
28-09-2007,35.95500183105469,36.400001525878906,3145400,36.54499816894531,36.165000915527344,28.612417221069336
01-10-2007,36.099998474121094,36.20500183105469,3361600,36.70500183105469,36.6349983215332,28.984254837036133
02-10-2007,36.36000061035156,36.39500045776367,4293000,37.77000045776367,37.349998474121094,29.549936294555664
03-10-2007,36.85499954223633,37.16999816894531,3713600,37.459999084472656,37.2400016784668,29.46291160583496
04-10-2007,37.040000915527344,37.310001373291016,5592800,38.5,38.275001525878906,30.28177833557129
05-10-2007,38.119998931884766,38.20500183105469,5901800,38.95000076293945,38.70500183105469,30.621967315673828
08-10-2007,38.029998779296875,38.275001525878906,2476600,38.63999938964844,38.255001068115234,30.265953063964844
09-10-2007,38.334999084472656,38.54999923706055,4385800,39.41999816894531,39.130001068115234,30.958202362060547
10-10-2007,38.814998626708984,38.915000915527344,4317400,40.0,39.775001525878906,31.468503952026367
11-10-2007,39.904998779296875,39.96500015258789,8131400,41.29999923706055,40.45000076293945,32.00254821777344
12-10-2007,40.11000061035156,40.20500183105469,3388600,40.93000030517578,40.685001373291016,32.18846893310547
15-10-2007,40.54999923706055,41.07500076293945,4501800,41.63999938964844,40.83000183105469,32.338958740234375
16-10-2007,40.6349983215332,40.82500076293945,4058800,41.150001525878906,40.84000015258789,32.34687423706055
17-10-2007,40.45000076293945,41.0,4949400,41.275001525878906,40.7599983215332,32.28351974487305
18-10-2007,40.650001525878906,40.72999954223633,5510400,41.36000061035156,41.084999084472656,32.540916442871094
19-10-2007,39.83000183105469,40.939998626708984,7995200,41.025001525878906,39.900001525878906,31.602359771728516
22-10-2007,38.25,38.94499969482422,6761800,39.2400016784668,39.19499969482422,31.04397201538086
23-10-2007,38.435001373291016,39.630001068115234,7499600,39.88999938964844,38.71500015258789,30.663787841796875
24-10-2007,38.185001373291016,38.65999984741211,5423000,39.525001525878906,39.275001525878906,31.107330322265625
25-10-2007,39.435001373291016,39.435001373291016,4804000,40.53499984741211,40.3849983215332,31.986507415771484
26-10-2007,40.3849983215332,41.130001068115234,3447800,41.46500015258789,40.95500183105469,32.43795394897461
29-10-2007,40.88999938964844,41.244998931884766,4727200,41.369998931884766,41.255001068115234,32.67557907104492
30-10-2007,41.96500015258789,42.04499816894531,15344200,43.15999984741211,42.974998474121094,34.03788375854492
31-10-2007,43.150001525878906,43.435001373291016,9933000,44.85499954223633,44.29999923706055,35.087337493896484
01-11-2007,42.994998931884766,43.73500061035156,7817200,44.25,43.29999923706055,34.295291900634766
02-11-2007,43.029998779296875,43.73500061035156,4934400,43.974998474121094,43.73500061035156,34.63981246948242
05-11-2007,41.900001525878906,43.375,4024800,43.755001068115234,43.5,34.453704833984375
06-11-2007,43.79999923706055,44.19499969482422,6129800,45.3650016784668,44.23500061035156,35.03585433959961
07-11-2007,43.349998474121094,44.04999923706055,5142600,44.54999923706055,43.349998474121094,34.33490753173828
08-11-2007,43.06999969482422,43.400001525878906,6224200,44.775001525878906,44.060001373291016,34.89723587036133
09-11-2007,43.17499923706055,43.564998626708984,6296000,44.154998779296875,43.70500183105469,34.61608123779297
12-11-2007,41.380001068115234,42.875,6947600,43.084999084472656,42.14500045776367,33.380496978759766
13-11-2007,41.38999938964844,42.415000915527344,6122800,42.90999984741211,42.83000183105469,33.923030853271484
14-11-2007,43.29999923706055,43.625,5638600,44.90999984741211,43.625,34.55270004272461
15-11-2007,42.09000015258789,43.540000915527344,5589400,43.584999084472656,42.54999923706055,33.70125961303711
16-11-2007,42.26499938964844,42.689998626708984,7882800,43.33000183105469,42.63999938964844,33.7725715637207
19-11-2007,41.88999938964844,42.5099983215332,4170000,42.95000076293945,41.9900016784668,33.257728576660156
20-11-2007,41.43000030517578,42.22999954223633,6524200,42.54499816894531,41.86000061035156,33.154754638671875
21-11-2007,41.0,41.54999923706055,4138400,41.93000030517578,41.224998474121094,32.65181350708008
23-11-2007,41.04499816894531,41.38999938964844,2136600,42.01499938964844,41.81999969482422,33.123069763183594
26-11-2007,41.45000076293945,42.07500076293945,3476800,42.630001068115234,41.45000076293945,32.830020904541016
27-11-2007,40.39500045776367,40.6150016784668,4304000,41.314998626708984,41.25,32.67161178588867
28-11-2007,40.82500076293945,41.474998474121094,5163000,41.93000030517578,41.845001220703125,33.14288330078125
29-11-2007,41.32500076293945,41.814998626708984,4059600,42.43000030517578,41.60499954223633,32.95277404785156
30-11-2007,41.0,41.25,4547400,42.01499938964844,41.38999938964844,32.78248977661133
03-12-2007,40.92499923706055,41.25,3298000,41.79999923706055,41.404998779296875,32.79439163208008
04-12-2007,40.78499984741211,41.459999084472656,4266800,41.625,41.3849983215332,32.77853012084961
05-12-2007,41.709999084472656,41.880001068115234,5116600,42.83000183105469,42.619998931884766,33.756710052490234
06-12-2007,42.470001220703125,42.60499954223633,5785000,44.61000061035156,44.40999984741211,35.1744499206543
07-12-2007,43.529998779296875,44.58000183105469,5146400,44.85499954223633,44.08000183105469,34.91307830810547
10-12-2007,43.84000015258789,44.1150016784668,3757200,44.5,44.36000061035156,35.13485336303711
11-12-2007,43.90999984741211,44.5,6193400,45.1349983215332,43.98500061035156,34.837825775146484
12-12-2007,44.755001068115234,44.96500015258789,5423200,45.724998474121094,45.44499969482422,35.99422836303711
13-12-2007,44.540000915527344,44.904998779296875,5781400,45.814998626708984,45.21500015258789,35.81205368041992
14-12-2007,44.14500045776367,44.974998474121094,4926800,45.06999969482422,44.17499923706055,34.988311767578125
17-12-2007,43.400001525878906,44.06999969482422,3511600,44.525001525878906,43.665000915527344,34.58438491821289
18-12-2007,43.32500076293945,44.39500045776367,4456800,44.45000076293945,43.67499923706055,34.592308044433594
19-12-2007,43.65999984741211,43.994998931884766,3174000,44.58000183105469,44.154998779296875,34.97248458862305
20-12-2007,44.18000030517578,44.4900016784668,3012200,44.98500061035156,44.849998474121094,35.52294921875
21-12-2007,44.93000030517578,45.224998474121094,4232600,45.400001525878906,45.21500015258789,35.81205368041992
24-12-2007,44.85499954223633,44.85499954223633,1159400,45.724998474121094,45.5099983215332,36.045684814453125
26-12-2007,45.060001373291016,45.39500045776367,3602600,45.630001068115234,45.13999938964844,35.75263595581055
27-12-2007,44.775001525878906,45.040000915527344,2414000,45.404998779296875,44.810001373291016,35.491268157958984
28-12-2007,44.845001220703125,44.959999084472656,2934400,45.61000061035156,45.459999084472656,36.00608825683594
31-12-2007,44.54499816894531,45.35499954223633,2002400,45.665000915527344,44.625,35.344764709472656
02-01-2008,45.0,45.0,4804000,46.0,45.64500045776367,36.152626037597656
03-01-2008,45.55500030517578,45.650001525878906,5088600,47.18000030517578,46.59000015258789,36.901092529296875
04-01-2008,44.404998779296875,46.10499954223633,5684200,46.10499954223633,44.48500061035156,35.23386764526367
07-01-2008,43.56999969482422,44.849998474121094,4844400,45.26499938964844,44.310001373291016,35.09524917602539
08-01-2008,43.34000015258789,44.61000061035156,3996800,45.38999938964844,43.435001373291016,34.402217864990234
09-01-2008,43.625,43.625,6048000,44.7599983215332,44.59000015258789,35.31703567504883
10-01-2008,43.59000015258789,44.165000915527344,5305000,44.7599983215332,44.5099983215332,35.2536506652832
11-01-2008,43.78499984741211,43.94499969482422,5747200,44.77000045776367,44.46500015258789,35.218021392822266
14-01-2008,44.73500061035156,44.73500061035156,5735600,46.779998779296875,46.584999084472656,36.897132873535156
15-01-2008,45.19499969482422,45.625,6582200,46.474998474121094,45.494998931884766,36.06865310668945
16-01-2008,43.974998474121094,45.310001373291016,10414200,45.91999816894531,44.30500030517578,35.12522506713867
17-01-2008,41.994998931884766,44.36000061035156,7025000,45.334999084472656,41.994998931884766,33.29384231567383
18-01-2008,41.61000061035156,42.220001220703125,7699400,43.189998626708984,42.564998626708984,33.7457389831543
22-01-2008,39.75,41.05500030517578,7500200,42.54999923706055,41.72999954223633,33.083744049072266
23-01-2008,38.59000015258789,40.709999084472656,8238800,41.470001220703125,41.33000183105469,32.76661682128906
24-01-2008,41.369998931884766,41.994998931884766,6353200,43.07500076293945,42.79499816894531,33.928077697753906
25-01-2008,41.68000030517578,43.125,5707400,43.709999084472656,41.9900016784668,33.28989791870117
28-01-2008,41.26499938964844,41.96500015258789,4067800,42.70500183105469,42.70500183105469,33.85673522949219
29-01-2008,42.060001373291016,42.875,3731400,43.125,42.5099983215332,33.702125549316406
30-01-2008,42.2400016784668,42.2400016784668,5721000,44.48500061035156,43.279998779296875,34.31260299682617
31-01-2008,41.84000015258789,42.44499969482422,5017000,44.060001373291016,43.665000915527344,34.61782455444336
01-02-2008,43.435001373291016,43.709999084472656,5501800,44.724998474121094,44.724998474121094,35.45817565917969
04-02-2008,44.43000030517578,44.560001373291016,3821000,45.51499938964844,45.33000183105469,35.9378547668457
05-02-2008,43.75,44.084999084472656,5634600,45.02000045776367,43.75,34.68519592285156
06-02-2008,43.595001220703125,44.41999816894531,6161800,44.849998474121094,43.90999984741211,34.81205368041992
07-02-2008,43.560001373291016,43.560001373291016,7087000,45.5,45.04499816894531,35.71189880371094
08-02-2008,45.625,45.689998626708984,8510400,47.654998779296875,47.060001373291016,37.30940628051758
11-02-2008,46.56999969482422,46.849998474121094,10868000,49.27000045776367,49.21500015258789,39.01789474487305
12-02-2008,48.38999938964844,49.41999816894531,8002000,50.25,48.96500015258789,38.8196907043457
13-02-2008,49.30500030517578,49.435001373291016,7314800,50.375,50.07500076293945,39.699710845947266
14-02-2008,48.810001373291016,49.435001373291016,7077000,50.2400016784668,48.810001373291016,38.69680404663086
15-02-2008,46.900001525878906,48.529998779296875,6757400,49.39500045776367,48.01499938964844,38.06652069091797
19-02-2008,48.31999969482422,49.13999938964844,7992000,50.474998474121094,49.20500183105469,39.00996398925781
20-02-2008,48.525001525878906,48.525001525878906,5369800,50.4900016784668,50.2599983215332,39.846378326416016
21-02-2008,48.72999954223633,50.45000076293945,5600800,50.45000076293945,48.834999084472656,38.71662139892578
22-02-2008,48.48500061035156,48.939998626708984,4145000,49.779998779296875,49.67499923706055,39.38258361816406
25-02-2008,50.0099983215332,50.0099983215332,9753400,52.334999084472656,52.064998626708984,41.277381896972656
26-02-2008,51.185001373291016,51.91999816894531,13196000,54.459999084472656,54.1150016784668,42.90262985229492
27-02-2008,52.73500061035156,53.255001068115234,6534800,54.06999969482422,52.84000015258789,41.89179611206055
28-02-2008,56.275001525878906,56.369998931884766,32843600,64.94999694824219,62.3650016784668,49.443275451660156
29-02-2008,58.96500015258789,61.564998626708984,10887000,61.94499969482422,59.494998931884766,47.16792678833008
03-03-2008,59.02000045776367,59.53499984741211,10478200,61.73500061035156,61.084999084472656,48.428489685058594
04-03-2008,58.29999923706055,60.0,10105600,61.23500061035156,59.95000076293945,47.52864074707031
05-03-2008,59.59000015258789,60.494998931884766,9227600,60.814998626708984,60.30500030517578,47.81009292602539
06-03-2008,58.665000915527344,59.88999938964844,7266000,60.369998931884766,58.80500030517578,46.62089538574219
07-03-2008,57.47999954223633,58.224998474121094,8168200,59.21500015258789,58.22999954223633,46.16501998901367
10-03-2008,56.77000045776367,58.22999954223633,7074600,58.22999954223633,57.279998779296875,45.41184616088867
11-03-2008,58.040000915527344,58.3849983215332,7937600,61.11000061035156,60.95000076293945,48.32146453857422
12-03-2008,58.65999984741211,60.875,5773800,61.095001220703125,59.46500015258789,47.14413833618164
13-03-2008,58.7400016784668,58.7400016784668,10660200,64.07499694824219,63.47999954223633,50.327239990234375
14-03-2008,61.52000045776367,63.1150016784668,8327400,63.4900016784668,63.04999923706055,49.986351013183594
17-03-2008,58.599998474121094,61.67499923706055,7852400,62.084999084472656,60.20500183105469,47.73081588745117
18-03-2008,60.40999984741211,61.71500015258789,6946000,61.75,61.73500061035156,48.943817138671875
19-03-2008,56.470001220703125,61.43000030517578,10194200,62.57500076293945,56.560001373291016,44.8410530090332
20-03-2008,52.95000076293945,55.0,12264200,56.560001373291016,56.1349983215332,44.50411605834961
24-03-2008,55.709999084472656,56.474998474121094,5960000,57.95500183105469,57.005001068115234,45.193843841552734
25-03-2008,56.724998474121094,57.38999938964844,5086000,58.875,58.11000061035156,46.06988525390625
26-03-2008,57.880001068115234,57.880001068115234,6711000,60.779998779296875,60.20500183105469,47.73081588745117
27-03-2008,58.93000030517578,60.185001373291016,4897000,61.439998626708984,58.959999084472656,46.743778228759766
28-03-2008,58.7599983215332,59.5,3796800,60.415000915527344,59.439998626708984,47.12431716918945
31-03-2008,58.75,60.27000045776367,4462000,60.970001220703125,60.0,47.56829071044922
01-04-2008,58.880001068115234,60.61000061035156,4579800,60.8650016784668,60.435001373291016,47.91316223144531
02-04-2008,59.369998931884766,60.64500045776367,4716800,61.84000015258789,60.68000030517578,48.107398986816406
03-04-2008,60.20000076293945,60.20000076293945,4706400,61.79999923706055,60.720001220703125,48.13909149169922
04-04-2008,61.05500030517578,61.334999084472656,3856200,62.650001525878906,61.88999938964844,49.06668472290039
07-04-2008,62.14500045776367,62.470001220703125,6066600,64.28500366210938,63.09000015258789,50.018062591552734
08-04-2008,62.625,62.625,4850800,64.72000122070312,64.37999725341797,51.040775299072266
09-04-2008,63.31999969482422,63.8849983215332,5523600,65.0,63.845001220703125,50.61664581298828
10-04-2008,63.724998474121094,63.724998474121094,5323400,65.23500061035156,64.91000366210938,51.46095657348633
11-04-2008,62.845001220703125,64.17500305175781,4802600,64.59500122070312,63.15999984741211,50.07355880737305
14-04-2008,63.244998931884766,63.244998931884766,4813200,64.81500244140625,63.94499969482422,50.74410629272461
15-04-2008,64.44499969482422,65.05000305175781,4734800,67.26499938964844,65.56999969482422,52.033634185791016
16-04-2008,64.76000213623047,66.4749984741211,4610600,66.5,66.5,52.77164840698242
17-04-2008,65.58000183105469,66.5,4820800,67.45999908447266,65.9800033569336,52.3590087890625
18-04-2008,64.53500366210938,66.48999786376953,4208800,67.25499725341797,67.08499908447266,53.23589324951172
21-04-2008,67.15499877929688,67.49500274658203,6487800,69.2750015258789,68.70500183105469,54.52143478393555
22-04-2008,68.2300033569336,68.98999786376953,3912000,70.24500274658203,68.625,54.45797348022461
23-04-2008,67.3949966430664,68.5,4503400,69.0,68.625,54.45797348022461
24-04-2008,65.44999694824219,67.79000091552734,4683200,68.12000274658203,65.875,52.27568817138672
25-04-2008,65.44999694824219,66.3499984741211,5411400,68.16000366210938,67.875,53.862815856933594
28-04-2008,66.87000274658203,68.47000122070312,3865600,68.56999969482422,67.0199966430664,53.184322357177734
29-04-2008,63.95000076293945,66.34500122070312,5658200,66.34500122070312,64.18000030517578,50.93061065673828
30-04-2008,63.73500061035156,64.25499725341797,5297800,65.48500061035156,65.23999786376953,51.77178192138672
01-05-2008,61.36000061035156,64.59500122070312,6962400,64.68499755859375,63.42499923706055,50.33146667480469
02-05-2008,61.959999084472656,62.599998474121094,5951000,65.0,63.875,50.68856430053711
05-05-2008,64.23999786376953,64.38500213623047,4265000,66.80000305175781,66.2699966430664,52.589134216308594
06-05-2008,65.96499633789062,65.96499633789062,5217800,69.07499694824219,68.94000244140625,54.70796203613281
07-05-2008,67.42500305175781,69.54499816894531,5714000,69.67500305175781,67.51000213623047,53.57313537597656
08-05-2008,67.0999984741211,67.29000091552734,6648800,70.08999633789062,69.8949966430664,55.465797424316406
09-05-2008,67.98999786376953,70.44499969482422,5142800,70.44499969482422,69.25,54.953948974609375
12-05-2008,67.55000305175781,68.94999694824219,5652600,68.94999694824219,68.0,53.96200180053711
13-05-2008,67.1449966430664,68.55999755859375,5588200,69.55000305175781,69.2750015258789,54.97378921508789
14-05-2008,67.25499725341797,69.79000091552734,5093600,69.93000030517578,67.43499755859375,53.513641357421875
15-05-2008,66.42500305175781,68.9749984741211,6917000,69.19999694824219,67.98500061035156,53.95008087158203
16-05-2008,68.54499816894531,68.6050033569336,7097800,70.94000244140625,70.49500274658203,55.94193649291992
19-05-2008,69.57499694824219,71.05500030517578,6753800,71.05500030517578,69.94999694824219,55.509403228759766
20-05-2008,69.5999984741211,70.08999633789062,6687200,72.13999938964844,71.70500183105469,56.90212631225586
21-05-2008,69.38999938964844,72.0,9443600,72.49500274658203,69.4000015258789,55.07298278808594
22-05-2008,67.7249984741211,69.48500061035156,5573600,70.25499725341797,68.3499984741211,54.2397346496582
23-05-2008,66.21499633789062,68.99500274658203,5563600,69.5,67.48500061035156,53.55331039428711
27-05-2008,66.02999877929688,67.375,4115600,67.44000244140625,66.56500244140625,52.82322692871094
28-05-2008,65.0250015258789,65.73500061035156,6607600,67.2699966430664,67.20500183105469,53.331111907958984
29-05-2008,63.689998626708984,66.78500366210938,8126200,66.78500366210938,63.900001525878906,50.708412170410156
30-05-2008,62.869998931884766,64.03500366210938,10141200,65.15499877929688,64.31500244140625,51.037723541259766
02-06-2008,62.95500183105469,63.95000076293945,8510800,65.15499877929688,63.66999816894531,50.52588653564453
03-06-2008,61.869998931884766,63.36000061035156,9217600,64.42500305175781,62.03499984741211,49.22840118408203
04-06-2008,61.30500030517578,61.57500076293945,7362000,63.29999923706055,62.04499816894531,49.236351013183594
05-06-2008,62.41999816894531,62.42499923706055,9276800,65.6449966430664,65.6449966430664,52.09315490722656
06-06-2008,64.40499877929688,66.13999938964844,8541800,68.625,64.40499877929688,51.10914993286133
09-06-2008,64.48500061035156,64.875,6195200,66.8550033569336,65.94499969482422,52.33122634887695
10-06-2008,63.125,66.05000305175781,6793400,66.23999786376953,64.2300033569336,50.970279693603516
11-06-2008,63.279998779296875,64.9000015258789,5755400,65.2300033569336,64.19499969482422,50.94249725341797
12-06-2008,63.91999816894531,65.25,7605200,65.49500274658203,64.29000091552734,51.01789093017578
13-06-2008,63.29999923706055,63.689998626708984,5475800,65.4800033569336,65.15499877929688,51.704315185546875
16-06-2008,64.20500183105469,65.62000274658203,5533000,66.43000030517578,64.71499633789062,51.35514831542969
17-06-2008,64.49500274658203,65.0250015258789,6102000,66.31500244140625,66.00499725341797,52.37884521484375
18-06-2008,64.7300033569336,65.79499816894531,5273600,66.69000244140625,66.51499938964844,52.78356170654297
19-06-2008,65.0999984741211,67.45999908447266,7175600,67.55000305175781,65.1500015258789,51.70036315917969
20-06-2008,64.61499786376953,65.74500274658203,7226600,66.63999938964844,65.20500183105469,51.743988037109375
23-06-2008,64.69999694824219,65.20500183105469,6867800,67.78500366210938,67.7699966430664,53.77946853637695
24-06-2008,65.18499755859375,67.49500274658203,5647600,67.49500274658203,65.2249984741211,51.759857177734375
25-06-2008,62.3849983215332,65.47000122070312,5142000,65.4749984741211,63.91999816894531,50.7242546081543
26-06-2008,62.845001220703125,63.63999938964844,7803000,64.91999816894531,63.095001220703125,50.069602966308594
27-06-2008,63.060001373291016,63.935001373291016,8619400,65.46499633789062,65.09500122070312,51.65671920776367
30-06-2008,65.41500091552734,65.93499755859375,6402600,66.99500274658203,65.5999984741211,52.05745315551758
01-07-2008,65.0,65.76499938964844,6209400,66.5250015258789,65.7699966430664,52.19236373901367
02-07-2008,62.255001068115234,66.125,6968800,66.94499969482422,62.28499984741211,49.42679977416992
03-07-2008,59.869998931884766,62.255001068115234,6923400,63.0,60.35499954223633,47.89522933959961
07-07-2008,57.244998931884766,59.48500061035156,8925800,60.255001068115234,57.72999954223633,45.81215286254883
08-07-2008,55.060001373291016,56.994998931884766,12393000,58.939998626708984,58.66999816894531,46.5580940246582
09-07-2008,55.584999084472656,59.25,7468600,59.814998626708984,55.595001220703125,44.117919921875
10-07-2008,55.71500015258789,55.71500015258789,6451200,58.334999084472656,58.244998931884766,46.220821380615234
11-07-2008,57.85499954223633,58.625,8638800,59.689998626708984,59.279998779296875,47.04216766357422
14-07-2008,58.36000061035156,59.970001220703125,5798800,60.275001525878906,59.52000045776367,47.232601165771484
15-07-2008,55.7400016784668,58.79999923706055,8590600,59.98500061035156,55.7400016784668,44.27759552001953
16-07-2008,52.915000915527344,55.21500015258789,10839200,55.709999084472656,54.220001220703125,43.0701904296875
17-07-2008,50.915000915527344,54.685001373291016,12262600,55.71500015258789,52.310001373291016,41.552947998046875
18-07-2008,52.03499984741211,52.5,6814600,54.650001525878906,53.19499969482422,42.255958557128906
21-07-2008,52.68000030517578,54.0,6666400,55.04999923706055,54.51499938964844,43.30449295043945
22-07-2008,51.82500076293945,53.96500015258789,10187400,54.630001068115234,53.21500015258789,42.2718391418457
23-07-2008,51.0099983215332,53.125,9418800,53.834999084472656,51.5099983215332,40.91745376586914
24-07-2008,49.35499954223633,52.20000076293945,11492400,53.0099983215332,50.59000015258789,40.186649322509766
25-07-2008,50.459999084472656,51.36000061035156,7666400,52.994998931884766,52.025001525878906,41.326568603515625
28-07-2008,50.935001373291016,52.18000030517578,6589000,53.494998931884766,50.939998626708984,40.46466827392578
29-07-2008,49.060001373291016,50.380001068115234,10397600,51.084999084472656,50.005001068115234,39.721946716308594
30-07-2008,49.0,49.15999984741211,10114400,52.665000915527344,52.57500076293945,41.763465881347656
31-07-2008,50.08000183105469,53.81999969482422,8917600,53.81999969482422,50.26499938964844,39.92848205566406
01-08-2008,49.900001525878906,50.814998626708984,7621800,52.34000015258789,50.244998931884766,39.912601470947266
04-08-2008,46.244998931884766,49.900001525878906,8485600,50.10499954223633,46.63999938964844,37.04892349243164
05-08-2008,45.529998779296875,47.0,10808600,47.5,47.400001525878906,37.65263748168945
06-08-2008,47.08000183105469,47.654998779296875,8380400,49.125,48.9900016784668,38.91566848754883
07-08-2008,47.69499969482422,49.040000915527344,10104000,49.89500045776367,47.814998626708984,37.98231887817383
08-08-2008,46.3650016784668,46.654998779296875,7011200,47.529998779296875,46.93000030517578,37.279293060302734
11-08-2008,46.025001525878906,47.665000915527344,6465000,48.0099983215332,47.68000030517578,37.875057220458984
12-08-2008,47.599998474121094,48.02000045776367,8546800,49.54999923706055,47.650001525878906,37.85123062133789
13-08-2008,47.529998779296875,47.54499816894531,5845200,50.0099983215332,49.790000915527344,39.5511589050293
14-08-2008,47.92499923706055,50.23500061035156,7023400,50.23500061035156,48.525001525878906,38.546295166015625
15-08-2008,46.96500015258789,47.81999969482422,5758600,48.165000915527344,47.79999923706055,37.970375061035156
18-08-2008,47.16999816894531,48.025001525878906,6152400,48.75,47.369998931884766,37.62881088256836
19-08-2008,47.185001373291016,47.185001373291016,8332200,50.125,49.939998626708984,39.670318603515625
20-08-2008,50.84000015258789,51.119998931884766,10557800,52.994998931884766,52.79999923706055,41.942169189453125
21-08-2008,52.23500061035156,54.404998779296875,6794600,54.404998779296875,53.154998779296875,42.22418212890625
22-08-2008,50.79999923706055,53.09000015258789,5172000,53.09000015258789,51.81999969482422,41.1637077331543
25-08-2008,50.415000915527344,51.69499969482422,4941800,52.13999938964844,51.10499954223633,40.59574508666992
26-08-2008,52.44499969482422,52.44499969482422,9409800,54.435001373291016,53.880001068115234,42.80009460449219
27-08-2008,54.02000045776367,54.845001220703125,5658800,55.77000045776367,54.584999084472656,43.36012268066406
28-08-2008,51.54499816894531,55.72999954223633,7273400,55.72999954223633,52.66999816894531,41.83891677856445
29-08-2008,51.880001068115234,53.494998931884766,5687600,53.5,52.209999084472656,41.4735221862793
02-09-2008,47.54999923706055,49.459999084472656,9066400,51.11000061035156,47.95500183105469,38.093509674072266
03-09-2008,45.79999923706055,47.76499938964844,10270800,48.595001220703125,47.05500030517578,37.37858581542969
04-09-2008,45.025001525878906,46.994998931884766,9738800,47.92499923706055,46.724998474121094,37.116451263427734
05-09-2008,46.04499816894531,47.470001220703125,9791400,48.185001373291016,47.88999938964844,38.04187774658203
08-09-2008,45.724998474121094,48.98500061035156,11080600,48.994998931884766,46.14500045776367,36.65571594238281
09-09-2008,42.17499923706055,45.34000015258789,11614000,45.779998779296875,42.19499969482422,33.51800537109375
10-09-2008,42.5099983215332,42.5099983215332,15704000,44.95000076293945,43.90999984741211,34.88032913208008
11-09-2008,41.69499969482422,43.810001373291016,11355400,44.68000030517578,44.28499984741211,35.178218841552734
12-09-2008,44.005001068115234,44.005001068115234,8002400,45.70500183105469,45.40999984741211,36.07185745239258
15-09-2008,42.09000015258789,42.53499984741211,12568800,44.61000061035156,42.67499923706055,33.899288177490234
16-09-2008,40.060001373291016,42.01499938964844,12354400,43.630001068115234,43.540000915527344,34.5864143371582
17-09-2008,42.01499938964844,43.564998626708984,15636400,45.86000061035156,44.404998779296875,35.27352523803711
18-09-2008,43.755001068115234,45.494998931884766,11436400,47.42499923706055,46.255001068115234,36.74310302734375
19-09-2008,47.0,48.790000915527344,11028400,50.75,48.5,38.52643966674805
22-09-2008,47.61000061035156,48.619998931884766,7158400,50.209999084472656,47.84000015258789,38.002166748046875
23-09-2008,46.92499923706055,47.005001068115234,9694000,49.93000030517578,47.57500076293945,37.791664123535156
24-09-2008,47.1349983215332,48.375,5818400,48.8650016784668,47.380001068115234,37.636749267578125
25-09-2008,46.44499969482422,47.005001068115234,5791400,48.8849983215332,48.439998626708984,38.478782653808594
26-09-2008,44.90999984741211,47.03499984741211,5871400,47.900001525878906,47.2599983215332,37.54142379760742
29-09-2008,39.900001525878906,45.5,10754000,45.5,42.40999984741211,33.688785552978516
30-09-2008,42.9900016784668,43.34000015258789,7051600,45.375,44.72999954223633,35.531707763671875
01-10-2008,41.56999969482422,44.04499816894531,8002000,45.400001525878906,44.869998931884766,35.642906188964844
02-10-2008,39.22999954223633,44.31999969482422,9799800,44.31999969482422,39.30500030517578,31.222305297851562
03-10-2008,39.01499938964844,39.439998626708984,8929600,43.125,39.970001220703125,31.75054359436035
06-10-2008,33.595001220703125,37.5,16439600,38.220001220703125,37.875,30.086366653442383
07-10-2008,35.58000183105469,38.48500061035156,12350400,39.22999954223633,35.58000183105469,28.26331329345703
08-10-2008,32.95500183105469,33.974998474121094,14790200,37.30500030517578,35.814998626708984,28.44999122619629
09-10-2008,32.18000030517578,36.540000915527344,10513800,36.875,32.18000030517578,25.562482833862305
10-10-2008,27.209999084472656,30.799999237060547,17851600,32.345001220703125,29.795000076293945,23.667949676513672
13-10-2008,30.895000457763672,31.014999389648438,11410000,35.9900016784668,35.875,28.497638702392578
14-10-2008,34.060001373291016,36.959999084472656,14933000,39.119998931884766,35.470001220703125,28.175931930541992
15-10-2008,30.020000457763672,34.224998474121094,13485800,34.224998474121094,30.584999084472656,24.34181022644043
16-10-2008,29.924999237060547,31.440000534057617,15549200,35.10499954223633,34.54999923706055,27.497446060180664
17-10-2008,32.75,33.720001220703125,14720800,38.525001525878906,34.470001220703125,27.43379020690918
20-10-2008,35.22999954223633,35.83000183105469,12704000,38.04999923706055,37.52000045776367,29.86119842529297
21-10-2008,34.75,36.43000030517578,10182000,37.720001220703125,36.18000030517578,28.794729232788086
22-10-2008,31.704999923706055,34.540000915527344,7468400,34.73500061035156,33.01499938964844,26.27578353881836
23-10-2008,30.30500030517578,33.68000030517578,9998800,34.334999084472656,33.154998779296875,26.387197494506836
24-10-2008,28.780000686645508,30.6299991607666,9175400,33.755001068115234,32.935001373291016,26.21211051940918
27-10-2008,31.139999389648438,32.07500076293945,7576800,34.334999084472656,31.4950008392334,25.06606101989746
28-10-2008,29.985000610351562,32.28499984741211,8810200,34.04499816894531,33.76499938964844,26.872682571411133
29-10-2008,34.040000915527344,34.73500061035156,11876400,38.23500061035156,36.290000915527344,28.882266998291016
30-10-2008,35.95000076293945,36.97999954223633,8625800,38.814998626708984,38.48500061035156,30.629201889038086
31-10-2008,36.505001068115234,37.650001525878906,8335000,41.314998626708984,40.459999084472656,32.201072692871094
03-11-2008,37.17499923706055,38.915000915527344,8118000,39.83000183105469,37.88999938964844,30.15566635131836
04-11-2008,38.779998779296875,39.380001068115234,9918200,42.75,42.08000183105469,33.49037551879883
05-11-2008,40.1349983215332,41.064998626708984,7884800,42.474998474121094,40.904998779296875,32.55522537231445
06-11-2008,37.52000045776367,39.43000030517578,8642800,40.310001373291016,38.584999084472656,30.70880126953125
07-11-2008,38.494998931884766,39.02000045776367,7001800,41.15999984741211,39.939998626708984,31.787208557128906
10-11-2008,39.41999816894531,41.06999969482422,7057000,42.48500061035156,40.54999923706055,32.27268981933594
11-11-2008,38.29499816894531,39.459999084472656,7999600,40.57500076293945,39.40999984741211,31.36539649963379
12-11-2008,37.64500045776367,38.5,11027000,39.34000015258789,38.084999084472656,30.310855865478516
13-11-2008,36.3650016784668,38.290000915527344,16621000,42.939998626708984,42.48500061035156,33.81269836425781
14-11-2008,39.97999954223633,41.6349983215332,11116200,42.915000915527344,40.314998626708984,32.08566665649414
17-11-2008,39.56999969482422,40.09000015258789,8694800,42.220001220703125,40.224998474121094,32.01403045654297
18-11-2008,39.084999084472656,40.56999969482422,8401000,42.040000915527344,41.26499938964844,32.84174346923828
19-11-2008,38.21500015258789,41.76499938964844,9964200,42.08000183105469,38.63999938964844,30.752580642700195
20-11-2008,32.0,37.61000061035156,13552400,38.09000015258789,32.48500061035156,25.85396957397461
21-11-2008,32.595001220703125,33.439998626708984,14329200,37.69499969482422,37.35499954223633,29.72987174987793
24-11-2008,37.78499984741211,38.77000045776367,10860000,43.084999084472656,41.81999969482422,33.28346633911133
25-11-2008,40.66999816894531,42.095001220703125,9941400,42.71500015258789,42.0099983215332,33.43467712402344
26-11-2008,40.42499923706055,40.63999938964844,10518800,44.439998626708984,44.23500061035156,35.20549011230469
28-11-2008,41.07500076293945,43.20500183105469,3535000,43.73500061035156,42.5099983215332,33.832611083984375
01-12-2008,37.814998626708984,40.755001068115234,10518400,41.400001525878906,38.04999923706055,30.283008575439453
02-12-2008,37.8849983215332,39.25,9199600,40.15999984741211,40.0099983215332,31.84291648864746
03-12-2008,38.790000915527344,39.095001220703125,7577800,40.974998474121094,39.994998931884766,31.830984115600586
04-12-2008,33.755001068115234,38.90999984741211,12841600,39.2599983215332,34.39500045776367,27.37409019470215
05-12-2008,31.405000686645508,33.5,11795200,34.154998779296875,33.970001220703125,27.035844802856445
08-12-2008,33.65999984741211,35.290000915527344,11358600,36.48500061035156,34.53499984741211,27.485504150390625
09-12-2008,33.14500045776367,34.04999923706055,8870800,36.685001373291016,35.20000076293945,28.014774322509766
10-12-2008,35.775001525878906,35.939998626708984,9981600,37.959999084472656,36.834999084472656,29.316017150878906
11-12-2008,35.709999084472656,37.4900016784668,8293200,39.20500183105469,36.029998779296875,28.67534828186035
12-12-2008,33.380001068115234,34.3650016784668,8444400,34.875,33.98500061035156,27.047779083251953
15-12-2008,33.71500015258789,35.02000045776367,7980400,35.82500076293945,34.56999969482422,27.513368606567383
16-12-2008,34.380001068115234,35.34000015258789,5659200,35.66999816894531,35.505001068115234,28.25750732421875
17-12-2008,34.65999984741211,35.400001525878906,7371600,36.34000015258789,34.79999923706055,27.696414947509766
18-12-2008,32.130001068115234,34.57500076293945,7795000,34.93000030517578,32.41999816894531,25.80223846435547
19-12-2008,31.989999771118164,32.44499969482422,9103000,33.369998931884766,32.47999954223633,25.849987030029297
22-12-2008,29.94499969482422,32.3650016784668,6016200,32.45000076293945,30.579999923706055,24.337827682495117
23-12-2008,30.540000915527344,30.68000030517578,6431800,32.29499816894531,31.665000915527344,25.20135498046875
24-12-2008,30.645000457763672,30.825000762939453,2499400,31.5,31.43000030517578,25.014320373535156
26-12-2008,31.510000228881836,31.514999389648438,2414400,32.29499816894531,32.1349983215332,25.575408935546875
29-12-2008,32.16999816894531,32.845001220703125,4138400,33.25,33.06999969482422,26.319562911987305
30-12-2008,31.924999237060547,32.93000030517578,4941600,32.98500061035156,32.90999984741211,26.19222068786621
31-12-2008,32.31999969482422,32.459999084472656,4564800,33.880001068115234,33.290000915527344,26.494657516479492
02-01-2009,33.46500015258789,33.970001220703125,5112600,35.45000076293945,35.19499969482422,28.010786056518555
05-01-2009,34.51499938964844,35.09000015258789,7711200,36.415000915527344,35.334999084472656,28.122207641601562
06-01-2009,35.2599983215332,35.76499938964844,10830000,36.19499969482422,35.560001373291016,28.301279067993164
07-01-2009,33.275001525878906,35.09000015258789,6792200,35.345001220703125,34.334999084472656,27.32633399963379
08-01-2009,33.869998931884766,34.82500076293945,6005000,35.165000915527344,34.80500030517578,27.700397491455078
09-01-2009,33.084999084472656,34.775001525878906,6936000,35.32500076293945,33.27000045776367,26.478734970092773
12-01-2009,31.270000457763672,32.72999954223633,6922800,33.029998779296875,31.78499984741211,25.29685401916504
13-01-2009,31.450000762939453,31.780000686645508,9307000,33.8650016784668,33.540000915527344,26.693613052368164
14-01-2009,31.360000610351562,32.79999923706055,8783000,33.154998779296875,31.69499969482422,25.276092529296875
15-01-2009,30.725000381469727,31.625,9986800,32.32500076293945,32.0099983215332,25.527299880981445
16-01-2009,31.0,32.54499816894531,7614800,32.7400016784668,31.864999771118164,25.41167449951172
20-01-2009,30.145000457763672,31.329999923706055,8446800,32.439998626708984,30.364999771118164,24.2154483795166
21-01-2009,30.459999084472656,30.559999465942383,8017600,32.79499816894531,32.65999984741211,26.045665740966797
22-01-2009,31.0049991607666,31.440000534057617,6760200,32.689998626708984,31.860000610351562,25.40768814086914
23-01-2009,30.704999923706055,31.219999313354492,8248400,33.814998626708984,33.28499984741211,26.544086456298828
26-01-2009,33.51499938964844,33.849998474121094,7279600,34.970001220703125,34.0,27.114290237426758
27-01-2009,33.02000045776367,33.79499816894531,6738400,33.935001373291016,33.33000183105469,26.579975128173828
28-01-2009,33.41999816894531,34.0,8281800,35.084999084472656,34.97999954223633,27.895814895629883
29-01-2009,34.005001068115234,34.185001373291016,8785000,34.92499923706055,34.28499984741211,27.341575622558594
30-01-2009,33.64500045776367,35.0,8403600,35.380001068115234,33.8849983215332,27.022571563720703
02-02-2009,33.005001068115234,33.18000030517578,9816400,33.974998474121094,33.369998931884766,26.611873626708984
03-02-2009,33.14500045776367,33.78499984741211,8875000,34.150001525878906,33.94499969482422,27.070432662963867
04-02-2009,33.970001220703125,34.34000015258789,9603200,35.029998779296875,34.290000915527344,27.345563888549805
05-02-2009,33.5,34.185001373291016,9820400,35.064998626708984,34.54499816894531,27.548913955688477
06-02-2009,33.220001220703125,33.810001373291016,8489000,34.654998779296875,34.20500183105469,27.277774810791016
09-02-2009,34.125,34.630001068115234,8033800,35.58000183105469,35.369998931884766,28.206832885742188
10-02-2009,32.89500045776367,35.474998474121094,8097200,35.86000061035156,33.20000076293945,26.476301193237305
11-02-2009,31.674999237060547,33.79999923706055,7816200,33.85499954223633,32.18000030517578,25.662874221801758
12-02-2009,31.174999237060547,31.579999923706055,6960000,32.32500076293945,32.04999923706055,25.559202194213867
13-02-2009,31.655000686645508,32.29999923706055,6914000,32.654998779296875,31.860000610351562,25.40768814086914
17-02-2009,28.030000686645508,30.9950008392334,12656000,30.9950008392334,28.1200008392334,22.425107955932617
18-02-2009,27.5,28.420000076293945,11810600,28.53499984741211,28.309999465942383,22.576631546020508
19-02-2009,27.59000015258789,28.5,10591400,28.959999084472656,27.90999984741211,22.25764274597168
20-02-2009,27.084999084472656,27.30500030517578,9756200,28.110000610351562,27.55500030517578,21.974538803100586
23-02-2009,25.424999237060547,27.9950008392334,10596200,28.18000030517578,25.489999771118164,20.327743530273438
24-02-2009,25.475000381469727,25.735000610351562,8170000,26.704999923706055,26.665000915527344,21.264780044555664
25-02-2009,25.56999969482422,26.614999771118164,8820800,26.770000457763672,26.014999389648438,20.74641990661621
26-02-2009,25.575000762939453,26.434999465942383,6563200,26.780000686645508,25.704999923706055,20.49920082092285
27-02-2009,24.43000030517578,25.030000686645508,7705600,25.815000534057617,25.020000457763672,19.952924728393555
02-03-2009,22.514999389648438,24.135000228881836,11170600,24.844999313354492,22.795000076293945,18.17853546142578
03-03-2009,22.764999389648438,23.2549991607666,15610000,24.850000381469727,24.020000457763672,19.155447006225586
04-03-2009,24.6200008392334,24.729999542236328,15170800,26.395000457763672,25.549999237060547,20.375587463378906
05-03-2009,24.78499984741211,25.165000915527344,15736000,26.420000076293945,25.920000076293945,20.67066192626953
06-03-2009,25.110000610351562,26.625,11733400,27.18000030517578,26.03499984741211,20.762365341186523
09-03-2009,24.989999771118164,25.614999771118164,8642200,26.260000228881836,25.209999084472656,20.104448318481445
10-03-2009,25.639999389648438,25.78499984741211,9070600,27.0,26.454999923706055,21.097305297851562
11-03-2009,26.25,26.655000686645508,7700200,27.354999542236328,27.0,21.53193473815918
12-03-2009,26.829999923706055,27.135000228881836,14070800,29.549999237060547,29.405000686645508,23.449872970581055
13-03-2009,28.875,29.375,8986600,29.719999313354492,29.4950008392334,23.521648406982422
16-03-2009,29.299999237060547,29.299999237060547,9112000,31.485000610351562,30.760000228881836,24.530452728271484
17-03-2009,30.184999465942383,30.729999542236328,10786400,31.549999237060547,31.549999237060547,25.160465240478516
18-03-2009,29.2549991607666,31.225000381469727,12494400,31.395000457763672,31.0049991607666,24.72584342956543
19-03-2009,31.549999237060547,31.815000534057617,8830200,32.72999954223633,31.6200008392334,25.21628761291504
20-03-2009,30.639999389648438,32.10499954223633,8493800,32.5,30.975000381469727,24.701913833618164
23-03-2009,31.71500015258789,31.81999969482422,7187600,33.32500076293945,33.040000915527344,26.348703384399414
24-03-2009,31.639999389648438,32.45000076293945,4656200,32.7400016784668,32.040000915527344,25.551231384277344
25-03-2009,30.75,31.899999618530273,7771400,32.94499969482422,31.719999313354492,25.296031951904297
26-03-2009,30.760000228881836,32.040000915527344,7600800,32.595001220703125,30.9950008392334,24.717853546142578
27-03-2009,29.415000915527344,30.469999313354492,5949000,30.540000915527344,29.655000686645508,23.649242401123047
30-03-2009,27.68000030517578,28.834999084472656,6069800,29.239999771118164,28.329999923706055,22.59258270263672
31-03-2009,27.30500030517578,28.594999313354492,8210200,29.200000762939453,27.3799991607666,21.834976196289062
01-04-2009,26.545000076293945,26.8799991607666,7474600,28.704999923706055,28.565000534057617,22.779993057250977
02-04-2009,29.329999923706055,29.334999084472656,7326400,30.700000762939453,30.165000915527344,24.05596351623535
03-04-2009,29.969999313354492,30.15999984741211,6802000,32.15999984741211,31.56999969482422,25.176408767700195
06-04-2009,29.815000534057617,31.03499984741211,5047600,31.040000915527344,30.350000381469727,24.20348358154297
07-04-2009,28.790000915527344,29.670000076293945,3969400,29.885000228881836,28.985000610351562,23.114933013916016
08-04-2009,27.889999389648438,28.645000457763672,5865200,29.7450008392334,29.524999618530273,23.54556655883789
09-04-2009,29.834999084472656,30.510000228881836,5287800,31.024999618530273,30.674999237060547,24.462669372558594
13-04-2009,29.375,30.21500015258789,6582800,31.385000228881836,30.985000610351562,24.709888458251953
14-04-2009,30.125,30.920000076293945,7166800,31.295000076293945,30.260000228881836,24.188308715820312
15-04-2009,29.225000381469727,30.0,6477000,30.774999618530273,29.6200008392334,23.676727294921875
16-04-2009,28.700000762939453,30.100000381469727,7110000,30.149999618530273,29.290000915527344,23.412944793701172
17-04-2009,28.665000915527344,28.899999618530273,8545000,30.334999084472656,30.040000915527344,24.012460708618164
20-04-2009,27.924999237060547,29.260000228881836,6878800,29.350000381469727,27.985000610351562,22.369794845581055
21-04-2009,27.43000030517578,27.799999237060547,6935400,28.520000457763672,28.454999923706055,22.745485305786133
22-04-2009,27.8700008392334,28.3700008392334,6562000,28.899999618530273,28.18000030517578,22.525667190551758
23-04-2009,28.3700008392334,28.5,9707600,30.200000762939453,30.059999465942383,24.028444290161133
24-04-2009,30.84000015258789,31.299999237060547,10178800,32.08000183105469,31.584999084472656,25.247451782226562
27-04-2009,30.229999542236328,30.729999542236328,5578600,31.5049991607666,31.209999084472656,24.947694778442383
28-04-2009,30.565000534057617,30.770000457763672,7324600,32.0,31.69499969482422,25.335378646850586
29-04-2009,31.610000610351562,31.68000030517578,7498600,33.46500015258789,32.869998931884766,26.274612426757812
30-04-2009,31.239999771118164,33.03499984741211,8086200,33.31999969482422,31.739999771118164,25.3713436126709
01-05-2009,31.639999389648438,31.7549991607666,7522000,33.32500076293945,33.040000915527344,26.410497665405273
04-05-2009,33.13999938964844,33.154998779296875,9372200,36.08000183105469,36.02000045776367,28.792566299438477
05-05-2009,34.505001068115234,35.849998474121094,7643600,36.1150016784668,35.505001068115234,28.38089942932129
06-05-2009,36.13999938964844,36.43000030517578,13852800,38.82500076293945,38.76499938964844,30.986783981323242
07-05-2009,36.22999954223633,38.915000915527344,13761800,39.560001373291016,36.7599983215332,29.38408088684082
08-05-2009,37.16999816894531,37.44499969482422,8698800,38.78499984741211,38.435001373291016,30.72300148010254
11-05-2009,36.435001373291016,37.665000915527344,7374200,37.744998931884766,36.8650016784668,29.468015670776367
12-05-2009,35.47999954223633,37.47999954223633,8695800,37.48500061035156,36.625,29.276166915893555
13-05-2009,34.59000015258789,35.650001525878906,6814000,36.290000915527344,35.15999984741211,28.105121612548828
14-05-2009,34.59000015258789,35.15999984741211,4898800,35.96500015258789,35.68000030517578,28.52079200744629
15-05-2009,33.75,35.459999084472656,7274200,35.904998779296875,34.125,27.277799606323242
18-05-2009,34.57500076293945,34.57500076293945,6765600,35.98500061035156,35.525001525878906,28.396888732910156
19-05-2009,35.375,35.595001220703125,5420800,36.55500030517578,36.0099983215332,28.784568786621094
20-05-2009,36.09000015258789,36.380001068115234,5443400,37.40999984741211,36.220001220703125,28.952434539794922
21-05-2009,34.415000915527344,35.63999938964844,6644200,35.63999938964844,34.875,27.877304077148438
22-05-2009,34.47999954223633,35.14500045776367,3597200,35.3650016784668,34.595001220703125,27.65349006652832
26-05-2009,32.7400016784668,33.119998931884766,7306000,34.7400016784668,34.6349983215332,27.685457229614258
27-05-2009,33.94499969482422,34.73500061035156,8435600,35.17499923706055,34.1349983215332,27.28579330444336
28-05-2009,34.38999938964844,34.560001373291016,9063200,36.78499984741211,36.30500030517578,29.0203800201416
29-05-2009,36.07500076293945,36.73500061035156,5954600,36.94499969482422,36.595001220703125,29.252197265625
01-06-2009,37.3650016784668,37.369998931884766,6546200,38.72999954223633,38.36000061035156,30.66305160522461
02-06-2009,37.040000915527344,38.0,8430800,38.275001525878906,38.10499954223633,30.459209442138672
03-06-2009,35.63999938964844,37.415000915527344,7541000,37.415000915527344,36.28499984741211,29.004392623901367
04-06-2009,35.869998931884766,36.75,7055400,37.119998931884766,36.60499954223633,29.260190963745117
05-06-2009,36.1349983215332,37.244998931884766,8279400,37.41999816894531,36.755001068115234,29.380094528198242
08-06-2009,35.8849983215332,35.8849983215332,6744000,37.04999923706055,36.849998474121094,29.456012725830078
09-06-2009,36.7400016784668,37.064998626708984,6586000,37.77000045776367,37.32500076293945,29.835723876953125
10-06-2009,36.779998779296875,37.779998779296875,7300000,37.849998474121094,37.625,30.075517654418945
11-06-2009,37.57500076293945,37.744998931884766,8208200,39.255001068115234,38.54499816894531,30.81092071533203
12-06-2009,37.79499816894531,38.26499938964844,5926800,38.880001068115234,38.810001373291016,31.022747039794922
15-06-2009,37.23500061035156,38.1150016784668,8599400,38.71500015258789,38.125,30.475196838378906
16-06-2009,36.619998931884766,38.40999984741211,6918000,38.5,36.93000030517578,29.519962310791016
17-06-2009,35.849998474121094,37.040000915527344,5639400,37.27000045776367,36.625,29.276166915893555
18-06-2009,35.810001373291016,36.61000061035156,5251800,37.04999923706055,36.04999923706055,28.816545486450195
19-06-2009,34.60499954223633,36.439998626708984,13339800,36.439998626708984,34.959999084472656,27.945262908935547
22-06-2009,33.2599983215332,34.42499923706055,10640200,34.42499923706055,33.7400016784668,26.970048904418945
23-06-2009,32.849998474121094,33.875,9419600,33.875,33.64500045776367,26.894119262695312
24-06-2009,33.349998474121094,33.755001068115234,8624200,34.1349983215332,33.65999984741211,26.90609359741211
25-06-2009,33.68000030517578,33.810001373291016,7332800,34.5,34.314998626708984,27.4296817779541
26-06-2009,33.75,34.154998779296875,11535000,34.595001220703125,33.779998779296875,27.002017974853516
29-06-2009,33.3650016784668,33.95500183105469,8477600,34.3849983215332,33.47999954223633,26.762210845947266
30-06-2009,33.22999954223633,33.3849983215332,9122000,34.25,33.959999084472656,27.145893096923828
01-07-2009,33.474998474121094,34.369998931884766,7271800,34.875,33.52000045776367,26.7941951751709
02-07-2009,31.915000915527344,32.82500076293945,7092800,32.88999938964844,32.1150016784668,25.671112060546875
06-07-2009,30.739999771118164,31.049999237060547,8720200,31.454999923706055,31.315000534057617,25.031627655029297
07-07-2009,30.225000381469727,31.395000457763672,9202400,31.395000457763672,30.290000915527344,24.21230125427246
08-07-2009,30.145000457763672,30.31999969482422,10427800,31.15999984741211,30.885000228881836,24.687910079956055
09-07-2009,30.69499969482422,31.145000457763672,8203400,31.5,31.309999465942383,25.027629852294922
10-07-2009,30.489999771118164,30.770000457763672,6375600,31.475000381469727,31.25,24.979671478271484
13-07-2009,30.68000030517578,31.225000381469727,6019200,31.920000076293945,31.915000915527344,25.51123046875
14-07-2009,31.809999465942383,32.26499938964844,5728200,32.53499984741211,32.334999084472656,25.846954345703125
15-07-2009,32.529998779296875,32.685001373291016,7921000,33.400001525878906,33.2400016784668,26.630077362060547
16-07-2009,32.900001525878906,32.939998626708984,7233400,34.86000061035156,34.625,27.73967170715332
17-07-2009,34.17499923706055,34.31999969482422,5798400,35.21500015258789,34.79499816894531,27.875864028930664
20-07-2009,35.22999954223633,35.22999954223633,6352800,36.22999954223633,36.150001525878906,28.96141242980957
21-07-2009,35.540000915527344,36.56999969482422,4380000,36.685001373291016,36.29499816894531,29.07758331298828
22-07-2009,35.51499938964844,36.10499954223633,5029000,36.25,35.70000076293945,28.600902557373047
23-07-2009,35.60499954223633,35.70000076293945,5734400,36.994998931884766,36.904998779296875,29.566282272338867
24-07-2009,36.654998779296875,36.755001068115234,4281200,37.3849983215332,37.345001220703125,29.91877555847168
27-07-2009,37.0,37.42499923706055,5069400,37.47999954223633,37.150001525878906,29.7625732421875
28-07-2009,35.7599983215332,36.665000915527344,4418800,37.07500076293945,36.720001220703125,29.418073654174805
29-07-2009,35.05500030517578,36.154998779296875,4426800,36.154998779296875,35.45000076293945,28.400609970092773
30-07-2009,35.45000076293945,36.224998474121094,6087000,36.83000183105469,36.45000076293945,29.201765060424805
31-07-2009,35.93000030517578,36.224998474121094,5011600,37.474998474121094,37.01499938964844,29.65440559387207
03-08-2009,37.599998474121094,37.599998474121094,5601000,38.845001220703125,38.32500076293945,30.70390510559082
04-08-2009,37.6150016784668,38.040000915527344,5036000,38.755001068115234,38.724998474121094,31.024364471435547
05-08-2009,38.064998626708984,38.77000045776367,6135200,39.064998626708984,39.0099983215332,31.2526912689209
06-08-2009,38.48500061035156,39.39500045776367,5700800,39.80500030517578,39.11000061035156,31.332815170288086
07-08-2009,37.255001068115234,39.29499816894531,8959400,39.82500076293945,37.3650016784668,29.934814453125
10-08-2009,37.310001373291016,37.310001373291016,6453600,38.4900016784668,38.099998474121094,30.52365493774414
11-08-2009,36.82500076293945,37.845001220703125,4027000,37.98500061035156,36.880001068115234,29.54625701904297
12-08-2009,36.67499923706055,36.67499923706055,4152600,37.529998779296875,37.095001220703125,29.718502044677734
13-08-2009,37.130001068115234,37.13999938964844,3543800,37.880001068115234,37.78499984741211,30.271291732788086
14-08-2009,36.95000076293945,37.79499816894531,4664000,37.89500045776367,37.345001220703125,29.91877555847168
17-08-2009,35.5099983215332,36.66999816894531,4109400,36.66999816894531,35.91999816894531,28.77715301513672
18-08-2009,35.619998931884766,35.88999938964844,3303400,36.39500045776367,36.165000915527344,28.973438262939453
19-08-2009,35.54499816894531,35.880001068115234,3680600,37.28499984741211,36.90999984741211,29.570283889770508
20-08-2009,36.69499969482422,36.939998626708984,4555200,37.400001525878906,36.779998779296875,29.466129302978516
21-08-2009,37.06999969482422,37.07500076293945,4360600,38.16999816894531,37.89500045776367,30.35942840576172
24-08-2009,37.665000915527344,38.279998779296875,2730600,38.459999084472656,37.915000915527344,30.375438690185547
25-08-2009,37.099998474121094,38.084999084472656,3813600,38.435001373291016,37.20500183105469,29.806625366210938
26-08-2009,36.32500076293945,36.875,3605600,37.1349983215332,36.9900016784668,29.63438606262207
27-08-2009,35.98500061035156,36.625,5235600,36.82500076293945,36.47999954223633,29.225788116455078
28-08-2009,36.2400016784668,36.95000076293945,3265400,37.20500183105469,36.625,29.341962814331055
31-08-2009,35.57500076293945,35.875,3691800,36.05500030517578,36.0,28.84125518798828
01-09-2009,35.154998779296875,35.869998931884766,5049800,36.43000030517578,35.310001373291016,28.28845977783203
02-09-2009,34.91999816894531,35.32500076293945,4771200,35.494998931884766,34.959999084472656,28.008058547973633
03-09-2009,34.71500015258789,35.39500045776367,4554000,35.39500045776367,34.880001068115234,27.9439640045166
04-09-2009,34.314998626708984,34.724998474121094,4632600,35.314998626708984,35.23500061035156,28.228370666503906
08-09-2009,36.125,36.2400016784668,9507400,37.22999954223633,36.81999969482422,29.49817657470703
09-09-2009,36.44499969482422,36.90999984741211,5030000,37.505001068115234,37.220001220703125,29.81864356994629
10-09-2009,36.939998626708984,37.22999954223633,5844600,38.5,38.40999984741211,30.771997451782227
11-09-2009,37.790000915527344,38.59000015258789,6904600,39.150001525878906,37.974998474121094,30.423503875732422
14-09-2009,37.439998626708984,37.6150016784668,4197000,38.61000061035156,38.54499816894531,30.880165100097656
15-09-2009,38.685001373291016,38.790000915527344,6961800,40.084999084472656,39.93000030517578,31.98974609375
16-09-2009,39.880001068115234,40.2599983215332,6368200,41.63999938964844,41.6150016784668,33.33968734741211
17-09-2009,40.970001220703125,41.52000045776367,6729400,42.13999938964844,41.28499984741211,33.0753059387207
18-09-2009,40.41999816894531,41.55500030517578,4478800,41.619998931884766,40.93000030517578,32.7908821105957
21-09-2009,39.755001068115234,40.154998779296875,4089000,40.7400016784668,40.63999938964844,32.558570861816406
22-09-2009,41.01499938964844,41.20500183105469,5682400,42.21500015258789,42.01499938964844,33.660133361816406
23-09-2009,41.03499984741211,42.01499938964844,5024600,42.20500183105469,41.10499954223633,32.93109130859375
24-09-2009,39.32500076293945,41.025001525878906,5906400,41.1349983215332,40.025001525878906,32.065853118896484
25-09-2009,39.22999954223633,39.93000030517578,4390400,40.5,39.470001220703125,31.621227264404297
28-09-2009,39.435001373291016,39.67499923706055,2636800,40.10499954223633,40.064998626708984,32.09790802001953
29-09-2009,39.45500183105469,40.0,6419200,40.92499923706055,40.81999969482422,32.70276641845703
30-09-2009,40.63999938964844,41.15999984741211,9541600,42.18000030517578,41.755001068115234,33.451839447021484
01-10-2009,40.45500183105469,41.790000915527344,9274400,41.790000915527344,40.525001525878906,32.466426849365234
02-10-2009,39.685001373291016,39.8650016784668,7547800,40.650001525878906,40.380001068115234,32.35026168823242
05-10-2009,40.11000061035156,40.375,6430200,41.5,41.255001068115234,33.0512580871582
06-10-2009,41.43000030517578,41.82500076293945,5635600,42.34000015258789,42.290000915527344,33.88045120239258
07-10-2009,41.439998626708984,42.21500015258789,5369600,42.5,42.35499954223633,33.93251037597656
08-10-2009,42.45500183105469,42.619998931884766,9108600,44.95500183105469,44.845001220703125,35.927371978759766
09-10-2009,44.165000915527344,44.584999084472656,7444400,45.4900016784668,44.79999923706055,35.891319274902344
12-10-2009,45.029998779296875,45.529998779296875,5085200,45.845001220703125,45.290000915527344,36.283878326416016
13-10-2009,43.95000076293945,45.314998626708984,7242800,45.314998626708984,44.814998626708984,35.903350830078125
14-10-2009,44.875,45.5099983215332,5499600,45.82500076293945,45.720001220703125,36.687721252441406
15-10-2009,45.36000061035156,45.43000030517578,6246800,46.67499923706055,46.56999969482422,37.36979293823242
16-10-2009,45.76499938964844,46.459999084472656,4578000,46.654998779296875,46.404998779296875,37.2374153137207
19-10-2009,46.279998779296875,46.279998779296875,4714200,47.26499938964844,47.17499923706055,37.855281829833984
20-10-2009,46.54999923706055,47.2599983215332,5473600,47.5,47.20500183105469,37.87934875488281
21-10-2009,46.42499923706055,46.81999969482422,5750600,47.93000030517578,46.470001220703125,37.28955841064453
22-10-2009,44.6150016784668,45.29999923706055,6437400,45.814998626708984,45.724998474121094,36.691741943359375
23-10-2009,44.185001373291016,46.06999969482422,4673400,46.16999816894531,44.58000183105469,35.772945404052734
26-10-2009,43.27000045776367,44.66999816894531,5910800,45.779998779296875,43.43000030517578,34.85014343261719
27-10-2009,43.224998474121094,43.849998474121094,4341600,44.29499816894531,43.3849983215332,34.814022064208984
28-10-2009,41.935001373291016,43.040000915527344,6108200,43.404998779296875,42.1349983215332,33.81095504760742
29-10-2009,42.1349983215332,42.57500076293945,8279400,43.084999084472656,42.91999816894531,34.44089126586914
30-10-2009,40.439998626708984,42.904998779296875,6872600,42.904998779296875,40.83000183105469,32.763790130615234
02-11-2009,40.185001373291016,40.869998931884766,5542000,41.654998779296875,40.98500061035156,32.88817596435547
03-11-2009,40.334999084472656,40.57500076293945,4720200,41.71500015258789,41.5,33.301422119140625
04-11-2009,42.224998474121094,42.3650016784668,8613600,43.57500076293945,42.650001525878906,34.2242431640625
05-11-2009,42.15999984741211,42.91999816894531,6540600,44.02000045776367,44.01499938964844,35.31956100463867
06-11-2009,44.70000076293945,45.21500015258789,9251000,46.13999938964844,45.17499923706055,36.250389099121094
09-11-2009,45.005001068115234,45.005001068115234,6071000,46.290000915527344,46.20000076293945,37.072914123535156
10-11-2009,44.959999084472656,46.05500030517578,6099200,46.33000183105469,45.59000015258789,36.58340835571289
11-11-2009,44.95500183105469,45.97999954223633,6000000,46.2400016784668,45.125,36.21027755737305
12-11-2009,43.70000076293945,44.970001220703125,5889600,45.275001525878906,44.43000030517578,35.65260314941406
13-11-2009,44.029998779296875,44.334999084472656,5975400,44.95000076293945,44.25,35.50814437866211
16-11-2009,44.64500045776367,45.14500045776367,10138200,45.45000076293945,45.26499938964844,36.322635650634766
17-11-2009,44.375,45.064998626708984,3563200,45.08000183105469,44.9900016784668,36.10194778442383
18-11-2009,43.845001220703125,45.13999938964844,4376000,45.14500045776367,44.369998931884766,35.604434967041016
19-11-2009,42.8650016784668,43.9900016784668,5007400,43.9900016784668,43.459999084472656,34.87419891357422
20-11-2009,42.595001220703125,43.1349983215332,6437800,43.3650016784668,43.23500061035156,34.69364547729492
23-11-2009,43.8849983215332,44.150001525878906,5365600,44.7400016784668,44.09000015258789,35.379737854003906
24-11-2009,43.505001068115234,44.18000030517578,6292800,44.36000061035156,44.275001525878906,35.5282096862793
25-11-2009,43.95500183105469,44.35499954223633,4273200,45.029998779296875,44.85499954223633,35.99361801147461
27-11-2009,42.70000076293945,43.20500183105469,1805000,43.90999984741211,43.6150016784668,34.998592376708984
30-11-2009,42.7400016784668,43.099998474121094,5814000,43.79499816894531,43.244998931884766,34.701690673828125
01-12-2009,43.71500015258789,43.80500030517578,4465000,44.71500015258789,44.14500045776367,35.42387390136719
02-12-2009,43.279998779296875,44.06999969482422,2879000,44.32500076293945,43.54499816894531,34.942420959472656
03-12-2009,43.09000015258789,43.48500061035156,6497800,43.95000076293945,43.43000030517578,34.85014343261719
04-12-2009,42.845001220703125,44.1150016784668,6688200,45.1150016784668,43.53499984741211,34.93439865112305
07-12-2009,43.02000045776367,43.38999938964844,4416600,44.415000915527344,43.6349983215332,35.0146369934082
08-12-2009,42.474998474121094,43.415000915527344,4475000,43.45500183105469,42.625,34.204166412353516
09-12-2009,42.0,42.869998931884766,4546600,43.22999954223633,42.845001220703125,34.38071823120117
10-12-2009,42.79499816894531,42.79999923706055,4778000,43.76499938964844,43.334999084472656,34.773895263671875
11-12-2009,42.93000030517578,43.505001068115234,4262400,43.685001373291016,43.025001525878906,34.52513885498047
14-12-2009,44.95000076293945,45.084999084472656,13261600,45.94499969482422,45.19499969482422,36.266448974609375
15-12-2009,45.005001068115234,45.005001068115234,8194800,46.03499984741211,45.900001525878906,36.83218002319336
16-12-2009,46.005001068115234,46.1150016784668,5722600,47.15999984741211,46.654998779296875,37.43801498413086
17-12-2009,45.720001220703125,46.60499954223633,5029600,47.314998626708984,46.26499938964844,37.12506103515625
18-12-2009,46.125,46.7599983215332,5674800,47.04999923706055,46.474998474121094,37.293582916259766
21-12-2009,46.915000915527344,46.915000915527344,4467400,47.619998931884766,47.345001220703125,37.99169921875
22-12-2009,47.505001068115234,47.78499984741211,4480200,48.97999954223633,48.8849983215332,39.227474212646484
23-12-2009,48.84000015258789,48.89500045776367,5675000,49.970001220703125,49.94499969482422,40.078067779541016
24-12-2009,49.7599983215332,49.9900016784668,2039200,50.724998474121094,50.290000915527344,40.35490036010742
28-12-2009,49.76499938964844,50.880001068115234,3003200,50.880001068115234,49.96500015258789,40.0941162109375
29-12-2009,49.209999084472656,50.084999084472656,3954800,50.36000061035156,49.6349983215332,39.82930374145508
30-12-2009,49.220001220703125,49.63999938964844,2169800,49.85499954223633,49.404998779296875,39.644744873046875
31-12-2009,48.650001525878906,49.40999984741211,1999400,49.875,48.650001525878906,39.03889083862305
04-01-2010,49.619998931884766,49.67499923706055,4110000,50.220001220703125,50.189998626708984,40.27466583251953
05-01-2010,48.89500045776367,49.505001068115234,4450000,50.0,49.57500076293945,39.78115463256836
06-01-2010,48.834999084472656,49.41999816894531,3650400,49.845001220703125,49.7400016784668,39.9135627746582
07-01-2010,48.720001220703125,49.44499969482422,4496800,49.525001525878906,49.275001525878906,39.54042053222656
08-01-2010,48.14500045776367,48.8650016784668,5911400,49.64500045776367,49.525001525878906,39.74103927612305
11-01-2010,48.5099983215332,49.790000915527344,3030800,49.904998779296875,49.06999969482422,39.37592697143555
12-01-2010,47.58000183105469,47.880001068115234,4477000,48.54999923706055,47.709999084472656,38.28459548950195
13-01-2010,47.025001525878906,47.59000015258789,4303600,49.08000183105469,48.880001068115234,39.28315353393555
14-01-2010,48.724998474121094,48.84000015258789,3175800,49.35499954223633,49.0,39.37959289550781
15-01-2010,48.345001220703125,49.0,5931000,49.44499969482422,48.435001373291016,38.9255256652832
19-01-2010,48.03499984741211,48.15999984741211,4412200,48.79499816894531,48.67499923706055,39.118408203125
20-01-2010,47.625,47.90999984741211,4049600,48.26499938964844,48.165000915527344,38.708526611328125
21-01-2010,47.650001525878906,48.28499984741211,6386400,48.78499984741211,48.29499816894531,38.813011169433594
22-01-2010,46.8849983215332,48.1349983215332,5838200,48.595001220703125,47.025001525878906,37.792354583740234
25-01-2010,47.310001373291016,47.43000030517578,2796400,48.06999969482422,47.48500061035156,38.16202926635742
26-01-2010,46.220001220703125,46.97999954223633,3936800,47.53499984741211,46.56999969482422,37.42668914794922
27-01-2010,45.04999923706055,46.1150016784668,6554400,46.90999984741211,46.19499969482422,37.12531280517578
28-01-2010,44.78499984741211,46.505001068115234,5442800,46.66999816894531,45.755001068115234,36.771705627441406
29-01-2010,44.685001373291016,45.8849983215332,6351400,47.01499938964844,45.209999084472656,36.33369827270508
01-02-2010,45.625,45.630001068115234,4456800,47.83000183105469,47.775001525878906,38.39509963989258
02-02-2010,47.130001068115234,47.91999816894531,3776200,48.61000061035156,48.51499938964844,38.989810943603516
03-02-2010,48.029998779296875,48.08000183105469,4281200,49.11000061035156,48.599998474121094,39.058128356933594
04-02-2010,46.38999938964844,47.8849983215332,4853200,48.02000045776367,46.45000076293945,37.33025360107422
05-02-2010,45.0099983215332,46.45000076293945,5978600,46.689998626708984,46.43000030517578,37.31416320800781
08-02-2010,45.44499969482422,46.27000045776367,4260600,46.875,45.790000915527344,36.79983139038086
09-02-2010,46.189998626708984,46.51499938964844,5327800,47.650001525878906,47.27000045776367,37.989253997802734
10-02-2010,43.38999938964844,45.314998626708984,15979600,45.494998931884766,44.119998931884766,35.45770263671875
11-02-2010,43.8849983215332,43.959999084472656,7156400,45.57500076293945,45.529998779296875,36.59088134765625
12-02-2010,44.29999923706055,44.7400016784668,5837000,45.619998931884766,45.4900016784668,36.5587272644043
16-02-2010,46.1349983215332,46.32500076293945,5396400,46.935001373291016,46.40999984741211,37.298099517822266
17-02-2010,46.095001220703125,46.54999923706055,4310600,46.6349983215332,46.43000030517578,37.31416320800781
18-02-2010,46.05500030517578,46.209999084472656,4983600,47.40999984741211,47.16999816894531,37.908878326416016
19-02-2010,46.494998931884766,46.935001373291016,3841200,47.52000045776367,47.31999969482422,38.02944564819336
22-02-2010,45.900001525878906,47.61000061035156,3793400,47.61000061035156,46.05500030517578,37.01279830932617
23-02-2010,44.79999923706055,45.70000076293945,4300000,45.974998474121094,44.95500183105469,36.12874984741211
24-02-2010,45.40999984741211,45.70500183105469,5405400,46.4900016784668,46.34000015258789,37.24184036254883
25-02-2010,44.974998474121094,45.33000183105469,3998800,46.665000915527344,46.61000061035156,37.458824157714844
26-02-2010,46.20000076293945,46.77000045776367,3510200,47.189998626708984,47.025001525878906,37.792354583740234
01-03-2010,47.1150016784668,47.23500061035156,4078400,47.775001525878906,47.32500076293945,38.033451080322266
02-03-2010,47.2599983215332,47.58000183105469,3815600,48.04499816894531,47.415000915527344,38.10577392578125
03-03-2010,47.38999938964844,47.72999954223633,4738600,48.15999984741211,47.90999984741211,38.50358581542969
04-03-2010,47.415000915527344,48.02000045776367,4888800,48.470001220703125,47.599998474121094,38.25446319580078
05-03-2010,47.630001068115234,47.974998474121094,5520200,48.73500061035156,48.689998626708984,39.13044738769531
08-03-2010,48.5,48.56999969482422,4479800,49.11000061035156,48.685001373291016,39.126441955566406
09-03-2010,48.2599983215332,48.2599983215332,5116800,49.63999938964844,49.025001525878906,39.39967346191406
10-03-2010,48.709999084472656,48.94499969482422,4033400,49.689998626708984,49.41999816894531,39.717132568359375
11-03-2010,48.689998626708984,49.310001373291016,4580200,49.595001220703125,48.88999938964844,39.29119873046875
12-03-2010,48.53499984741211,49.41999816894531,2114400,49.46500015258789,48.790000915527344,39.2108154296875
15-03-2010,47.68000030517578,48.65999984741211,3561600,48.744998931884766,48.44499969482422,38.933555603027344
16-03-2010,47.98500061035156,48.744998931884766,3621600,48.744998931884766,48.2400016784668,38.76880645751953
17-03-2010,47.625,48.3849983215332,5742400,48.77000045776367,47.904998779296875,38.49958038330078
18-03-2010,46.17499923706055,48.025001525878906,6340200,48.19499969482422,46.63999938964844,37.48295593261719
19-03-2010,45.16999816894531,45.849998474121094,8416400,47.18000030517578,45.849998474121094,36.848045349121094
22-03-2010,44.79499816894531,45.380001068115234,6130600,46.314998626708984,45.75,36.76767349243164
23-03-2010,45.755001068115234,45.8650016784668,5594800,47.125,47.06999969482422,37.82851791381836
24-03-2010,46.04999923706055,46.57500076293945,4117800,47.224998474121094,46.28499984741211,37.19763946533203
25-03-2010,44.560001373291016,46.64500045776367,6803200,46.95500183105469,44.709999084472656,35.93186569213867
26-03-2010,43.76499938964844,44.834999084472656,7181600,44.834999084472656,44.79499816894531,36.000186920166016
29-03-2010,45.779998779296875,45.80500030517578,6187800,46.54499816894531,46.47999954223633,37.3543586730957
30-03-2010,46.11000061035156,46.459999084472656,4418600,46.845001220703125,46.66999816894531,37.507057189941406
31-03-2010,46.34000015258789,46.75,6341600,47.005001068115234,46.470001220703125,37.346317291259766
01-04-2010,47.005001068115234,47.01499938964844,4849800,47.80500030517578,47.790000915527344,38.407161712646484
05-04-2010,47.79999923706055,48.08000183105469,6428200,49.064998626708984,48.8849983215332,39.28717041015625
06-04-2010,48.54999923706055,48.80500030517578,5366400,49.30500030517578,48.689998626708984,39.13044738769531
07-04-2010,49.939998626708984,50.209999084472656,16481200,52.619998931884766,51.869998931884766,41.68611526489258
08-04-2010,51.869998931884766,51.96500015258789,14024400,53.88999938964844,53.47999954223633,42.98001480102539
09-04-2010,52.334999084472656,53.665000915527344,6304000,54.095001220703125,52.3849983215332,42.09999084472656
12-04-2010,51.95500183105469,52.290000915527344,6823200,53.650001525878906,53.59000015258789,43.06840515136719
13-04-2010,52.584999084472656,53.47999954223633,7185800,54.20000076293945,53.689998626708984,43.14877700805664
14-04-2010,53.654998779296875,54.415000915527344,5541000,54.720001220703125,54.64500045776367,43.97977828979492
15-04-2010,54.349998474121094,54.689998626708984,4230800,55.474998474121094,55.25,44.466697692871094
16-04-2010,53.650001525878906,54.779998779296875,6579000,55.18000030517578,53.73500061035156,43.24737548828125
19-04-2010,53.150001525878906,53.22999954223633,5201600,54.20000076293945,53.994998931884766,43.45661926269531
20-04-2010,54.439998626708984,54.439998626708984,5422800,55.834999084472656,55.755001068115234,44.873104095458984
21-04-2010,55.224998474121094,55.654998779296875,3977000,56.11000061035156,55.935001373291016,45.01799011230469
22-04-2010,54.93000030517578,55.48500061035156,4489400,56.61000061035156,56.505001068115234,45.47673797607422
23-04-2010,55.53499984741211,56.07500076293945,5312800,56.93000030517578,56.86000061035156,45.76245880126953
26-04-2010,56.07500076293945,56.974998474121094,4169200,57.290000915527344,56.2400016784668,45.26346206665039
27-04-2010,54.17499923706055,56.025001525878906,4669200,56.52000045776367,54.314998626708984,43.71416473388672
28-04-2010,54.03499984741211,54.69499969482422,4351200,55.19499969482422,54.709999084472656,44.032073974609375
29-04-2010,54.595001220703125,55.095001220703125,4683200,55.80500030517578,55.630001068115234,44.772525787353516
30-04-2010,55.279998779296875,55.77000045776367,7072200,57.474998474121094,56.060001373291016,45.118595123291016
03-05-2010,55.52000045776367,56.40999984741211,5917000,57.45000076293945,56.779998779296875,45.698055267333984
04-05-2010,52.71500015258789,54.67499923706055,8399000,55.27000045776367,55.119998931884766,44.3620491027832
05-05-2010,52.1349983215332,54.0,6750800,54.470001220703125,52.584999084472656,42.32181167602539
06-05-2010,48.28499984741211,52.20000076293945,9517000,52.73500061035156,51.185001373291016,41.19504928588867
07-05-2010,49.46500015258789,50.90999984741211,7443600,52.279998779296875,50.41999816894531,40.57937240600586
10-05-2010,50.78499984741211,51.334999084472656,6382800,53.8849983215332,53.244998931884766,42.852996826171875
11-05-2010,51.92499923706055,52.4900016784668,7709400,52.70500183105469,52.369998931884766,42.14877700805664
12-05-2010,52.5,52.5,6906000,54.369998931884766,54.189998626708984,43.61355972290039
13-05-2010,53.79999923706055,54.05500030517578,5214200,55.05500030517578,54.040000915527344,43.49283218383789
14-05-2010,51.70500183105469,53.470001220703125,3996000,53.810001373291016,53.04499816894531,42.692047119140625
17-05-2010,50.47999954223633,53.08000183105469,6259200,53.64500045776367,51.6150016784668,41.54112243652344
18-05-2010,51.23500061035156,52.494998931884766,5912000,52.959999084472656,51.41999816894531,41.38420104980469
19-05-2010,49.79499816894531,51.2599983215332,5389000,52.1150016784668,51.1150016784668,41.13871765136719
20-05-2010,48.01499938964844,49.81999969482422,5676600,49.88999938964844,48.14500045776367,38.74837875366211
21-05-2010,46.63999938964844,47.189998626708984,8270400,50.33000183105469,50.29499816894531,40.47875213623047
24-05-2010,48.630001068115234,49.814998626708984,5724600,50.53499984741211,48.68000030517578,39.17898178100586
25-05-2010,46.71500015258789,46.75,6507000,49.46500015258789,49.35499954223633,39.722232818603516
26-05-2010,49.70000076293945,50.0099983215332,6588600,50.94499969482422,49.869998931884766,40.1367301940918
27-05-2010,50.724998474121094,50.98500061035156,8044200,53.36000061035156,53.255001068115234,42.861053466796875
28-05-2010,51.92499923706055,53.01499938964844,6427400,53.78499984741211,52.41999816894531,42.18901824951172
01-06-2010,50.29499816894531,51.79499816894531,6682200,52.494998931884766,50.415000915527344,40.57534408569336
02-06-2010,50.435001373291016,51.04999923706055,8104600,53.900001525878906,53.875,43.36004638671875
03-06-2010,52.560001373291016,53.73500061035156,7268000,54.95500183105469,54.8650016784668,44.156829833984375
04-06-2010,50.96500015258789,53.900001525878906,12639600,55.29499816894531,51.494998931884766,41.444549560546875
07-06-2010,49.689998626708984,51.779998779296875,10243600,53.099998474121094,50.56999969482422,40.70009231567383
08-06-2010,50.54999923706055,51.255001068115234,8279400,52.89500045776367,52.68000030517578,42.398277282714844
09-06-2010,51.54499816894531,53.09000015258789,6417000,54.27000045776367,51.904998779296875,41.77454376220703
10-06-2010,52.90999984741211,52.90999984741211,6913000,54.435001373291016,54.3849983215332,43.77050018310547
11-06-2010,53.474998474121094,53.994998931884766,4579000,54.95500183105469,54.93000030517578,44.209129333496094
14-06-2010,54.31999969482422,55.470001220703125,6218800,56.08000183105469,54.474998474121094,43.84294891357422
15-06-2010,54.42499923706055,55.30500030517578,6059200,55.51499938964844,55.18000030517578,44.410343170166016
16-06-2010,54.3650016784668,54.720001220703125,3497000,55.709999084472656,55.19499969482422,44.422420501708984
17-06-2010,54.2599983215332,55.209999084472656,5131000,55.56999969482422,55.029998779296875,44.289615631103516
18-06-2010,54.4900016784668,55.0,6053600,55.275001525878906,55.11000061035156,44.35400390625
21-06-2010,54.7599983215332,56.0,6072000,56.95000076293945,55.30500030517578,44.51095962524414
22-06-2010,52.904998779296875,55.30500030517578,6003800,55.67499923706055,53.224998474121094,42.8369140625
23-06-2010,52.630001068115234,53.28499984741211,5380000,53.959999084472656,53.41999816894531,42.99384689331055
24-06-2010,51.9900016784668,52.90999984741211,5616200,54.11000061035156,52.29499816894531,42.08842468261719
25-06-2010,52.30500030517578,53.119998931884766,14346000,54.98500061035156,54.88999938964844,44.17694091796875
28-06-2010,52.470001220703125,54.470001220703125,6190600,54.78499984741211,52.709999084472656,42.422420501708984
29-06-2010,49.76499938964844,51.665000915527344,8280600,51.880001068115234,50.119998931884766,40.337921142578125
30-06-2010,49.025001525878906,50.130001068115234,7370200,50.67499923706055,49.185001373291016,39.585411071777344
01-07-2010,47.88999938964844,49.2599983215332,6529800,49.9900016784668,49.540000915527344,39.87113571166992
02-07-2010,48.78499984741211,49.345001220703125,5203200,50.32500076293945,49.16999816894531,39.57332992553711
06-07-2010,49.3849983215332,50.16999816894531,5190000,51.349998474121094,49.92499923706055,40.180965423583984
07-07-2010,49.6150016784668,50.060001373291016,5457800,51.90999984741211,51.900001525878906,41.77051544189453
08-07-2010,51.875,52.439998626708984,7048200,53.400001525878906,53.11000061035156,42.744346618652344
09-07-2010,52.125,52.94499969482422,3729800,53.44499969482422,52.78499984741211,42.4827880859375
12-07-2010,52.34000015258789,52.650001525878906,3225400,53.29999923706055,52.77000045776367,42.47072219848633
13-07-2010,53.255001068115234,53.494998931884766,5246600,54.15999984741211,53.404998779296875,42.98177719116211
14-07-2010,52.58000183105469,53.05500030517578,4206400,54.23500061035156,53.31999969482422,42.9757194519043
15-07-2010,51.96500015258789,53.5,4244400,53.5,53.095001220703125,42.79437255859375
16-07-2010,50.564998626708984,52.560001373291016,6213400,52.76499938964844,51.13999938964844,41.218650817871094
19-07-2010,50.334999084472656,51.34000015258789,4603600,51.7599983215332,51.005001068115234,41.10985565185547
20-07-2010,50.005001068115234,50.2400016784668,5762800,52.244998931884766,52.07500076293945,41.972267150878906
21-07-2010,50.76499938964844,52.26499938964844,4824000,52.31999969482422,51.209999084472656,41.27507019042969
22-07-2010,51.3849983215332,51.92499923706055,4220600,52.369998931884766,51.599998474121094,41.58941650390625
23-07-2010,50.29499816894531,51.39500045776367,4672200,51.60499954223633,51.165000915527344,41.23879623413086
26-07-2010,51.10499954223633,51.10499954223633,3420200,52.209999084472656,51.86000061035156,41.79899215698242
27-07-2010,49.55500030517578,51.93000030517578,6075000,51.970001220703125,50.279998779296875,40.52549362182617
28-07-2010,50.0099983215332,50.46500015258789,3330600,50.93000030517578,50.279998779296875,40.52549362182617
29-07-2010,49.73500061035156,50.8650016784668,3649600,51.0099983215332,50.290000915527344,40.5335693359375
30-07-2010,48.56999969482422,49.790000915527344,7647800,50.4900016784668,48.75,39.29233169555664
02-08-2010,49.529998779296875,49.654998779296875,5238800,51.42499923706055,51.255001068115234,41.31136703491211
03-08-2010,50.599998474121094,51.150001525878906,4207400,51.42499923706055,50.849998474121094,40.984928131103516
04-08-2010,50.7599983215332,51.029998779296875,3199200,51.875,51.5,41.508827209472656
05-08-2010,50.560001373291016,51.125,3536800,51.45000076293945,51.220001220703125,41.28313446044922
06-08-2010,47.625,48.224998474121094,13765000,49.8650016784668,49.630001068115234,40.00161361694336
09-08-2010,49.05500030517578,50.084999084472656,5257200,50.29999923706055,49.970001220703125,40.27565002441406
10-08-2010,49.244998931884766,49.400001525878906,9591400,50.70500183105469,50.349998474121094,40.58191680908203
11-08-2010,48.3650016784668,49.29499816894531,4957600,49.59000015258789,48.57500076293945,39.151275634765625
12-08-2010,47.51499938964844,47.69499969482422,5922400,48.93000030517578,47.68000030517578,38.42991256713867
13-08-2010,46.85499954223633,47.654998779296875,8137600,47.96500015258789,47.084999084472656,37.950347900390625
16-08-2010,46.05500030517578,46.744998931884766,5392600,47.095001220703125,47.04499816894531,37.91810989379883
17-08-2010,46.89500045776367,47.53499984741211,4893600,47.79999923706055,47.58000183105469,38.34931182861328
18-08-2010,45.97999954223633,47.3849983215332,6057200,47.5,46.67499923706055,37.619895935058594
19-08-2010,45.560001373291016,46.494998931884766,5907400,46.79499816894531,45.7599983215332,36.88239288330078
20-08-2010,45.21500015258789,45.630001068115234,5652400,45.849998474121094,45.709999084472656,36.842105865478516
23-08-2010,45.69499969482422,45.814998626708984,3983200,46.474998474121094,45.8650016784668,36.96701431274414
24-08-2010,43.77000045776367,45.150001525878906,7086000,45.2400016784668,44.30500030517578,35.70967102050781
25-08-2010,42.709999084472656,43.95500183105469,7512000,43.9900016784668,43.72999954223633,35.246219635009766
26-08-2010,43.09000015258789,44.040000915527344,4585600,44.5099983215332,43.310001373291016,34.90770721435547
27-08-2010,42.900001525878906,43.775001525878906,4313000,44.80500030517578,44.70000076293945,36.028045654296875
30-08-2010,43.76499938964844,44.619998931884766,4549800,44.96500015258789,43.779998779296875,35.286529541015625
31-08-2010,42.95500183105469,43.57500076293945,5759200,44.15999984741211,43.435001373291016,35.00846481323242
01-09-2010,43.64500045776367,44.13999938964844,6198200,45.029998779296875,44.970001220703125,36.24565887451172
02-09-2010,44.220001220703125,45.040000915527344,3262400,45.040000915527344,44.744998931884766,36.06432342529297
03-09-2010,44.89500045776367,45.165000915527344,4177800,45.689998626708984,45.165000915527344,36.40282440185547
07-09-2010,44.16999816894531,44.630001068115234,4334400,44.94499969482422,44.35499954223633,35.749977111816406
08-09-2010,44.36000061035156,44.36000061035156,4197200,45.314998626708984,45.1349983215332,36.378662109375
09-09-2010,44.2599983215332,45.720001220703125,3482000,45.75,44.685001373291016,36.01596450805664
10-09-2010,44.810001373291016,44.810001373291016,6026600,46.279998779296875,46.099998474121094,37.15644073486328
13-09-2010,45.81999969482422,46.57500076293945,3136800,46.57500076293945,46.14500045776367,37.19271469116211
14-09-2010,45.650001525878906,45.935001373291016,3089800,46.56999969482422,46.099998474121094,37.15644073486328
15-09-2010,45.3650016784668,45.869998931884766,5565200,46.07500076293945,45.790000915527344,36.90658187866211
16-09-2010,45.220001220703125,46.095001220703125,4964800,46.349998474121094,45.5,36.6728401184082
17-09-2010,43.91999816894531,45.540000915527344,14141400,45.540000915527344,44.55500030517578,35.911163330078125
20-09-2010,43.67499923706055,44.709999084472656,9566400,44.935001373291016,43.8650016784668,35.355045318603516
21-09-2010,43.6349983215332,44.0,7783000,45.125,44.810001373291016,36.116703033447266
22-09-2010,44.849998474121094,44.849998474121094,7357200,45.46500015258789,45.18000030517578,36.41492462158203
23-09-2010,44.314998626708984,44.650001525878906,4382800,45.38999938964844,44.834999084472656,36.1368522644043
24-09-2010,45.029998779296875,45.56999969482422,5462400,46.435001373291016,46.05500030517578,37.12017059326172
27-09-2010,45.595001220703125,46.119998931884766,3128200,46.48500061035156,45.625,36.773597717285156
28-09-2010,45.040000915527344,45.68000030517578,3562600,45.9900016784668,45.88999938964844,36.98719024658203
29-09-2010,45.380001068115234,45.505001068115234,5637600,46.970001220703125,46.90999984741211,37.809295654296875
30-09-2010,45.85499954223633,47.2400016784668,5975800,47.42499923706055,46.48500061035156,37.46675109863281
01-10-2010,46.9900016784668,47.05500030517578,6027800,48.29499816894531,48.084999084472656,38.756351470947266
04-10-2010,47.59000015258789,47.685001373291016,6281200,48.42499923706055,47.86000061035156,38.574989318847656
05-10-2010,47.71500015258789,48.380001068115234,4217800,48.880001068115234,48.665000915527344,39.223812103271484
06-10-2010,48.595001220703125,48.6349983215332,4737400,49.71500015258789,49.2599983215332,39.70338821411133
07-10-2010,48.810001373291016,49.505001068115234,3866000,49.53499984741211,49.279998779296875,39.71949768066406
08-10-2010,48.98500061035156,49.34000015258789,3355800,49.90999984741211,49.72999954223633,40.08221435546875
11-10-2010,49.39500045776367,49.5,2612000,50.31999969482422,49.779998779296875,40.12251281738281
12-10-2010,48.89500045776367,49.439998626708984,2613400,49.720001220703125,49.45500183105469,39.86056137084961
13-10-2010,49.17499923706055,49.85499954223633,5705800,50.1150016784668,49.375,39.858524322509766
14-10-2010,48.935001373291016,48.935001373291016,4141400,49.869998931884766,49.505001068115234,39.96348190307617
15-10-2010,49.57500076293945,49.849998474121094,6134200,50.415000915527344,50.02000045776367,40.379234313964844
18-10-2010,49.779998779296875,49.935001373291016,4470600,51.029998779296875,50.665000915527344,40.89990234375
19-10-2010,49.27000045776367,49.88999938964844,6010000,50.04999923706055,49.7400016784668,40.153202056884766
20-10-2010,49.58000183105469,49.779998779296875,2897400,50.40999984741211,50.060001373291016,40.41152572631836
21-10-2010,48.84000015258789,50.224998474121094,4220800,50.84000015258789,49.400001525878906,39.87873458862305
22-10-2010,48.244998931884766,49.73500061035156,3956600,49.7400016784668,48.654998779296875,39.277313232421875
25-10-2010,48.560001373291016,49.01499938964844,2669400,49.459999084472656,48.72999954223633,39.337860107421875
26-10-2010,47.59000015258789,48.43000030517578,4025000,48.84000015258789,47.875,38.64765930175781
27-10-2010,46.83000183105469,47.459999084472656,3506000,47.95000076293945,47.880001068115234,38.65168380737305
28-10-2010,47.16999816894531,48.19499969482422,2881000,48.45500183105469,47.470001220703125,38.32070541381836
29-10-2010,47.06999969482422,47.2599983215332,4066800,48.01499938964844,47.86000061035156,38.63553237915039
01-11-2010,47.68000030517578,48.439998626708984,2844000,48.95500183105469,48.03499984741211,38.77681350708008
02-11-2010,47.93000030517578,48.584999084472656,4069000,49.18000030517578,48.869998931884766,39.45087432861328
03-11-2010,43.0,45.244998931884766,32201000,45.25,44.31999969482422,35.777835845947266
04-11-2010,43.154998779296875,44.880001068115234,12523800,44.880001068115234,44.14500045776367,35.63655471801758
05-11-2010,43.5,44.33000183105469,7278200,44.43000030517578,44.30500030517578,35.76572036743164
08-11-2010,44.375,44.60499954223633,9334800,45.66999816894531,44.72999954223633,36.10881423950195
09-11-2010,44.93000030517578,45.06999969482422,8864000,46.404998779296875,45.994998931884766,37.12998962402344
10-11-2010,46.03499984741211,46.20500183105469,5630200,47.04499816894531,46.939998626708984,37.892860412597656
11-11-2010,46.61000061035156,46.61000061035156,4416000,47.5,47.05500030517578,37.98570251464844
12-11-2010,45.6150016784668,46.55500030517578,4709800,46.724998474121094,46.025001525878906,37.15420150756836
15-11-2010,46.040000915527344,46.75,4264800,47.11000061035156,46.21500015258789,37.3076057434082
16-11-2010,44.79999923706055,45.709999084472656,5232200,45.709999084472656,45.525001525878906,36.750587463378906
17-11-2010,44.9900016784668,45.63999938964844,4036200,45.959999084472656,45.084999084472656,36.395389556884766
18-11-2010,45.025001525878906,45.255001068115234,4851400,46.36000061035156,46.05500030517578,37.178428649902344
19-11-2010,45.56999969482422,45.82500076293945,4420400,46.53499984741211,46.47999954223633,37.521514892578125
22-11-2010,45.4900016784668,46.345001220703125,2544000,46.814998626708984,46.25,37.335838317871094
23-11-2010,44.25,45.57500076293945,5899600,45.599998474121094,44.349998474121094,35.80205154418945
24-11-2010,44.27000045776367,44.650001525878906,3512800,45.025001525878906,44.900001525878906,36.24605178833008
26-11-2010,44.41999816894531,44.48500061035156,924000,44.900001525878906,44.459999084472656,35.890846252441406
29-11-2010,43.80500030517578,44.31999969482422,3600200,44.814998626708984,44.61000061035156,36.011940002441406
30-11-2010,44.005001068115234,44.209999084472656,4456400,44.935001373291016,44.474998474121094,35.902957916259766
01-12-2010,44.779998779296875,45.244998931884766,4811200,45.86000061035156,45.814998626708984,36.984703063964844
02-12-2010,45.76499938964844,45.76499938964844,3973200,46.994998931884766,46.93000030517578,37.8847770690918
03-12-2010,46.38999938964844,46.72999954223633,3337800,47.0,46.869998931884766,37.83635330200195
06-12-2010,46.755001068115234,46.775001525878906,2933400,47.349998474121094,47.189998626708984,38.09468078613281
07-12-2010,46.21500015258789,47.775001525878906,4757200,48.03499984741211,46.35499954223633,37.420597076416016
08-12-2010,45.70500183105469,46.584999084472656,2988600,46.76499938964844,46.099998474121094,37.21475601196289
09-12-2010,45.8849983215332,46.17499923706055,4115200,46.70500183105469,46.1150016784668,37.226871490478516
10-12-2010,45.3650016784668,45.96500015258789,3956000,46.21500015258789,45.375,36.629493713378906
13-12-2010,45.29499816894531,45.75,4532800,46.25,45.349998474121094,36.609310150146484
14-12-2010,45.09000015258789,45.40999984741211,3678000,46.04499816894531,45.82500076293945,36.99276351928711
15-12-2010,44.92499923706055,45.67499923706055,3600800,46.095001220703125,45.060001373291016,36.37520980834961
16-12-2010,44.880001068115234,45.084999084472656,2003800,45.35499954223633,45.255001068115234,36.53261947631836
17-12-2010,45.040000915527344,45.20500183105469,4847000,45.900001525878906,45.834999084472656,37.00083923339844
20-12-2010,44.939998626708984,45.935001373291016,4067000,46.0,45.72999954223633,36.91606903076172
21-12-2010,45.54499816894531,45.8650016784668,1700000,46.224998474121094,45.82500076293945,36.99276351928711
22-12-2010,45.72999954223633,45.95500183105469,1766800,46.28499984741211,46.099998474121094,37.21475601196289
23-12-2010,45.154998779296875,45.29499816894531,4685800,46.029998779296875,45.724998474121094,36.912052154541016
27-12-2010,44.76499938964844,45.625,2715800,45.71500015258789,45.060001373291016,36.37520980834961
28-12-2010,44.959999084472656,45.255001068115234,2696200,45.32500076293945,44.9900016784668,36.31869125366211
29-12-2010,44.98500061035156,45.23500061035156,2110200,45.77000045776367,45.595001220703125,36.807090759277344
30-12-2010,45.435001373291016,45.61000061035156,2328400,46.029998779296875,45.875,37.03312683105469
31-12-2010,45.654998779296875,45.82500076293945,2042400,46.060001373291016,45.70500183105469,36.8958854675293
03-01-2011,46.1349983215332,46.224998474121094,3500800,46.75,46.17499923706055,37.275306701660156
04-01-2011,45.69499969482422,46.540000915527344,4125400,46.63999938964844,46.06999969482422,37.190547943115234
05-01-2011,45.41999816894531,45.630001068115234,3472600,46.494998931884766,46.165000915527344,37.26722717285156
06-01-2011,46.150001525878906,46.67499923706055,5178400,47.21500015258789,46.40999984741211,37.465003967285156
07-01-2011,46.45500183105469,46.630001068115234,4830200,47.17499923706055,47.130001068115234,38.04623794555664
10-01-2011,46.90999984741211,47.07500076293945,5149600,47.5,47.474998474121094,38.324745178222656
11-01-2011,47.38999938964844,47.720001220703125,5838400,48.435001373291016,48.3650016784668,39.04320526123047
12-01-2011,48.46500015258789,48.744998931884766,5176800,49.65999984741211,49.244998931884766,39.81740188598633
13-01-2011,48.52000045776367,49.1150016784668,3336400,49.290000915527344,48.93000030517578,39.56269836425781
14-01-2011,48.625,48.900001525878906,4361200,50.35499954223633,50.290000915527344,40.66233825683594
18-01-2011,50.165000915527344,50.415000915527344,6014600,51.60499954223633,51.439998626708984,41.592185974121094
19-01-2011,50.3849983215332,51.42499923706055,5794800,51.5,50.720001220703125,41.0100212097168
20-01-2011,49.6150016784668,49.88999938964844,4891600,50.744998931884766,50.68000030517578,40.97768020629883
21-01-2011,50.25,50.994998931884766,4812000,51.290000915527344,50.86000061035156,41.12322235107422
24-01-2011,50.30500030517578,50.67499923706055,3284600,51.064998626708984,50.8650016784668,41.127254486083984
25-01-2011,49.470001220703125,50.790000915527344,3947600,50.790000915527344,49.935001373291016,40.37530517578125
26-01-2011,50.125,50.189998626708984,4638400,51.470001220703125,51.13999938964844,41.34960174560547
27-01-2011,50.8650016784668,50.95500183105469,5182200,52.06999969482422,51.625,41.74177169799805
28-01-2011,51.084999084472656,51.685001373291016,5658800,52.57500076293945,51.26499938964844,41.450679779052734
31-01-2011,51.369998931884766,51.369998931884766,4616000,53.290000915527344,53.19499969482422,43.011192321777344
01-02-2011,52.92499923706055,53.36000061035156,4528000,54.1349983215332,53.689998626708984,43.41144561767578
02-02-2011,53.16999816894531,53.505001068115234,2989600,54.14500045776367,53.619998931884766,43.354835510253906
03-02-2011,52.810001373291016,53.44499969482422,1949000,53.619998931884766,53.525001525878906,43.27802276611328
04-02-2011,52.85499954223633,53.650001525878906,3308400,53.744998931884766,53.38999938964844,43.16885757446289
07-02-2011,52.720001220703125,53.68000030517578,3483600,54.23500061035156,52.79499816894531,42.68775177001953
08-02-2011,51.775001525878906,52.90999984741211,4232000,52.90999984741211,52.380001068115234,42.35222625732422
09-02-2011,51.380001068115234,52.150001525878906,3408200,52.65999984741211,51.974998474121094,42.02475357055664
10-02-2011,51.54499816894531,51.73500061035156,3645600,52.345001220703125,52.119998931884766,42.14200210571289
11-02-2011,51.525001525878906,51.915000915527344,3040400,52.255001068115234,51.650001525878906,41.76197052001953
14-02-2011,51.67499923706055,51.67499923706055,4243000,53.26499938964844,52.45000076293945,42.408809661865234
15-02-2011,51.58000183105469,52.39500045776367,4232000,53.095001220703125,51.775001525878906,41.86305236816406
16-02-2011,51.470001220703125,52.03499984741211,4648400,52.67499923706055,51.494998931884766,41.63665771484375
17-02-2011,51.16999816894531,51.63999938964844,6126400,52.290000915527344,52.11000061035156,42.1339111328125
18-02-2011,53.404998779296875,53.41999816894531,7652200,54.900001525878906,54.44499969482422,44.02190017700195
22-02-2011,54.04499816894531,54.93000030517578,5797800,55.814998626708984,54.15999984741211,43.79146194458008
23-02-2011,54.255001068115234,54.255001068115234,8300000,57.369998931884766,57.19499969482422,46.24542236328125
24-02-2011,54.900001525878906,57.29499816894531,7247000,57.584999084472656,55.084999084472656,44.539371490478516
25-02-2011,55.02000045776367,55.349998474121094,3297800,56.244998931884766,55.875,45.17815399169922
28-02-2011,55.775001525878906,56.04499816894531,3500200,56.619998931884766,56.154998779296875,45.404537200927734
01-03-2011,53.935001373291016,54.75,9073000,56.095001220703125,53.96500015258789,43.63379669189453
02-03-2011,52.189998626708984,52.92499923706055,15563600,54.474998474121094,54.345001220703125,43.941043853759766
03-03-2011,53.9900016784668,54.654998779296875,6069800,55.6349983215332,55.54499816894531,44.91130828857422
04-03-2011,54.19499969482422,55.404998779296875,4348800,55.790000915527344,54.689998626708984,44.21998596191406
07-03-2011,54.09000015258789,55.119998931884766,3717000,55.69499969482422,54.290000915527344,43.896575927734375
08-03-2011,53.03499984741211,54.27000045776367,3493200,54.45000076293945,53.099998474121094,42.93438720703125
09-03-2011,52.599998474121094,53.06999969482422,3472400,53.814998626708984,52.900001525878906,42.77267074584961
10-03-2011,51.20500183105469,52.26499938964844,5261800,52.26499938964844,51.415000915527344,41.571964263916016
11-03-2011,51.0,51.30500030517578,3767200,53.275001525878906,52.82500076293945,42.7120361328125
14-03-2011,52.064998626708984,52.53499984741211,3951200,53.54999923706055,53.26499938964844,43.06781005859375
15-03-2011,51.32500076293945,51.63999938964844,4851800,53.2400016784668,52.720001220703125,42.62712097167969
16-03-2011,51.53499984741211,52.900001525878906,5072200,53.755001068115234,52.244998931884766,42.243072509765625
17-03-2011,52.935001373291016,53.3849983215332,4200000,54.58000183105469,54.34000015258789,43.93699264526367
18-03-2011,53.52000045776367,54.880001068115234,5936600,55.224998474121094,53.96500015258789,43.63379669189453
21-03-2011,54.5,54.744998931884766,4526000,55.72999954223633,55.70000076293945,45.0366325378418
22-03-2011,56.005001068115234,56.16999816894531,6558200,57.21500015258789,56.68000030517578,45.829017639160156
23-03-2011,56.0,56.71500015258789,8087600,57.03499984741211,57.03499984741211,46.116058349609375
24-03-2011,56.5099983215332,57.45500183105469,5755800,57.849998474121094,57.775001525878906,46.71439743041992
25-03-2011,57.380001068115234,57.90999984741211,5161000,59.064998626708984,58.77000045776367,47.5189094543457
28-03-2011,58.16999816894531,58.3849983215332,6207200,59.85499954223633,59.220001220703125,47.88276290893555
29-03-2011,57.900001525878906,58.755001068115234,6065400,59.880001068115234,59.834999084472656,48.38002014160156
30-03-2011,59.18000030517578,60.150001525878906,7209400,60.720001220703125,59.595001220703125,48.185970306396484
31-03-2011,59.209999084472656,59.619998931884766,5689400,60.04999923706055,59.255001068115234,47.91105270385742
01-04-2011,58.90999984741211,59.584999084472656,8316600,59.650001525878906,59.19499969482422,47.862548828125
04-04-2011,59.03499984741211,59.45000076293945,3827600,59.90999984741211,59.185001373291016,47.854454040527344
05-04-2011,58.314998626708984,59.02000045776367,3861200,59.369998931884766,58.459999084472656,47.26826858520508
06-04-2011,57.380001068115234,58.8650016784668,4067400,58.97999954223633,57.404998779296875,46.41522979736328
07-04-2011,56.380001068115234,57.26499938964844,4410400,57.84000015258789,57.33000183105469,46.354583740234375
08-04-2011,56.900001525878906,57.72999954223633,3438800,58.19499969482422,57.33000183105469,46.354583740234375
11-04-2011,55.93000030517578,57.279998779296875,2872000,57.4900016784668,56.334999084472656,45.55006408691406
12-04-2011,54.08000183105469,55.76499938964844,5550400,55.76499938964844,54.6150016784668,44.159339904785156
13-04-2011,54.81999969482422,55.04499816894531,3883000,56.095001220703125,55.30500030517578,44.78285598754883
14-04-2011,54.349998474121094,54.849998474121094,3631600,55.64500045776367,55.36000061035156,44.827392578125
15-04-2011,54.779998779296875,55.42499923706055,3491400,55.935001373291016,55.52000045776367,44.95695114135742
18-04-2011,53.91999816894531,54.85499954223633,3455800,55.20000076293945,54.935001373291016,44.483253479003906
19-04-2011,54.244998931884766,54.95500183105469,3066000,55.19499969482422,54.73500061035156,44.321292877197266
20-04-2011,55.224998474121094,55.665000915527344,3606400,56.005001068115234,55.90999984741211,45.27273941040039
21-04-2011,55.29999923706055,55.665000915527344,2048000,56.13999938964844,55.935001373291016,45.292999267578125
25-04-2011,54.8650016784668,55.994998931884766,1935800,56.095001220703125,55.16999816894531,44.67354202270508
26-04-2011,54.9900016784668,55.369998931884766,2200000,55.8849983215332,55.86000061035156,45.23225402832031
27-04-2011,54.595001220703125,56.005001068115234,2500400,56.099998474121094,55.880001068115234,45.24845886230469
28-04-2011,55.165000915527344,55.80500030517578,3068000,56.525001525878906,55.9900016784668,45.3375244140625
29-04-2011,55.540000915527344,55.92499923706055,2631200,56.775001525878906,56.525001525878906,45.77073669433594
02-05-2011,55.23500061035156,56.7400016784668,3705000,56.900001525878906,55.470001220703125,44.91645431518555
03-05-2011,53.6150016784668,55.345001220703125,4120400,55.349998474121094,54.07500076293945,43.78687286376953
04-05-2011,52.41999816894531,53.880001068115234,3866600,53.880001068115234,53.13999938964844,43.02975845336914
05-05-2011,50.91999816894531,52.130001068115234,6925400,52.71500015258789,52.17499923706055,42.248348236083984
06-05-2011,53.064998626708984,54.5,7192600,55.68000030517578,53.720001220703125,43.49940872192383
09-05-2011,54.75,55.1150016784668,4764600,55.95000076293945,55.65999984741211,45.070308685302734
10-05-2011,54.88999938964844,55.709999084472656,3331600,55.88999938964844,55.42499923706055,44.88003921508789
11-05-2011,53.0,55.224998474121094,4347000,55.34000015258789,53.345001220703125,43.19575500488281
12-05-2011,52.064998626708984,52.72999954223633,4428600,53.45500183105469,52.7599983215332,42.72205352783203
13-05-2011,52.20500183105469,52.90999984741211,3634800,53.400001525878906,52.720001220703125,42.68966293334961
16-05-2011,52.1150016784668,52.584999084472656,3133600,53.85499954223633,52.349998474121094,42.390052795410156
17-05-2011,51.8849983215332,52.064998626708984,3940800,53.09000015258789,52.80500030517578,42.75850296020508
18-05-2011,52.75,52.94499969482422,3874200,53.73500061035156,53.310001373291016,43.16740798950195
19-05-2011,52.53499984741211,53.48500061035156,3097000,53.61000061035156,52.994998931884766,42.9123420715332
20-05-2011,52.439998626708984,53.03499984741211,4046400,53.970001220703125,53.42499923706055,43.26053237915039
23-05-2011,51.98500061035156,52.54999923706055,3889000,52.79999923706055,52.125,42.207862854003906
24-05-2011,52.42499923706055,52.584999084472656,4681400,53.54499816894531,53.029998779296875,42.94068908691406
25-05-2011,52.75,52.75,3190400,53.959999084472656,53.599998474121094,43.40224838256836
26-05-2011,52.69499969482422,53.349998474121094,2363800,53.75,53.6150016784668,43.41439437866211
27-05-2011,53.69499969482422,53.939998626708984,2603400,54.540000915527344,54.07500076293945,43.78687286376953
31-05-2011,53.54999923706055,55.005001068115234,3567400,55.095001220703125,54.56999969482422,44.18768310546875
01-06-2011,53.97999954223633,54.755001068115234,6434800,55.834999084472656,54.095001220703125,43.803062438964844
02-06-2011,54.20500183105469,54.20500183105469,6241000,55.85499954223633,55.45500183105469,44.90431213378906
03-06-2011,53.900001525878906,54.67499923706055,4492400,55.89500045776367,55.279998779296875,44.76261901855469
06-06-2011,54.51499938964844,55.27000045776367,5428800,56.02000045776367,54.529998779296875,44.15529251098633
07-06-2011,54.0099983215332,54.755001068115234,4261000,55.02000045776367,54.025001525878906,43.74639129638672
08-06-2011,54.060001373291016,54.060001373291016,3959800,55.43000030517578,54.470001220703125,44.106719970703125
09-06-2011,54.51499938964844,54.779998779296875,3680400,55.584999084472656,55.38999938964844,44.851688385009766
10-06-2011,53.78499984741211,55.0,3801000,55.22999954223633,53.834999084472656,43.592525482177734
13-06-2011,51.82500076293945,53.994998931884766,5597000,54.279998779296875,52.35499954223633,42.394107818603516
14-06-2011,52.310001373291016,53.130001068115234,5366400,53.4900016784668,52.51499938964844,42.52366256713867
15-06-2011,51.125,52.07500076293945,5424200,52.665000915527344,51.435001373291016,41.64914321899414
16-06-2011,50.625,51.279998779296875,5596400,51.775001525878906,50.80500030517578,41.13901901245117
17-06-2011,50.35499954223633,51.20500183105469,5916000,51.494998931884766,51.125,41.39812088012695
20-06-2011,50.11000061035156,50.755001068115234,5040400,50.95500183105469,50.45000076293945,40.85154724121094
21-06-2011,50.6150016784668,50.755001068115234,4096800,51.59000015258789,51.095001220703125,41.37382507324219
22-06-2011,50.61000061035156,50.8650016784668,5531800,51.70000076293945,50.66999816894531,41.029693603515625
23-06-2011,48.310001373291016,49.529998779296875,5682800,50.119998931884766,50.08000183105469,40.55195236206055
24-06-2011,49.03499984741211,50.040000915527344,3929200,50.20500183105469,49.1349983215332,39.786739349365234
27-06-2011,48.60499954223633,48.70000076293945,5812400,50.21500015258789,50.165000915527344,40.62076187133789
28-06-2011,49.994998931884766,50.29999923706055,3730000,51.39500045776367,51.20500183105469,41.462886810302734
29-06-2011,50.79499816894531,51.314998626708984,3681200,52.08000183105469,51.54999923706055,41.74227523803711
30-06-2011,51.619998931884766,51.775001525878906,3776600,52.415000915527344,52.275001525878906,42.32932662963867
01-07-2011,51.19499969482422,52.185001373291016,6685000,52.279998779296875,51.540000915527344,41.73417282104492
05-07-2011,51.474998474121094,51.654998779296875,2969800,52.494998931884766,51.619998931884766,41.798954010009766
06-07-2011,50.875,51.52000045776367,2543800,51.65999984741211,51.1349983215332,41.406211853027344
07-07-2011,51.220001220703125,51.834999084472656,3802200,52.005001068115234,51.775001525878906,41.924461364746094
08-07-2011,50.58000183105469,50.9900016784668,3406200,51.310001373291016,50.959999084472656,41.2645263671875
11-07-2011,49.28499984741211,50.220001220703125,3145200,50.220001220703125,49.505001068115234,40.08634567260742
12-07-2011,49.26499938964844,49.41999816894531,3965800,50.05500030517578,49.44499969482422,40.03776550292969
13-07-2011,49.290000915527344,49.755001068115234,3888000,50.54499816894531,49.470001220703125,40.1229133605957
14-07-2011,48.20000076293945,49.72999954223633,5437800,49.790000915527344,48.35499954223633,39.21858215332031
15-07-2011,49.869998931884766,50.0,13502400,51.060001373291016,50.595001220703125,41.035343170166016
18-07-2011,50.2400016784668,50.69499969482422,5338400,51.29499816894531,50.7599983215332,41.16917037963867
19-07-2011,51.0,51.0,4730200,52.13999938964844,52.01499938964844,42.187042236328125
20-07-2011,51.76499938964844,52.404998779296875,4192600,52.404998779296875,51.904998779296875,42.09783935546875
21-07-2011,52.04499816894531,52.31999969482422,3878600,52.95000076293945,52.779998779296875,42.80752182006836
22-07-2011,52.505001068115234,52.775001525878906,3288400,53.29999923706055,53.28499984741211,43.217098236083984
25-07-2011,52.400001525878906,52.599998474121094,3798400,53.72999954223633,53.10499954223633,43.07110595703125
26-07-2011,52.310001373291016,53.10499954223633,4235200,53.939998626708984,53.28499984741211,43.217098236083984
27-07-2011,51.98500061035156,53.0,4082000,53.0099983215332,52.03499984741211,42.203277587890625
28-07-2011,51.53499984741211,52.02000045776367,4736800,52.665000915527344,51.71500015258789,41.9437255859375
29-07-2011,50.75,51.09000015258789,6388800,51.68000030517578,51.0,41.36383056640625
01-08-2011,50.244998931884766,51.94499969482422,3660800,52.15999984741211,50.810001373291016,41.2097282409668
02-08-2011,49.540000915527344,50.43000030517578,4176600,51.185001373291016,49.60499954223633,40.23241424560547
03-08-2011,47.78499984741211,49.6349983215332,6110800,49.665000915527344,48.9900016784668,39.73360824584961
04-08-2011,45.724998474121094,48.255001068115234,8768800,48.255001068115234,46.064998626708984,37.36128616333008
05-08-2011,46.70000076293945,49.1349983215332,18031400,50.61000061035156,47.959999084472656,38.898231506347656
08-08-2011,43.529998779296875,46.79999923706055,11371400,46.904998779296875,44.29999923706055,35.92975616455078
09-08-2011,43.04999923706055,45.13999938964844,14977600,45.95000076293945,45.43000030517578,36.84625244140625
10-08-2011,43.34000015258789,45.255001068115234,11145200,45.540000915527344,43.494998931884766,35.276859283447266
11-08-2011,43.474998474121094,43.97999954223633,9001200,47.13999938964844,46.56999969482422,37.77084732055664
12-08-2011,46.56999969482422,48.38999938964844,7189600,48.915000915527344,47.07500076293945,38.18044662475586
15-08-2011,47.314998626708984,47.595001220703125,5036000,48.2400016784668,48.14500045776367,39.048274993896484
16-08-2011,46.55500030517578,47.5,5794800,47.849998474121094,47.290000915527344,38.354820251464844
17-08-2011,46.5099983215332,47.6349983215332,4094600,48.525001525878906,47.0,38.11961364746094
18-08-2011,43.42499923706055,45.83000183105469,7368400,45.83000183105469,43.814998626708984,35.53640365600586
19-08-2011,43.25,43.310001373291016,6513600,44.8849983215332,43.78499984741211,35.51207733154297
22-08-2011,42.92499923706055,44.95000076293945,6204800,45.25,43.17499923706055,35.01732635498047
23-08-2011,42.790000915527344,43.15999984741211,7207200,44.5,44.48500061035156,36.07979965209961
24-08-2011,43.91999816894531,44.17499923706055,4626000,45.01499938964844,44.959999084472656,36.46506118774414
25-08-2011,43.76499938964844,45.310001373291016,5556200,45.6150016784668,44.130001068115234,35.79188537597656
26-08-2011,43.0,43.869998931884766,4555800,45.08000183105469,44.92499923706055,36.436676025390625
29-08-2011,44.904998779296875,45.61000061035156,4200600,45.84000015258789,45.775001525878906,37.126068115234375
30-08-2011,44.875,45.54999923706055,3328600,46.375,46.099998474121094,37.38965606689453
31-08-2011,45.720001220703125,46.4900016784668,5493600,47.084999084472656,46.29499816894531,37.54780578613281
01-09-2011,45.64500045776367,46.65999984741211,3392800,47.08000183105469,45.709999084472656,37.07334899902344
02-09-2011,43.90999984741211,44.67499923706055,4919600,45.095001220703125,44.17499923706055,35.82838439941406
06-09-2011,42.46500015258789,42.869998931884766,5123200,43.55500030517578,43.47999954223633,35.26469039916992
07-09-2011,44.04999923706055,44.2400016784668,3595000,45.42499923706055,45.334999084472656,36.76920700073242
08-09-2011,44.3849983215332,44.810001373291016,4854600,45.98500061035156,44.625,36.193355560302734
09-09-2011,42.45500183105469,43.654998779296875,5251200,44.13999938964844,42.65999984741211,34.59962844848633
12-09-2011,41.959999084472656,42.26499938964844,4431800,43.08000183105469,43.05500030517578,34.91999435424805
13-09-2011,42.65999984741211,43.21500015258789,3189600,43.709999084472656,43.375,35.17953109741211
14-09-2011,42.54999923706055,42.93000030517578,4477600,44.43000030517578,43.875,35.58505630493164
15-09-2011,44.060001373291016,44.435001373291016,3907000,45.20000076293945,45.20000076293945,36.659698486328125
16-09-2011,44.625,45.564998626708984,5116800,45.625,45.08000183105469,36.56239700317383
19-09-2011,42.97999954223633,44.060001373291016,3672000,44.310001373291016,43.880001068115234,35.589111328125
20-09-2011,43.435001373291016,44.10499954223633,3761600,44.775001525878906,43.560001373291016,35.329586029052734
21-09-2011,41.70500183105469,43.48500061035156,4491200,44.154998779296875,41.71500015258789,33.83320617675781
22-09-2011,37.564998626708984,40.415000915527344,10625000,40.46500015258789,38.375,31.124248504638672
23-09-2011,36.67499923706055,37.68000030517578,7707800,38.584999084472656,36.86000061035156,29.895517349243164
26-09-2011,36.56999969482422,37.630001068115234,7592000,38.39500045776367,38.34000015258789,31.09587287902832
27-09-2011,39.02000045776367,39.32500076293945,6291800,40.2599983215332,39.30500030517578,31.878528594970703
28-09-2011,37.06999969482422,39.3650016784668,4861000,39.400001525878906,37.14500045776367,30.12665367126465
29-09-2011,35.939998626708984,38.01499938964844,6866600,38.18000030517578,36.88999938964844,29.919849395751953
30-09-2011,34.775001525878906,35.69499969482422,7677800,36.380001068115234,35.505001068115234,28.796531677246094
03-10-2011,33.89500045776367,35.06999969482422,9832600,35.119998931884766,34.20500183105469,27.74216079711914
04-10-2011,33.404998779296875,33.66999816894531,12197400,37.01499938964844,36.83000183105469,29.871179580688477
05-10-2011,36.61000061035156,36.85499954223633,7513400,38.474998474121094,38.400001525878906,31.1445369720459
06-10-2011,37.755001068115234,38.185001373291016,5830000,39.45500183105469,39.27000045776367,31.85015869140625
07-10-2011,37.3650016784668,39.525001525878906,6520600,39.6150016784668,37.45000076293945,30.3740234375
10-10-2011,38.369998931884766,38.41999816894531,5093800,39.724998474121094,39.70500183105469,32.20296859741211
11-10-2011,38.98500061035156,39.31999969482422,6092600,40.244998931884766,40.06999969482422,32.49898910522461
12-10-2011,40.150001525878906,40.400001525878906,4541200,41.345001220703125,40.474998474121094,32.82748031616211
13-10-2011,38.81999969482422,40.0099983215332,4819000,40.26499938964844,40.11000061035156,32.59586715698242
14-10-2011,40.85499954223633,41.04499816894531,4630600,42.03499984741211,41.9900016784668,34.12367248535156
17-10-2011,40.560001373291016,41.650001525878906,3861600,42.04999923706055,40.70500183105469,33.07941436767578
18-10-2011,40.1150016784668,40.7599983215332,7436200,43.30500030517578,43.0099983215332,34.952579498291016
19-10-2011,42.755001068115234,42.83000183105469,8468200,44.59000015258789,43.935001373291016,35.704288482666016
20-10-2011,42.54499816894531,43.755001068115234,6293400,44.02000045776367,43.66999816894531,35.48894119262695
21-10-2011,44.10499954223633,44.47999954223633,5544800,45.540000915527344,45.310001373291016,36.82170104980469
24-10-2011,45.119998931884766,45.55500030517578,6153600,45.904998779296875,45.540000915527344,37.00861740112305
25-10-2011,43.625,45.540000915527344,6034200,45.540000915527344,43.7599983215332,35.56208038330078
26-10-2011,43.16999816894531,44.4900016784668,7715600,44.6349983215332,43.709999084472656,35.52146530151367
27-10-2011,44.915000915527344,45.5,7409200,47.0,46.41999816894531,37.7237434387207
28-10-2011,45.814998626708984,45.81999969482422,6090000,47.630001068115234,47.59000015258789,38.67458724975586
31-10-2011,44.650001525878906,46.69499969482422,5455200,46.75,44.71500015258789,36.33818054199219
01-11-2011,41.939998626708984,42.994998931884766,7520600,43.5,42.939998626708984,34.89570236206055
02-11-2011,45.064998626708984,45.36000061035156,16995200,48.90999984741211,48.02000045776367,39.024024963378906
03-11-2011,48.095001220703125,48.790000915527344,9132800,50.30500030517578,50.01499938964844,40.64528274536133
04-11-2011,49.13999938964844,49.41999816894531,7401600,51.2599983215332,50.84000015258789,41.31572341918945
07-11-2011,49.8650016784668,50.7400016784668,5557800,51.20000076293945,50.584999084472656,41.108489990234375
08-11-2011,49.724998474121094,50.875,4995600,51.119998931884766,50.95500183105469,41.409175872802734
09-11-2011,49.0,49.720001220703125,5810000,50.33000183105469,49.1150016784668,39.913883209228516
10-11-2011,49.21500015258789,49.70500183105469,4688400,50.3849983215332,50.02000045776367,40.64934158325195
11-11-2011,50.584999084472656,50.60499954223633,4880000,52.025001525878906,52.005001068115234,42.26246643066406
14-11-2011,50.650001525878906,51.470001220703125,5572800,52.23500061035156,51.8849983215332,42.164955139160156
15-11-2011,51.0,51.665000915527344,3845400,51.959999084472656,51.18000030517578,41.59202194213867
16-11-2011,50.27000045776367,50.970001220703125,8456600,51.70500183105469,50.345001220703125,40.913448333740234
17-11-2011,48.08000183105469,50.20000076293945,5014400,50.650001525878906,48.5099983215332,39.42222595214844
18-11-2011,48.01499938964844,49.185001373291016,4463200,49.93000030517578,48.91999816894531,39.75541687011719
21-11-2011,47.025001525878906,47.85499954223633,2933000,48.32500076293945,48.005001068115234,39.0118522644043
22-11-2011,46.81999969482422,47.790000915527344,3498800,48.154998779296875,47.4900016784668,38.593318939208984
23-11-2011,45.69499969482422,46.80500030517578,4856000,46.94499969482422,45.80500030517578,37.22399139404297
25-11-2011,45.3849983215332,45.42499923706055,1223400,46.41999816894531,45.435001373291016,36.92328643798828
28-11-2011,46.93000030517578,46.994998931884766,3889800,48.39500045776367,47.79499816894531,38.84117126464844
29-11-2011,48.005001068115234,48.1349983215332,5018400,49.459999084472656,49.1150016784668,39.913883209228516
30-11-2011,51.02000045776367,51.02000045776367,7282400,52.20500183105469,51.869998931884766,42.152774810791016
01-12-2011,50.845001220703125,51.814998626708984,3870200,52.494998931884766,51.26499938964844,41.66110610961914
02-12-2011,51.060001373291016,51.89500045776367,3256000,52.0,51.279998779296875,41.67329406738281
05-12-2011,50.6150016784668,51.994998931884766,5158000,52.43000030517578,51.05500030517578,41.490447998046875
06-12-2011,51.040000915527344,51.22999954223633,4272200,53.099998474121094,52.44499969482422,42.62004470825195
07-12-2011,50.83000183105469,52.05500030517578,4165800,52.14500045776367,51.51499938964844,41.86427688598633
08-12-2011,50.064998626708984,51.27000045776367,4964600,52.290000915527344,50.314998626708984,40.889068603515625
09-12-2011,50.23500061035156,50.23500061035156,5692400,52.209999084472656,51.875,42.156829833984375
12-12-2011,49.57500076293945,51.04499816894531,4360000,51.130001068115234,50.525001525878906,41.05973815917969
13-12-2011,48.58000183105469,50.880001068115234,5826000,51.564998626708984,49.25,40.02360153198242
14-12-2011,46.55500030517578,48.4900016784668,9268200,48.529998779296875,46.584999084472656,37.85784149169922
15-12-2011,46.505001068115234,47.279998779296875,6036000,47.779998779296875,47.220001220703125,38.373897552490234
16-12-2011,47.369998931884766,47.71500015258789,7302000,48.95000076293945,48.84000015258789,39.690406799316406
19-12-2011,47.599998474121094,48.755001068115234,3772400,48.8650016784668,47.78499984741211,38.83305358886719
20-12-2011,48.67499923706055,48.91999816894531,4700800,49.595001220703125,48.98500061035156,39.80824279785156
21-12-2011,48.2599983215332,49.125,4880600,49.345001220703125,49.09000015258789,39.893558502197266
22-12-2011,48.970001220703125,49.11000061035156,5866400,49.31999969482422,49.165000915527344,39.95451736450195
23-12-2011,48.6150016784668,49.2400016784668,3113600,49.564998626708984,49.1349983215332,39.93013381958008
27-12-2011,49.04999923706055,49.19499969482422,3238200,49.869998931884766,49.505001068115234,40.23082733154297
28-12-2011,48.060001373291016,49.6150016784668,3013400,49.744998931884766,48.220001220703125,39.18655776977539
29-12-2011,48.185001373291016,48.185001373291016,2686600,49.09000015258789,49.025001525878906,39.84074783325195
30-12-2011,48.89500045776367,49.025001525878906,2569800,49.54999923706055,49.255001068115234,40.02766799926758
03-01-2012,50.20000076293945,50.30500030517578,5597400,51.064998626708984,50.724998474121094,41.22226333618164
04-01-2012,50.310001373291016,50.72999954223633,4909000,50.994998931884766,50.79499816894531,41.27915573120117
05-01-2012,49.90999984741211,50.57500076293945,5075000,51.255001068115234,51.07500076293945,41.50669860839844
06-01-2012,51.0,51.125,4493000,51.8849983215332,51.21500015258789,41.620460510253906
09-01-2012,50.75,51.23500061035156,3525600,51.529998779296875,51.084999084472656,41.51482009887695
10-01-2012,52.45000076293945,52.69499969482422,6240000,53.6349983215332,52.7599983215332,42.876033782958984
11-01-2012,51.474998474121094,52.38999938964844,4476000,52.744998931884766,51.584999084472656,41.92116928100586
12-01-2012,51.27000045776367,51.814998626708984,4658400,52.349998474121094,51.939998626708984,42.27519989013672
13-01-2012,50.71500015258789,51.334999084472656,3482800,51.724998474121094,51.52000045776367,41.933372497558594
17-01-2012,51.33000183105469,52.349998474121094,3053600,52.55500030517578,51.86000061035156,42.21009826660156
18-01-2012,51.404998779296875,51.810001373291016,3217000,52.90999984741211,52.685001373291016,42.881587982177734
19-01-2012,52.34000015258789,52.845001220703125,5439600,53.26499938964844,52.540000915527344,42.763580322265625
20-01-2012,51.220001220703125,52.435001373291016,5567800,52.48500061035156,51.58000183105469,41.98221206665039
23-01-2012,52.185001373291016,52.415000915527344,5463000,53.314998626708984,52.79999923706055,42.975189208984375
24-01-2012,51.75,52.314998626708984,3867200,52.44499969482422,52.275001525878906,42.547874450683594
25-01-2012,51.5099983215332,52.13999938964844,4330400,53.599998474121094,53.404998779296875,43.46761703491211
26-01-2012,52.1150016784668,53.64500045776367,4547600,53.75,52.375,42.62926483154297
27-01-2012,51.744998931884766,52.165000915527344,3197800,52.630001068115234,52.060001373291016,42.37287521362305
30-01-2012,51.084999084472656,51.505001068115234,4345600,52.71500015258789,52.654998779296875,42.8571662902832
31-01-2012,52.349998474121094,52.78499984741211,5577800,53.1349983215332,53.06999969482422,43.1949577331543
01-02-2012,52.34000015258789,53.474998474121094,6657200,53.4900016784668,52.95000076293945,43.097293853759766
02-02-2012,52.47999954223633,52.82500076293945,4281400,54.064998626708984,53.2400016784668,43.333316802978516
03-02-2012,53.54999923706055,54.01499938964844,4429800,55.060001373291016,54.54499816894531,44.39548873901367
06-02-2012,54.3849983215332,54.73500061035156,6138400,55.275001525878906,55.029998779296875,44.79024124145508
07-02-2012,54.525001525878906,55.0,3658800,55.75,55.564998626708984,45.22569274902344
08-02-2012,54.775001525878906,55.720001220703125,3084400,55.845001220703125,55.709999084472656,45.34370040893555
09-02-2012,55.439998626708984,55.525001525878906,3964600,56.83000183105469,56.224998474121094,45.76287841796875
10-02-2012,55.08000183105469,55.3849983215332,3686800,55.915000915527344,55.915000915527344,45.51057434082031
13-02-2012,56.09000015258789,56.27000045776367,3973600,56.82500076293945,56.689998626708984,46.141357421875
14-02-2012,56.185001373291016,56.58000183105469,4835800,56.90999984741211,56.875,46.29193878173828
15-02-2012,56.67499923706055,57.25,5980600,57.95000076293945,57.41999816894531,46.73552703857422
16-02-2012,57.26499938964844,57.494998931884766,6609800,59.404998779296875,58.810001373291016,47.86687088012695
17-02-2012,56.744998931884766,59.53499984741211,12338800,59.98500061035156,57.17499923706055,46.53609848022461
21-02-2012,57.494998931884766,57.9900016784668,6828600,58.494998931884766,57.82500076293945,47.06515884399414
22-02-2012,57.78499984741211,57.97999954223633,5726800,58.755001068115234,57.83000183105469,47.06922912597656
23-02-2012,57.25,57.92499923706055,4004000,58.29999923706055,58.25,47.41108322143555
24-02-2012,58.095001220703125,58.33000183105469,3351800,59.040000915527344,58.775001525878906,47.8383903503418
27-02-2012,57.810001373291016,58.665000915527344,4582600,58.900001525878906,57.810001373291016,47.05294418334961
28-02-2012,57.75,57.959999084472656,4872000,58.599998474121094,58.30500030517578,47.45583724975586
29-02-2012,56.689998626708984,58.3650016784668,6444600,58.599998474121094,56.93000030517578,46.336700439453125
01-03-2012,57.125,57.125,5143200,58.505001068115234,58.45500183105469,47.57793045043945
02-03-2012,56.540000915527344,58.20000076293945,4699200,58.38999938964844,56.95000076293945,46.35298156738281
05-03-2012,55.68000030517578,56.755001068115234,3162600,56.810001373291016,56.599998474121094,46.068092346191406
06-03-2012,55.11000061035156,55.560001373291016,5257800,56.404998779296875,56.36000061035156,45.87275695800781
07-03-2012,56.01499938964844,56.36000061035156,3895400,56.834999084472656,56.56999969482422,46.04368591308594
08-03-2012,56.65999984741211,57.36000061035156,3130000,57.65999984741211,57.20500183105469,46.56052017211914
09-03-2012,57.029998779296875,57.25,2713400,57.875,57.4900016784668,46.7924919128418
12-03-2012,56.2599983215332,57.619998931884766,2890600,57.619998931884766,56.8650016784668,46.28379821777344
13-03-2012,56.5099983215332,56.92499923706055,5206400,58.470001220703125,58.42499923706055,47.55351638793945
14-03-2012,57.040000915527344,58.404998779296875,3395400,58.474998474121094,57.34000015258789,46.67041015625
15-03-2012,57.025001525878906,57.41999816894531,3907200,58.1349983215332,57.814998626708984,47.05702209472656
16-03-2012,57.89500045776367,58.18000030517578,5474600,58.935001373291016,58.38999938964844,47.52503967285156
19-03-2012,58.05500030517578,58.32500076293945,3386200,58.98500061035156,58.69499969482422,47.773277282714844
20-03-2012,57.07500076293945,58.06999969482422,3449600,58.06999969482422,57.35499954223633,46.682613372802734
21-03-2012,56.53499984741211,57.35499954223633,3303400,57.54999923706055,56.904998779296875,46.31636047363281
22-03-2012,54.93000030517578,56.18000030517578,4562200,56.56999969482422,55.17499923706055,44.90827560424805
23-03-2012,55.08000183105469,55.2400016784668,4599000,56.32500076293945,55.8650016784668,45.46986770629883
26-03-2012,55.80500030517578,56.380001068115234,2741400,56.599998474121094,56.08000183105469,45.644866943359375
27-03-2012,55.459999084472656,56.22999954223633,2920800,56.26499938964844,55.63999938964844,45.28672409057617
28-03-2012,54.25,55.369998931884766,3495600,55.474998474121094,54.814998626708984,44.61524200439453
29-03-2012,53.57500076293945,54.244998931884766,2885200,54.630001068115234,54.5099983215332,44.367008209228516
30-03-2012,54.380001068115234,54.7400016784668,3541200,55.7400016784668,55.54999923706055,45.21346664428711
02-04-2012,55.15999984741211,55.494998931884766,3899200,57.165000915527344,56.67499923706055,46.12915802001953
03-04-2012,56.084999084472656,56.314998626708984,4647400,56.849998474121094,56.779998779296875,46.214595794677734
04-04-2012,54.849998474121094,56.029998779296875,3127600,56.19499969482422,55.2599983215332,44.97745132446289
05-04-2012,54.42499923706055,55.060001373291016,4629800,55.73500061035156,54.59000015258789,44.43211364746094
09-04-2012,53.30500030517578,53.474998474121094,5445200,54.01499938964844,53.720001220703125,43.7240104675293
10-04-2012,51.904998779296875,53.720001220703125,6604200,53.86000061035156,52.0,42.32405471801758
11-04-2012,51.255001068115234,52.59000015258789,6017200,52.7599983215332,51.474998474121094,41.89673614501953
12-04-2012,51.470001220703125,51.5,6345200,52.82500076293945,52.61000061035156,42.89136505126953
13-04-2012,51.54999923706055,52.3650016784668,3018600,52.650001525878906,51.665000915527344,42.12094497680664
16-04-2012,50.915000915527344,51.93000030517578,3074000,52.560001373291016,51.3849983215332,41.892669677734375
17-04-2012,51.76499938964844,51.959999084472656,4108400,52.654998779296875,52.400001525878906,42.72017288208008
18-04-2012,51.78499984741211,52.19499969482422,3813400,52.4900016784668,52.084999084472656,42.46335220336914
19-04-2012,51.654998779296875,52.150001525878906,3121600,52.64500045776367,51.97999954223633,42.37775802612305
20-04-2012,51.39500045776367,52.44499969482422,3376600,52.75,51.51499938964844,41.998653411865234
23-04-2012,50.29499816894531,50.30500030517578,3771600,51.8849983215332,51.79999923706055,42.23100662231445
24-04-2012,51.70000076293945,52.05500030517578,4512400,52.46500015258789,52.224998474121094,42.577491760253906
25-04-2012,52.29499816894531,52.689998626708984,5718200,53.255001068115234,53.21500015258789,43.38460922241211
26-04-2012,53.005001068115234,53.209999084472656,4686400,54.439998626708984,54.2599983215332,44.2365608215332
27-04-2012,54.04999923706055,54.505001068115234,4275000,54.619998931884766,54.5099983215332,44.44040298461914
30-04-2012,53.91999816894531,54.439998626708984,3000800,54.970001220703125,54.904998779296875,44.762413024902344
01-05-2012,54.900001525878906,55.150001525878906,3552800,56.119998931884766,55.6150016784668,45.34125900268555
02-05-2012,54.11000061035156,54.95000076293945,4145600,54.95000076293945,54.63999938964844,44.546363830566406
03-05-2012,53.61000061035156,54.5,3882200,54.970001220703125,53.85499954223633,43.90639114379883
04-05-2012,52.189998626708984,53.20000076293945,4330600,53.599998474121094,52.64500045776367,42.91990280151367
07-05-2012,51.64500045776367,52.23500061035156,3265000,52.92499923706055,52.3849983215332,42.70794677734375
08-05-2012,50.20500183105469,51.810001373291016,4339600,52.095001220703125,51.994998931884766,42.389991760253906
09-05-2012,50.380001068115234,51.904998779296875,7535400,52.84000015258789,52.54999923706055,42.84245681762695
10-05-2012,52.755001068115234,53.369998931884766,5334600,53.665000915527344,53.255001068115234,43.41721725463867
11-05-2012,51.95500183105469,52.7400016784668,4469800,53.275001525878906,52.1150016784668,42.48780822753906
14-05-2012,50.439998626708984,51.45000076293945,3667400,51.45000076293945,50.52000045776367,41.18745040893555
15-05-2012,49.31999969482422,50.494998931884766,3836800,50.849998474121094,49.60499954223633,40.44148635864258
16-05-2012,49.275001525878906,49.83000183105469,3981400,50.79999923706055,49.474998474121094,40.33549499511719
17-05-2012,48.58000183105469,49.45500183105469,3874400,49.65999984741211,48.66999816894531,39.6792106628418
18-05-2012,47.88999938964844,48.94499969482422,4443200,49.310001373291016,48.154998779296875,39.25934600830078
21-05-2012,48.64500045776367,48.665000915527344,4474000,50.130001068115234,50.099998474121094,40.84504318237305
22-05-2012,50.23500061035156,50.79499816894531,5602000,51.73500061035156,50.665000915527344,41.30567169189453
23-05-2012,48.88999938964844,50.14500045776367,5439800,50.89500045776367,50.849998474121094,41.456485748291016
24-05-2012,49.56999969482422,51.0,3806200,51.19499969482422,50.39500045776367,41.0855598449707
25-05-2012,50.279998779296875,50.279998779296875,3559600,51.21500015258789,50.875,41.47686767578125
29-05-2012,51.58000183105469,52.224998474121094,4652600,52.65999984741211,52.43000030517578,42.7446174621582
30-05-2012,49.95000076293945,51.66999816894531,5560600,51.66999816894531,50.494998931884766,41.16706466674805
31-05-2012,48.20000076293945,50.375,7350600,50.42499923706055,49.650001525878906,40.478172302246094
01-06-2012,45.66999816894531,47.939998626708984,13415000,48.06999969482422,45.834999084472656,37.367919921875
04-06-2012,44.42499923706055,45.97999954223633,10072600,46.084999084472656,45.20000076293945,36.850223541259766
05-06-2012,44.78499984741211,44.80500030517578,6586000,46.1150016784668,45.935001373291016,37.44945526123047
06-06-2012,46.415000915527344,46.52000045776367,5499000,47.47999954223633,47.459999084472656,38.69272232055664
07-06-2012,47.20500183105469,48.290000915527344,6559000,48.70000076293945,47.724998474121094,38.90877914428711
08-06-2012,45.880001068115234,46.90999984741211,4717600,47.064998626708984,46.939998626708984,38.2687873840332
11-06-2012,45.900001525878906,47.67499923706055,4168200,48.04999923706055,45.96500015258789,37.473907470703125
12-06-2012,46.1150016784668,46.30500030517578,3856800,47.185001373291016,47.084999084472656,38.38700866699219
13-06-2012,46.0099983215332,46.89500045776367,4524600,47.6150016784668,46.349998474121094,37.78776931762695
14-06-2012,46.11000061035156,46.45000076293945,5099200,47.474998474121094,47.22999954223633,38.505218505859375
15-06-2012,46.95500183105469,47.44499969482422,5798600,48.38999938964844,48.31999969482422,39.39385223388672
18-06-2012,47.18000030517578,48.01499938964844,4492600,48.084999084472656,47.3650016784668,38.61527633666992
19-06-2012,47.290000915527344,47.845001220703125,4502200,48.15999984741211,47.974998474121094,39.112586975097656
20-06-2012,46.06999969482422,48.06999969482422,6199000,48.3849983215332,46.470001220703125,37.8856086730957
21-06-2012,43.16999816894531,46.42499923706055,11919000,46.6349983215332,43.2400016784668,35.252296447753906
22-06-2012,42.935001373291016,43.845001220703125,6630400,43.98500061035156,43.810001373291016,35.71699523925781
25-06-2012,41.83000183105469,42.845001220703125,6179200,42.939998626708984,42.45000076293945,34.60823059082031
26-06-2012,41.2400016784668,42.459999084472656,7419800,42.779998779296875,41.97999954223633,34.22505187988281
27-06-2012,42.040000915527344,42.125,10073800,43.084999084472656,42.8650016784668,34.946563720703125
28-06-2012,41.94499969482422,42.599998474121094,8044200,42.91999816894531,42.58000183105469,34.71420669555664
29-06-2012,43.78499984741211,43.974998474121094,9941400,45.130001068115234,45.05500030517578,36.73200607299805
02-07-2012,43.77000045776367,44.77000045776367,3431400,44.970001220703125,44.470001220703125,36.255062103271484
03-07-2012,45.0,45.0,5677200,47.5,47.44499969482422,38.68049621582031
05-07-2012,45.880001068115234,47.040000915527344,4101600,47.25,46.0,37.502437591552734
06-07-2012,44.53499984741211,44.8849983215332,3424200,45.67499923706055,45.31999969482422,36.948055267333984
09-07-2012,45.095001220703125,45.20500183105469,4715000,46.435001373291016,45.744998931884766,37.29454040527344
10-07-2012,44.375,45.73500061035156,4704200,45.97999954223633,44.67499923706055,36.422210693359375
11-07-2012,44.85499954223633,44.85499954223633,5386200,46.310001373291016,45.939998626708984,37.453529357910156
12-07-2012,44.54499816894531,45.08000183105469,5869600,45.91999816894531,45.525001525878906,37.11518859863281
13-07-2012,45.599998474121094,45.685001373291016,3690400,46.540000915527344,46.46500015258789,37.95240783691406
16-07-2012,45.64500045776367,46.21500015258789,3599000,46.91999816894531,46.619998931884766,38.079002380371094
17-07-2012,46.165000915527344,47.09000015258789,5095000,47.71500015258789,47.619998931884766,38.895782470703125
18-07-2012,47.275001525878906,47.42499923706055,5117400,48.71500015258789,48.349998474121094,39.492061614990234
19-07-2012,48.3849983215332,48.595001220703125,6149800,49.314998626708984,49.125,40.12507247924805
20-07-2012,48.125,48.73500061035156,5496200,49.64500045776367,49.6150016784668,40.525299072265625
23-07-2012,47.1150016784668,48.314998626708984,6470400,48.7400016784668,48.599998474121094,39.696258544921875
24-07-2012,47.20500183105469,48.64500045776367,3716000,48.95000076293945,47.75,39.001983642578125
25-07-2012,47.10499954223633,48.244998931884766,3024400,48.3650016784668,47.845001220703125,39.07957458496094
26-07-2012,48.130001068115234,48.66999816894531,4041800,49.290000915527344,48.709999084472656,39.786094665527344
27-07-2012,48.724998474121094,48.98500061035156,4790200,50.73500061035156,50.505001068115234,41.25225830078125
30-07-2012,49.21500015258789,50.34000015258789,3378400,50.810001373291016,49.779998779296875,40.66007995605469
31-07-2012,48.974998474121094,49.709999084472656,3237800,49.95000076293945,49.005001068115234,40.02705383300781
01-08-2012,48.52000045776367,49.46500015258789,4492600,50.595001220703125,50.224998474121094,41.0235481262207
02-08-2012,47.63999938964844,49.064998626708984,4967400,49.564998626708984,48.060001373291016,39.25518798828125
03-08-2012,51.06999969482422,51.529998779296875,10517400,54.375,53.375,43.5964469909668
06-08-2012,52.755001068115234,53.48500061035156,5040200,53.665000915527344,52.869998931884766,43.18396759033203
07-08-2012,52.78499984741211,52.8650016784668,4976200,54.75,54.369998931884766,44.40916442871094
08-08-2012,53.70500183105469,53.709999084472656,3798400,54.529998779296875,53.95000076293945,44.06612014770508
09-08-2012,53.71500015258789,53.76499938964844,4150800,55.400001525878906,54.70500183105469,44.68280029296875
10-08-2012,54.0,54.05500030517578,3002200,55.18000030517578,54.994998931884766,44.91966247558594
13-08-2012,54.40999984741211,55.45000076293945,2663200,55.45000076293945,54.650001525878906,44.63786315917969
14-08-2012,54.85499954223633,55.130001068115234,3886600,55.55500030517578,55.17499923706055,45.06669616699219
15-08-2012,54.48500061035156,54.84000015258789,2989200,55.3650016784668,54.90999984741211,44.85023880004883
16-08-2012,54.70000076293945,54.880001068115234,3037200,55.540000915527344,55.494998931884766,45.328060150146484
17-08-2012,55.04999923706055,55.25,2636600,55.68000030517578,55.595001220703125,45.40974807739258
20-08-2012,54.584999084472656,55.755001068115234,2584200,55.779998779296875,54.78499984741211,44.74814224243164
21-08-2012,54.1349983215332,55.13999938964844,3073800,55.42499923706055,54.3849983215332,44.42142105102539
22-08-2012,53.54999923706055,54.275001525878906,3105400,54.599998474121094,54.45500183105469,44.47859191894531
23-08-2012,53.220001220703125,54.375,2864600,54.59000015258789,53.505001068115234,43.70263671875
24-08-2012,53.28499984741211,53.47999954223633,4370400,54.59000015258789,54.45500183105469,44.47859191894531
27-08-2012,54.08000183105469,54.4900016784668,2816200,54.97999954223633,54.584999084472656,44.58477020263672
28-08-2012,54.02000045776367,54.619998931884766,3514600,54.959999084472656,54.40999984741211,44.44182586669922
29-08-2012,53.73500061035156,54.439998626708984,2580200,54.4900016784668,54.025001525878906,44.12736892700195
30-08-2012,52.724998474121094,53.724998474121094,2562800,53.724998474121094,52.94499969482422,43.24523162841797
31-08-2012,53.04999923706055,53.494998931884766,3420200,54.30500030517578,54.150001525878906,44.22946548461914
04-09-2012,53.595001220703125,54.130001068115234,4144200,54.875,54.65999984741211,44.646034240722656
05-09-2012,54.224998474121094,54.540000915527344,3174200,54.755001068115234,54.27000045776367,44.327491760253906
06-09-2012,54.79999923706055,54.90999984741211,4160800,56.60499954223633,56.20500183105469,45.90799331665039
07-09-2012,55.3650016784668,55.474998474121094,4704400,56.63999938964844,56.439998626708984,46.099918365478516
10-09-2012,56.04499816894531,56.5,3535000,57.23500061035156,56.20000076293945,45.90391159057617
11-09-2012,55.96500015258789,56.404998779296875,3332600,56.72999954223633,56.21500015258789,45.9161491394043
12-09-2012,55.79499816894531,56.42499923706055,3305000,56.970001220703125,56.4900016784668,46.140777587890625
13-09-2012,55.900001525878906,56.71500015258789,3997000,58.060001373291016,57.59000015258789,47.039249420166016
14-09-2012,57.869998931884766,57.869998931884766,3856600,59.845001220703125,58.810001373291016,48.03573989868164
17-09-2012,57.939998626708984,58.70500183105469,2922200,59.1150016784668,58.20000076293945,47.53749465942383
18-09-2012,57.28499984741211,58.1150016784668,2282400,58.40999984741211,57.939998626708984,47.32511901855469
19-09-2012,56.75,57.83000183105469,3288000,57.89500045776367,56.78499984741211,46.38172149658203
20-09-2012,55.744998931884766,56.45500183105469,4148000,57.040000915527344,56.775001525878906,46.37355422973633
21-09-2012,56.625,57.28499984741211,4015200,57.369998931884766,56.974998474121094,46.53691864013672
24-09-2012,56.08000183105469,56.29999923706055,2492600,56.869998931884766,56.60499954223633,46.234703063964844
25-09-2012,56.130001068115234,56.849998474121094,3068400,57.20500183105469,56.209999084472656,45.91206359863281
26-09-2012,55.20000076293945,55.935001373291016,2732400,56.040000915527344,55.29999923706055,45.168785095214844
27-09-2012,55.75,55.880001068115234,1953800,56.8849983215332,56.599998474121094,46.23060607910156
28-09-2012,55.56999969482422,56.29999923706055,2295400,56.5,56.025001525878906,45.760963439941406
01-10-2012,56.45500183105469,56.494998931884766,3422000,57.345001220703125,57.095001220703125,46.63492965698242
02-10-2012,56.935001373291016,57.39500045776367,3617200,57.63999938964844,57.56999969482422,47.02291488647461
03-10-2012,55.400001525878906,57.415000915527344,4238000,57.5,55.540000915527344,45.36482238769531
04-10-2012,55.32500076293945,55.96500015258789,4041200,56.125,55.709999084472656,45.503665924072266
05-10-2012,54.75,55.755001068115234,3295800,56.20000076293945,54.95500183105469,44.886985778808594
08-10-2012,54.31999969482422,54.43000030517578,2263000,54.98500061035156,54.90999984741211,44.85023880004883
09-10-2012,54.63999938964844,54.95500183105469,2638800,55.900001525878906,55.525001525878906,45.35256576538086
10-10-2012,54.595001220703125,55.42499923706055,2658400,55.67499923706055,54.75,44.719547271728516
11-10-2012,54.79999923706055,55.20500183105469,1995000,55.6349983215332,54.915000915527344,44.85431671142578
12-10-2012,53.935001373291016,54.98500061035156,2558200,55.154998779296875,54.38999938964844,44.42549133300781
15-10-2012,53.880001068115234,54.33000183105469,2979000,55.290000915527344,55.125,45.09632110595703
16-10-2012,55.755001068115234,55.85499954223633,3286200,56.94499969482422,56.869998931884766,46.52386474609375
17-10-2012,56.78499984741211,57.27000045776367,2874200,57.82500076293945,57.619998931884766,47.13741683959961
18-10-2012,56.869998931884766,57.27000045776367,2171600,57.540000915527344,57.375,46.9370002746582
19-10-2012,56.28499984741211,57.26499938964844,3024000,57.724998474121094,56.53499984741211,46.24980926513672
22-10-2012,55.21500015258789,56.38999938964844,3717400,56.470001220703125,56.05500030517578,45.857120513916016
23-10-2012,54.51499938964844,55.03499984741211,4001000,55.45000076293945,55.08000183105469,45.05949401855469
24-10-2012,54.8849983215332,55.439998626708984,3774200,55.77000045776367,55.349998474121094,45.2803840637207
25-10-2012,55.45500183105469,56.025001525878906,2301600,56.220001220703125,56.209999084472656,45.98394012451172
26-10-2012,56.005001068115234,56.14500045776367,4463600,57.25,57.04499816894531,46.66700744628906
31-10-2012,57.119998931884766,57.125,4601800,58.28499984741211,58.244998931884766,47.648719787597656
01-11-2012,58.02000045776367,58.244998931884766,3662000,59.29999923706055,58.439998626708984,47.80823516845703
02-11-2012,57.345001220703125,58.8849983215332,5006800,59.255001068115234,57.599998474121094,47.121063232421875
05-11-2012,57.275001525878906,57.275001525878906,4379000,58.53499984741211,58.404998779296875,47.77959060668945
06-11-2012,60.650001525878906,61.69499969482422,8548400,62.244998931884766,60.9900016784668,49.89432907104492
07-11-2012,59.665000915527344,60.0,6031800,60.474998474121094,60.0,49.08443069458008
08-11-2012,57.85499954223633,59.935001373291016,4513600,60.3849983215332,57.8849983215332,47.35418701171875
09-11-2012,57.224998474121094,57.814998626708984,4984600,58.3849983215332,57.2599983215332,46.8428840637207
12-11-2012,56.720001220703125,57.54499816894531,2177600,57.79999923706055,57.380001068115234,46.94108581542969
13-11-2012,56.845001220703125,56.95000076293945,3884800,58.56999969482422,57.63999938964844,47.153785705566406
14-11-2012,56.5,57.689998626708984,3100000,57.95000076293945,56.68000030517578,46.368431091308594
15-11-2012,56.65999984741211,56.720001220703125,4758000,58.275001525878906,58.08000183105469,47.513729095458984
16-11-2012,57.39500045776367,58.625,5257800,58.72999954223633,58.334999084472656,47.72232437133789
19-11-2012,58.90999984741211,59.10499954223633,3986000,60.400001525878906,59.30500030517578,48.515865325927734
20-11-2012,58.275001525878906,59.19499969482422,2629400,59.27000045776367,58.70000076293945,48.02093505859375
21-11-2012,58.70000076293945,58.89500045776367,2230200,59.27000045776367,59.06999969482422,48.32361602783203
23-11-2012,58.82500076293945,59.25,1168800,59.57500076293945,59.494998931884766,48.67131042480469
26-11-2012,57.79999923706055,58.724998474121094,2502400,58.915000915527344,58.32500076293945,47.71416091918945
27-11-2012,57.220001220703125,57.77000045776367,5118400,58.029998779296875,57.540000915527344,47.07196807861328
28-11-2012,56.36000061035156,57.04499816894531,3223200,58.29499816894531,58.17499923706055,47.59144973754883
29-11-2012,58.404998779296875,58.79999923706055,2838000,59.209999084472656,58.81999969482422,48.119102478027344
30-11-2012,58.525001525878906,58.70000076293945,2897200,59.20500183105469,58.810001373291016,48.110931396484375
03-12-2012,58.564998626708984,59.119998931884766,2572400,59.54999923706055,58.619998931884766,47.95549011230469
04-12-2012,58.345001220703125,58.470001220703125,1801400,59.0,58.59000015258789,47.930946350097656
05-12-2012,58.66999816894531,58.75,3441200,59.775001525878906,59.36000061035156,48.56085968017578
06-12-2012,58.5,59.14500045776367,2416600,59.375,59.18000030517578,48.413604736328125
07-12-2012,58.46500015258789,59.35499954223633,2670400,59.35499954223633,58.67499923706055,48.000484466552734
10-12-2012,58.28499984741211,58.599998474121094,2132400,58.93000030517578,58.8650016784668,48.15592575073242
11-12-2012,58.98500061035156,59.15999984741211,2716000,59.75,59.3650016784668,48.5649528503418
12-12-2012,59.36000061035156,59.599998474121094,3622600,60.685001373291016,60.369998931884766,49.38710403442383
13-12-2012,59.17499923706055,60.154998779296875,3789200,60.32500076293945,59.255001068115234,48.47496032714844
14-12-2012,59.02000045776367,59.189998626708984,2401800,59.900001525878906,59.494998931884766,48.67131042480469
17-12-2012,59.38999938964844,59.69499969482422,2499600,60.4900016784668,60.48500061035156,49.48119354248047
18-12-2012,60.5,60.540000915527344,3696200,62.125,61.959999084472656,50.68785858154297
19-12-2012,61.220001220703125,61.79999923706055,3038800,62.0099983215332,61.224998474121094,50.08656692504883
20-12-2012,61.20000076293945,61.39500045776367,3053600,62.25,62.185001373291016,50.87192916870117
21-12-2012,60.939998626708984,61.209999084472656,4666400,62.08000183105469,61.78499984741211,50.544681549072266
24-12-2012,61.34000015258789,61.55500030517578,1560800,62.099998474121094,61.3849983215332,50.21745300292969
26-12-2012,60.61000061035156,61.56999969482422,2096400,61.57500076293945,60.775001525878906,49.71843719482422
27-12-2012,59.779998779296875,60.9900016784668,3196600,61.07500076293945,60.814998626708984,49.751163482666016
28-12-2012,59.25,60.279998779296875,2196200,60.46500015258789,59.30500030517578,48.515865325927734
31-12-2012,59.0,59.05500030517578,3561800,60.4900016784668,60.39500045776367,49.407569885253906
02-01-2013,60.720001220703125,61.70000076293945,3665200,61.84000015258789,61.84000015258789,50.589691162109375
03-01-2013,61.23500061035156,61.744998931884766,2928400,62.744998931884766,62.09000015258789,50.79420471191406
04-01-2013,61.974998474121094,62.1150016784668,2518600,63.125,62.900001525878906,51.456851959228516
07-01-2013,62.07500076293945,62.60499954223633,2857800,63.04999923706055,62.994998931884766,51.534568786621094
08-01-2013,61.59000015258789,62.875,3122400,62.994998931884766,62.06999969482422,50.77784729003906
09-01-2013,61.845001220703125,62.18000030517578,1755200,62.584999084472656,62.314998626708984,50.978275299072266
10-01-2013,62.279998779296875,62.70000076293945,2277000,63.064998626708984,63.04999923706055,51.579566955566406
11-01-2013,62.5,63.029998779296875,2264600,63.224998474121094,62.814998626708984,51.38731002807617
14-01-2013,62.1150016784668,62.82500076293945,2046800,63.13999938964844,62.33000183105469,50.99054718017578
15-01-2013,61.875,62.005001068115234,3347000,62.75,62.54999923706055,51.240394592285156
16-01-2013,62.19499969482422,62.415000915527344,3009800,62.75,62.685001373291016,51.350990295410156
17-01-2013,62.44499969482422,63.0,3449000,63.275001525878906,63.01499938964844,51.62131118774414
18-01-2013,62.61000061035156,63.16999816894531,3532800,63.540000915527344,63.39500045776367,51.93262481689453
22-01-2013,62.45000076293945,63.474998474121094,3831400,63.66999816894531,63.25,51.81382369995117
23-01-2013,62.25,63.08000183105469,2282000,63.29499816894531,62.375,51.09703826904297
24-01-2013,62.39500045776367,62.45000076293945,2724000,63.20000076293945,62.494998931884766,51.19533920288086
25-01-2013,62.27000045776367,62.685001373291016,2365000,63.27000045776367,62.6349983215332,51.31001281738281
28-01-2013,61.775001525878906,62.904998779296875,2718400,62.904998779296875,62.099998474121094,50.87175750732422
29-01-2013,62.005001068115234,62.33000183105469,2821400,63.595001220703125,63.470001220703125,51.99405288696289
30-01-2013,63.084999084472656,63.584999084472656,3195000,64.71499633789062,63.15999984741211,51.74009323120117
31-01-2013,62.25,62.75,3528000,62.98500061035156,62.4900016784668,51.191246032714844
01-02-2013,62.494998931884766,63.31999969482422,3367000,64.3949966430664,64.30000305175781,52.673973083496094
04-02-2013,63.29999923706055,63.834999084472656,2681200,63.89500045776367,63.64500045776367,52.13740921020508
05-02-2013,63.95000076293945,64.32499694824219,2044400,64.63500213623047,64.41000366210938,52.76408767700195
06-02-2013,63.76499938964844,63.8650016784668,1729400,64.95999908447266,64.83499908447266,53.112247467041016
07-02-2013,64.0250015258789,64.86000061035156,2315800,65.05500030517578,64.88500213623047,53.153221130371094
08-02-2013,65.06999969482422,65.06999969482422,3602200,66.69499969482422,66.63999938964844,54.59089279174805
11-02-2013,66.05999755859375,66.6449966430664,3396200,66.83999633789062,66.66999816894531,54.61545944213867
12-02-2013,66.4000015258789,66.75,3462400,67.34500122070312,67.05000305175781,54.92675018310547
13-02-2013,66.3499984741211,67.05000305175781,3178000,67.19999694824219,66.80000305175781,54.721954345703125
14-02-2013,66.54000091552734,69.03500366210938,5912000,69.0999984741211,66.66500091552734,54.611358642578125
15-02-2013,63.88999938964844,66.62999725341797,6343200,67.0,64.59500122070312,52.9156494140625
19-02-2013,65.0199966430664,65.27999877929688,3935400,65.79000091552734,65.69999694824219,53.82083511352539
20-02-2013,63.65999984741211,65.71499633789062,4943600,65.87000274658203,63.69499969482422,52.17837142944336
21-02-2013,61.775001525878906,63.244998931884766,5828200,63.529998779296875,62.02000045776367,50.80622482299805
22-02-2013,61.845001220703125,62.5,4546200,62.91999816894531,62.66999816894531,51.33869552612305
25-02-2013,60.82500076293945,62.834999084472656,5190600,63.47999954223633,60.8849983215332,49.876441955566406
26-02-2013,60.380001068115234,61.185001373291016,3928600,61.92499923706055,61.75,50.58503723144531
27-02-2013,61.3849983215332,61.55500030517578,4719000,63.564998626708984,63.459999084472656,51.98585510253906
28-02-2013,62.79999923706055,63.220001220703125,4326200,63.97999954223633,62.85499954223633,51.49024200439453
01-03-2013,61.1150016784668,62.31999969482422,5727000,62.67499923706055,61.5,50.3802490234375
04-03-2013,60.5,61.38999938964844,3752200,61.439998626708984,60.89500045776367,49.88462829589844
05-03-2013,61.209999084472656,61.540000915527344,3915600,62.525001525878906,62.349998474121094,51.07654571533203
06-03-2013,62.15999984741211,62.59000015258789,4088800,62.974998474121094,62.79999923706055,51.4452018737793
07-03-2013,62.685001373291016,62.875,2442600,64.11499786376953,63.779998779296875,52.24799346923828
08-03-2013,63.744998931884766,64.09500122070312,2449200,64.45999908447266,64.33999633789062,52.70675277709961
11-03-2013,63.70500183105469,64.16500091552734,2084000,64.68499755859375,64.33000183105469,52.69856262207031
12-03-2013,64.55999755859375,64.75,2585600,65.19999694824219,65.04000091552734,53.28017807006836
13-03-2013,64.74500274658203,65.0,2634800,65.58999633789062,64.94000244140625,53.198280334472656
14-03-2013,65.13500213623047,65.24500274658203,2847800,66.00499725341797,65.91500091552734,53.99696731567383
15-03-2013,65.20500183105469,65.73500061035156,4972200,66.41999816894531,65.20999908447266,53.41943359375
18-03-2013,64.16000366210938,64.45500183105469,2773400,65.20999908447266,64.46499633789062,52.809139251708984
19-03-2013,63.35499954223633,64.55000305175781,2513600,64.76000213623047,63.6349983215332,52.12922668457031
20-03-2013,63.084999084472656,64.18000030517578,3784800,64.4000015258789,63.119998931884766,51.707340240478516
21-03-2013,61.92499923706055,62.6349983215332,4030200,63.42499923706055,61.95000076293945,50.7488899230957
22-03-2013,61.810001373291016,62.220001220703125,2790400,62.53499984741211,62.4900016784668,51.191246032714844
25-03-2013,61.51499938964844,62.8849983215332,3087000,63.400001525878906,61.959999084472656,50.75707244873047
26-03-2013,62.185001373291016,62.2400016784668,4865200,64.69499969482422,64.44999694824219,52.7968635559082
27-03-2013,63.095001220703125,63.94499969482422,3713800,64.33499908447266,64.0999984741211,52.510135650634766
28-03-2013,63.71500015258789,64.08499908447266,3039400,64.57499694824219,64.03500366210938,52.45690155029297
01-04-2013,63.314998626708984,64.03500366210938,2257400,64.41500091552734,64.25499725341797,52.637115478515625
02-04-2013,64.0199966430664,64.4000015258789,3105200,65.0250015258789,64.5250015258789,52.85828399658203
03-04-2013,62.875,64.5250015258789,3335400,64.70999908447266,63.04999923706055,51.650001525878906
04-04-2013,61.314998626708984,63.03499984741211,4745800,63.03499984741211,61.43000030517578,50.32291793823242
05-04-2013,60.380001068115234,60.5,4256400,62.435001373291016,62.375,51.09703826904297
08-04-2013,62.26499938964844,62.44499969482422,2525200,63.61000061035156,63.44499969482422,51.973575592041016
09-04-2013,63.099998474121094,63.53499984741211,2289400,64.6050033569336,64.125,52.530616760253906
10-04-2013,64.23999786376953,64.27999877929688,2723000,65.0999984741211,64.30999755859375,52.68217086791992
11-04-2013,63.86000061035156,64.50499725341797,2956800,64.83000183105469,64.12999725341797,52.53472137451172
12-04-2013,62.005001068115234,63.650001525878906,4050600,63.900001525878906,62.064998626708984,50.917720794677734
15-04-2013,58.064998626708984,61.18000030517578,5775400,61.185001373291016,58.095001220703125,47.660762786865234
16-04-2013,57.90999984741211,58.915000915527344,4537000,59.81999969482422,59.57500076293945,48.874942779541016
17-04-2013,56.72999954223633,58.70500183105469,6131200,58.93000030517578,57.40999984741211,47.09878921508789
18-04-2013,56.025001525878906,57.69499969482422,6903800,57.97999954223633,57.654998779296875,47.2997932434082
19-04-2013,56.46500015258789,58.08000183105469,4954200,58.13999938964844,56.720001220703125,46.53271484375
22-04-2013,56.755001068115234,56.974998474121094,4329000,58.40999984741211,58.20000076293945,47.74689483642578
23-04-2013,57.6349983215332,58.45000076293945,4435600,58.689998626708984,58.5,47.99302291870117
24-04-2013,58.5,58.52000045776367,3838000,60.224998474121094,59.96500015258789,49.19489669799805
25-04-2013,59.68000030517578,60.08000183105469,4523000,61.76499938964844,60.93000030517578,49.986568450927734
26-04-2013,59.5,60.849998474121094,4676200,60.95500183105469,59.560001373291016,48.86263656616211
29-04-2013,59.939998626708984,60.25,2326800,61.36000061035156,60.96500015258789,50.015296936035156
30-04-2013,60.29499816894531,60.900001525878906,3567800,61.369998931884766,60.58000183105469,49.699440002441406
01-05-2013,58.880001068115234,60.19499969482422,3678600,60.19499969482422,59.415000915527344,48.74368667602539
02-05-2013,59.0,59.625,3080400,60.130001068115234,59.834999084472656,49.08824157714844
03-05-2013,60.70000076293945,60.70000076293945,4339000,62.099998474121094,61.9900016784668,50.85619354248047
06-05-2013,61.630001068115234,62.29999923706055,5604800,63.3650016784668,63.02000045776367,51.70119094848633
07-05-2013,66.4800033569336,66.8949966430664,10445000,68.9800033569336,67.84500122070312,55.65959548950195
08-05-2013,67.95999908447266,68.0199966430664,6426200,69.38999938964844,68.94999694824219,56.56611633300781
09-05-2013,67.76499938964844,69.40499877929688,5611400,69.5,68.04000091552734,55.81956100463867
10-05-2013,65.8499984741211,67.74500274658203,4896400,67.74500274658203,66.79000091552734,54.794071197509766
13-05-2013,66.15499877929688,66.41000366210938,3208800,67.2699966430664,66.83000183105469,54.82688903808594
14-05-2013,66.91000366210938,67.0,3957800,68.48500061035156,68.33499908447266,56.06159210205078
15-05-2013,67.0250015258789,68.24500274658203,4216200,68.81999969482422,67.34500122070312,55.24939727783203
16-05-2013,66.37000274658203,67.25499725341797,3958800,67.45999908447266,66.61000061035156,54.64640808105469
17-05-2013,66.75499725341797,66.9000015258789,5239200,67.94499969482422,67.625,55.479122161865234
20-05-2013,67.43499755859375,67.68499755859375,4074400,68.57499694824219,67.80500030517578,55.626792907714844
21-05-2013,67.0250015258789,67.88999938964844,2490200,68.13500213623047,67.13999938964844,55.08121109008789
22-05-2013,64.91000366210938,67.08000183105469,4040000,67.76499938964844,65.46499633789062,53.707069396972656
23-05-2013,64.11499786376953,64.48500061035156,3610600,65.81999969482422,65.69999694824219,53.89984130859375
24-05-2013,64.31500244140625,64.86499786376953,2411000,65.4749984741211,65.41500091552734,53.666038513183594
28-05-2013,64.75499725341797,66.2300033569336,3505800,66.625,65.55999755859375,53.78499984741211
29-05-2013,65.05999755859375,65.16999816894531,3149600,66.70999908447266,66.41500091552734,54.48643112182617
30-05-2013,65.44999694824219,66.16500091552734,2435200,66.97000122070312,66.34500122070312,54.42900085449219
31-05-2013,64.54499816894531,65.86499786376953,3438200,66.30000305175781,64.55000305175781,52.95641326904297
03-06-2013,64.86000061035156,65.07499694824219,2904200,66.06500244140625,65.875,54.04343795776367
04-06-2013,65.16500091552734,65.73500061035156,3553000,66.31999969482422,66.08000183105469,54.21160888671875
05-06-2013,64.24500274658203,65.83000183105469,2890800,65.98500061035156,64.26000213623047,52.71849060058594
06-06-2013,63.7599983215332,64.45500183105469,2992600,65.32499694824219,65.31999969482422,53.58810806274414
07-06-2013,65.0999984741211,65.55000305175781,2235600,66.82499694824219,66.33999633789062,54.424903869628906
10-06-2013,65.57499694824219,66.16500091552734,1533600,66.30000305175781,65.80999755859375,53.9901008605957
11-06-2013,64.12000274658203,64.6449966430664,2794600,65.16000366210938,64.55500030517578,52.96050262451172
12-06-2013,64.73999786376953,65.62999725341797,2709400,65.88500213623047,64.81500244140625,53.17380142211914
13-06-2013,64.67500305175781,64.83999633789062,3135000,66.75,66.66500091552734,54.691524505615234
14-06-2013,65.56500244140625,66.80500030517578,2687800,66.80500030517578,65.87000274658203,54.03931427001953
17-06-2013,66.08000183105469,66.5999984741211,2379400,67.16999816894531,66.66500091552734,54.691524505615234
18-06-2013,66.56999969482422,66.75,2800400,67.9800033569336,67.51000213623047,55.384765625
19-06-2013,67.38999938964844,67.48500061035156,3409000,68.99500274658203,67.79499816894531,55.61857986450195
20-06-2013,64.8949966430664,66.86000061035156,4397600,66.94499969482422,65.49500274658203,53.73166275024414
21-06-2013,64.28500366210938,66.12000274658203,4786600,66.19999694824219,65.19999694824219,53.48965835571289
24-06-2013,62.26499938964844,64.44499969482422,3962200,64.7300033569336,63.70500183105469,52.26316452026367
25-06-2013,64.11000061035156,64.51000213623047,3441000,65.55000305175781,65.07499694824219,53.38710021972656
26-06-2013,64.76499938964844,65.59500122070312,2504600,66.2750015258789,65.92500305175781,54.08444595336914
27-06-2013,65.36000061035156,66.58000183105469,3610800,67.04000091552734,65.50499725341797,53.739871978759766
28-06-2013,65.01000213623047,65.21499633789062,3424400,66.49500274658203,65.83999633789062,54.01470184326172
01-07-2013,66.62000274658203,66.8949966430664,3230400,68.21499633789062,67.65499877929688,55.503719329833984
02-07-2013,67.62000274658203,67.62000274658203,4339200,69.63500213623047,68.94000244140625,56.557926177978516
03-07-2013,68.40499877929688,69.0,1707400,69.25,69.08999633789062,56.68097686767578
05-07-2013,69.31500244140625,69.52999877929688,2281000,70.31999969482422,70.19999694824219,57.59162902832031
08-07-2013,69.50499725341797,70.75,3429400,71.26499938964844,69.87999725341797,57.32910919189453
09-07-2013,70.19499969482422,70.4749984741211,3547400,71.23500061035156,71.11000061035156,58.33817672729492
10-07-2013,70.81500244140625,71.34500122070312,3534000,71.83999633789062,71.13500213623047,58.35869598388672
11-07-2013,71.44499969482422,72.0,5601400,73.3949966430664,71.7750015258789,58.88375473022461
12-07-2013,70.95500183105469,71.55000305175781,3772200,72.38500213623047,72.3550033569336,59.359580993652344
15-07-2013,71.29499816894531,72.31500244140625,3459200,72.80999755859375,71.7699966430664,58.95622634887695
16-07-2013,71.875,71.88999938964844,3735400,72.7699966430664,72.27999877929688,59.375186920166016
17-07-2013,72.32499694824219,72.5250015258789,2746000,73.20999908447266,72.91500091552734,59.896812438964844
18-07-2013,73.11000061035156,73.20999908447266,3070600,74.13500213623047,73.5,60.37734603881836
19-07-2013,73.25499725341797,73.90499877929688,2742200,74.3499984741211,74.33499908447266,61.06328201293945
22-07-2013,73.7699966430664,74.31500244140625,3240800,75.0250015258789,74.74500274658203,61.400081634521484
23-07-2013,74.00499725341797,74.80999755859375,3264600,74.98999786376953,74.31999969482422,61.050960540771484
24-07-2013,71.58000183105469,74.54499816894531,6075800,74.56999969482422,72.03500366210938,59.173912048339844
25-07-2013,72.0,72.03500366210938,3925000,73.69999694824219,73.68499755859375,60.52932357788086
26-07-2013,72.12000274658203,73.12000274658203,2974400,73.36000061035156,72.87000274658203,59.85981369018555
29-07-2013,71.93499755859375,72.66000366210938,1627400,72.76000213623047,72.3550033569336,59.436798095703125
30-07-2013,70.7750015258789,72.5250015258789,3268400,72.88999938964844,72.05000305175781,59.1862678527832
31-07-2013,72.30999755859375,72.30999755859375,3469400,74.08499908447266,72.74500274658203,59.75716781616211
01-08-2013,73.78500366210938,73.78500366210938,3991600,76.45500183105469,76.03500366210938,62.45978546142578
02-08-2013,75.125,75.37999725341797,2813200,76.6050033569336,76.51499938964844,62.85406494140625
05-08-2013,76.07499694824219,76.47000122070312,3574000,77.5199966430664,77.08999633789062,63.3264045715332
06-08-2013,75.65499877929688,77.05000305175781,4948800,77.45500183105469,76.61000061035156,62.932125091552734
07-08-2013,77.6449966430664,80.15499877929688,9410200,80.73500061035156,78.11000061035156,64.16429138183594
08-08-2013,78.15499877929688,78.93000030517578,4722600,80.125,79.29000091552734,65.13360595703125
09-08-2013,79.0,79.33000183105469,3664400,79.98500061035156,79.41999816894531,65.24038696289062
12-08-2013,78.7300033569336,79.08000183105469,4004400,80.2249984741211,79.37999725341797,65.20755767822266
13-08-2013,78.37999725341797,79.5,2282600,79.57499694824219,79.12000274658203,64.99398040771484
14-08-2013,78.05999755859375,79.05999755859375,2548200,79.44999694824219,78.19999694824219,64.23819732666016
15-08-2013,77.1449966430664,77.7699966430664,2551400,78.88999938964844,78.29499816894531,64.3162612915039
16-08-2013,77.15499877929688,77.76499938964844,2502000,78.44499969482422,77.74500274658203,63.86445999145508
19-08-2013,76.2699966430664,77.76000213623047,2752800,78.05999755859375,76.34500122070312,62.71443557739258
20-08-2013,76.08000183105469,76.3499984741211,2395400,77.94499969482422,77.30999755859375,63.50712203979492
21-08-2013,75.69499969482422,77.18499755859375,2361200,77.18499755859375,75.91999816894531,62.36528015136719
22-08-2013,76.2249984741211,76.36499786376953,1463000,77.68000030517578,77.19999694824219,63.416778564453125
23-08-2013,76.7699966430664,77.19999694824219,2084200,78.3949966430664,78.30999755859375,64.32859802246094
26-08-2013,78.41500091552734,78.62999725341797,2204200,79.80500030517578,78.55500030517578,64.52983093261719
27-08-2013,78.0,78.08000183105469,2267600,79.27999877929688,78.1449966430664,64.19303131103516
28-08-2013,78.41500091552734,78.47000122070312,3517800,80.66000366210938,79.7300033569336,65.49507141113281
29-08-2013,78.33999633789062,79.36499786376953,1990800,79.6500015258789,78.54499816894531,64.5216293334961
30-08-2013,78.1449966430664,78.75,2166200,79.16000366210938,78.5250015258789,64.50519561767578
03-09-2013,78.5250015258789,79.7300033569336,2207600,80.24500274658203,79.21499633789062,65.07201385498047
04-09-2013,78.74500274658203,78.74500274658203,2611800,80.50499725341797,80.26499938964844,65.9345703125
05-09-2013,80.4749984741211,80.61000061035156,1967800,81.30999755859375,80.71499633789062,66.30419921875
06-09-2013,80.29000091552734,81.28500366210938,3772400,82.16500091552734,80.86000061035156,66.42330169677734
09-09-2013,81.08499908447266,81.55000305175781,3747000,82.0,81.82499694824219,67.21601867675781
10-09-2013,80.46499633789062,81.75,3420600,82.36000061035156,81.75,67.15441131591797
11-09-2013,81.41999816894531,81.7249984741211,3613400,83.68499755859375,83.57499694824219,68.65361785888672
12-09-2013,83.5,83.7699966430664,3130200,84.38500213623047,83.99500274658203,68.99861145019531
13-09-2013,83.05000305175781,83.875,2089400,84.06999969482422,83.22000122070312,68.36195373535156
16-09-2013,82.54000091552734,83.7699966430664,2466600,83.99500274658203,82.9000015258789,68.09911346435547
17-09-2013,82.8949966430664,83.25499725341797,2069800,84.18000030517578,83.88500213623047,68.90824890136719
18-09-2013,83.5999984741211,83.62999725341797,2870200,86.18000030517578,85.8949966430664,70.55938720703125
19-09-2013,84.67500305175781,86.05000305175781,2122000,86.40499877929688,85.36499786376953,70.12399291992188
20-09-2013,84.26499938964844,85.25,3677400,85.76499938964844,84.43499755859375,69.36005401611328
23-09-2013,84.05500030517578,84.28500366210938,2652000,84.8550033569336,84.43000030517578,69.3559341430664
24-09-2013,84.30999755859375,84.70500183105469,4233600,86.95999908447266,86.04499816894531,70.68257141113281
25-09-2013,85.36499786376953,86.04499816894531,3507400,86.6449966430664,85.69000244140625,70.39097595214844
26-09-2013,84.91000366210938,85.86000061035156,1933600,86.08499908447266,86.04499816894531,70.68257141113281
27-09-2013,84.9000015258789,85.61499786376953,1660600,85.83000183105469,85.36499786376953,70.12399291992188
30-09-2013,83.55999755859375,83.77999877929688,2593800,85.16999816894531,84.63999938964844,69.52843475341797
01-10-2013,84.2750015258789,84.30500030517578,2809200,86.41500091552734,86.07499694824219,70.70722198486328
02-10-2013,84.58999633789062,85.93499755859375,2717600,86.18000030517578,86.18000030517578,70.79347229003906
03-10-2013,84.99500274658203,85.9749984741211,2515400,86.11499786376953,85.9000015258789,70.56349182128906
04-10-2013,85.2699966430664,85.95999908447266,3206400,87.43000030517578,87.29499816894531,71.70941162109375
07-10-2013,85.625,86.1050033569336,3423800,87.1050033569336,86.41500091552734,70.98653411865234
08-10-2013,85.20500183105469,86.16999816894531,3545000,87.32499694824219,85.7300033569336,70.423828125
09-10-2013,84.80000305175781,86.16500091552734,3839600,86.77999877929688,85.76000213623047,70.4484634399414
10-10-2013,86.47000122070312,86.69499969482422,3032600,87.47000122070312,87.43000030517578,71.82030487060547
11-10-2013,87.125,87.16000366210938,3899800,90.4749984741211,89.49500274658203,73.51663208007812
14-10-2013,88.16500091552734,88.68000030517578,2461200,90.54000091552734,90.52999877929688,74.3668212890625
15-10-2013,89.5,90.125,3037000,90.98999786376953,89.98500061035156,73.99598693847656
16-10-2013,90.73500061035156,91.23999786376953,4577200,92.93499755859375,91.1449966430664,74.94986724853516
17-10-2013,89.6500015258789,90.83999633789062,4643400,91.19999694824219,90.69499969482422,74.5798110961914
18-10-2013,90.41999816894531,91.33000183105469,4302000,92.08499908447266,91.8949966430664,75.56661224365234
21-10-2013,91.32499694824219,91.5,2405000,92.75,92.16000366210938,75.78450012207031
22-10-2013,91.79000091552734,93.3949966430664,3930000,94.1500015258789,92.57499694824219,76.12577056884766
23-10-2013,88.25499725341797,91.55999755859375,5441400,91.55999755859375,89.22000122070312,73.36692810058594
24-10-2013,88.05500030517578,89.02999877929688,4082000,91.28500366210938,90.71499633789062,74.59626007080078
25-10-2013,90.6449966430664,91.17500305175781,2583800,92.04499816894531,91.72000122070312,75.4227066040039
28-10-2013,90.94000244140625,91.91500091552734,1835000,91.94999694824219,91.20999908447266,75.0032958984375
29-10-2013,91.15499877929688,91.43499755859375,2861800,92.88500213623047,92.54000091552734,76.09700012207031
30-10-2013,89.44499969482422,93.16000366210938,3915000,93.42500305175781,90.16500091552734,74.14399719238281
31-10-2013,88.3550033569336,89.98999786376953,3954400,90.45500183105469,89.19999694824219,73.3504638671875
01-11-2013,87.69999694824219,89.30500030517578,3633200,90.01499938964844,89.48999786376953,73.58893585205078
04-11-2013,89.86499786376953,90.23500061035156,2737200,91.80000305175781,91.7300033569336,75.43089294433594
05-11-2013,89.76000213623047,91.66999816894531,3686200,91.66999816894531,89.86499786376953,73.8973159790039
06-11-2013,87.97000122070312,90.66500091552734,4666800,91.44999694824219,88.31999969482422,72.62683868408203
07-11-2013,82.5250015258789,89.65499877929688,9039000,90.12000274658203,85.79000091552734,70.54635620117188
08-11-2013,85.27999877929688,85.55999755859375,5577800,86.62999725341797,85.4800033569336,70.29145812988281
11-11-2013,84.81500244140625,85.6050033569336,3293200,85.81999969482422,85.7249984741211,70.49292755126953
12-11-2013,82.9000015258789,85.3499984741211,4579200,85.54000091552734,83.55000305175781,68.70439147949219
13-11-2013,82.8949966430664,83.22000122070312,4713200,84.93000030517578,84.7300033569336,69.67472076416016
14-11-2013,83.9749984741211,84.74500274658203,3690600,85.04000091552734,84.83499908447266,69.76104736328125
15-11-2013,83.94000244140625,85.13999938964844,4322400,86.06999969482422,85.69000244140625,70.46411895751953
18-11-2013,83.73500061035156,85.75,3032000,86.0999984741211,84.26000213623047,69.2882308959961
19-11-2013,82.82499694824219,84.05999755859375,3115400,84.73500061035156,83.94499969482422,69.0291976928711
20-11-2013,83.1050033569336,84.42500305175781,3010600,84.87999725341797,83.45999908447266,68.63036346435547
21-11-2013,83.9000015258789,84.05999755859375,3079200,84.9800033569336,84.65499877929688,69.61304473876953
22-11-2013,83.67500305175781,85.0999984741211,2536600,85.20500183105469,85.07499694824219,69.95838165283203
25-11-2013,82.83499908447266,84.66000366210938,3777800,84.68499755859375,84.59500122070312,69.56371307373047
26-11-2013,83.8499984741211,84.67500305175781,3180400,85.73999786376953,84.5999984741211,69.56781768798828
27-11-2013,82.76000213623047,84.46499633789062,3360200,84.84500122070312,83.21499633789062,68.42890167236328
29-11-2013,82.09500122070312,83.25,2248400,83.55500030517578,82.5,67.84093475341797
02-12-2013,81.56500244140625,83.0,3034400,83.2750015258789,82.5,67.84093475341797
03-12-2013,80.91000366210938,82.2249984741211,4163800,83.36499786376953,82.73999786376953,68.03832244873047
04-12-2013,82.75,82.80000305175781,3751400,84.55500030517578,83.56500244140625,68.71672058105469
05-12-2013,82.08000183105469,82.66999816894531,4473800,83.87000274658203,82.69000244140625,67.9972152709961
06-12-2013,79.94499969482422,83.4749984741211,7343200,83.55000305175781,80.0199966430664,65.80159759521484
09-12-2013,78.15499877929688,80.45999908447266,8547400,80.625,79.06999969482422,65.02041625976562
10-12-2013,79.06999969482422,79.21499633789062,4554400,80.97000122070312,79.65499877929688,65.50146484375
11-12-2013,78.00499725341797,79.42500305175781,4240000,79.56999969482422,78.12999725341797,64.24742889404297
12-12-2013,78.12000274658203,78.21499633789062,3813000,79.66000366210938,79.18000030517578,65.11085510253906
13-12-2013,78.24500274658203,78.83499908447266,4488600,79.67500305175781,79.51000213623047,65.38223266601562
16-12-2013,79.66999816894531,79.66999816894531,4120200,80.98500061035156,79.87000274658203,65.67826080322266
17-12-2013,78.75499725341797,80.26000213623047,3471800,80.26000213623047,79.82499694824219,65.64128875732422
18-12-2013,79.16500091552734,79.81999969482422,5965400,81.19000244140625,81.0,66.60745239257812
19-12-2013,80.58999633789062,80.83499908447266,5073600,82.95500183105469,82.66500091552734,67.97660827636719
20-12-2013,82.7249984741211,83.05999755859375,6265800,84.66000366210938,84.26000213623047,69.2882308959961
23-12-2013,83.41500091552734,84.62999725341797,3028000,84.91999816894531,83.80999755859375,68.91818237304688
24-12-2013,83.11499786376953,83.91000366210938,978200,84.13500213623047,84.12999725341797,69.18132019042969
26-12-2013,83.83499908447266,84.2300033569336,1772200,84.7699966430664,84.01000213623047,69.08265686035156
27-12-2013,83.83999633789062,84.06999969482422,1685200,84.73999786376953,84.58000183105469,69.55137634277344
30-12-2013,83.0999984741211,84.4749984741211,2811400,85.25,83.67500305175781,68.80718231201172
31-12-2013,83.23500061035156,83.66999816894531,2109800,84.42500305175781,83.91999816894531,69.00862121582031
02-01-2014,82.02999877929688,83.28500366210938,2943400,83.9800033569336,82.51000213623047,67.84916687011719
03-01-2014,81.90499877929688,82.875,2693800,83.32499694824219,82.27999877929688,67.66002655029297
06-01-2014,81.16999816894531,82.38500213623047,3649200,82.66500091552734,82.01000213623047,67.4380111694336
07-01-2014,81.8550033569336,82.53500366210938,3286800,83.45500183105469,83.42500305175781,68.60160064697266
08-01-2014,82.5250015258789,83.01000213623047,2857800,83.91500091552734,83.38999938964844,68.57279205322266
09-01-2014,82.73999786376953,83.70500183105469,3539400,84.44499969482422,83.5,68.66323852539062
10-01-2014,82.99500274658203,83.7300033569336,2949800,84.05000305175781,83.40499877929688,68.58512878417969
13-01-2014,81.48500061035156,83.70500183105469,2672600,84.13500213623047,81.7300033569336,67.20777130126953
14-01-2014,81.81500244140625,82.02999877929688,3221800,84.36499786376953,84.30000305175781,69.32111358642578
15-01-2014,84.69999694824219,84.7300033569336,4088800,86.63999938964844,85.18000030517578,70.12291717529297
16-01-2014,84.3499984741211,85.05000305175781,3342400,85.58499908447266,85.05000305175781,70.01593017578125
17-01-2014,84.45999908447266,85.4800033569336,3325800,85.94000244140625,84.4800033569336,69.54669189453125
21-01-2014,84.06999969482422,84.58000183105469,3195000,85.2750015258789,84.61499786376953,69.65782165527344
22-01-2014,84.625,85.0999984741211,3588600,86.1500015258789,85.86000061035156,70.68274688720703
23-01-2014,84.11499786376953,84.88999938964844,4482800,85.87000274658203,84.58499908447266,69.63312530517578
24-01-2014,82.55999755859375,84.0250015258789,5645400,84.5199966430664,82.76499938964844,68.13481903076172
27-01-2014,80.62999725341797,82.58499908447266,3806000,82.74500274658203,81.05000305175781,66.7230224609375
28-01-2014,81.1449966430664,81.69000244140625,3292600,83.75,83.61000061035156,68.8304672241211
29-01-2014,81.7699966430664,82.95999908447266,3280400,83.08000183105469,82.32499694824219,67.77261352539062
30-01-2014,82.32499694824219,82.55000305175781,2263000,83.75,83.06500244140625,68.38180541992188
31-01-2014,81.58999633789062,82.33499908447266,2639600,83.80000305175781,82.62000274658203,68.01547241210938
03-02-2014,80.75,82.30500030517578,4528800,83.43000030517578,80.87000274658203,66.5748062133789
04-02-2014,81.25,81.33499908447266,6576800,84.49500274658203,84.29000091552734,69.3902587890625
05-02-2014,83.38500213623047,84.05000305175781,4293000,84.8499984741211,83.74500274658203,68.94161224365234
06-02-2014,83.84500122070312,83.84500122070312,5142200,86.8949966430664,86.625,71.3125
07-02-2014,86.56999969482422,87.38500213623047,4170600,88.44000244140625,88.25,72.65026092529297
10-02-2014,86.53500366210938,88.37999725341797,3538200,88.37999725341797,87.0999984741211,71.70354461669922
11-02-2014,86.77999877929688,87.1500015258789,3298800,88.1050033569336,87.36499786376953,71.92168426513672
12-02-2014,87.24500274658203,87.875,2585000,88.44999694824219,87.55500030517578,72.078125
13-02-2014,86.30000305175781,86.79000091552734,3432600,88.375,87.73500061035156,72.22630310058594
14-02-2014,87.44499969482422,87.8550033569336,2337600,88.625,88.4800033569336,72.8396224975586
18-02-2014,89.00499725341797,89.05999755859375,3654600,90.12999725341797,89.95999908447266,74.05799102783203
19-02-2014,89.19999694824219,89.5250015258789,3835000,90.80500030517578,89.43000030517578,73.6216812133789
20-02-2014,89.07499694824219,89.5199966430664,4512000,91.02999877929688,90.01499938964844,74.10330200195312
21-02-2014,88.97000122070312,90.23500061035156,5410800,90.48500061035156,89.0,73.26769256591797
24-02-2014,88.51499938964844,89.21499633789062,7053200,90.80999755859375,90.19999694824219,74.25556182861328
25-02-2014,89.625,91.42500305175781,7461200,92.56500244140625,92.0,75.73739624023438
26-02-2014,91.44000244140625,91.80500030517578,7214400,94.20500183105469,93.22000122070312,76.74173736572266
27-02-2014,92.24500274658203,93.20500183105469,3779600,93.82499694824219,93.73500061035156,77.16568756103516
28-02-2014,93.55500030517578,93.86000061035156,5076400,95.54000091552734,94.70999908447266,77.96836853027344
03-03-2014,94.30999755859375,94.5250015258789,5608400,96.0,94.6449966430664,77.91486358642578
04-03-2014,95.16500091552734,95.23500061035156,4265400,96.45999908447266,95.77999877929688,78.84918212890625
05-03-2014,95.0250015258789,96.0199966430664,3900800,96.61000061035156,95.24500274658203,78.40877532958984
06-03-2014,94.66500091552734,95.36000061035156,3450600,96.1050033569336,95.52999877929688,78.6434097290039
07-03-2014,94.0999984741211,95.76000213623047,3917200,95.9749984741211,94.95999908447266,78.17416381835938
10-03-2014,93.55999755859375,94.95999908447266,2759200,94.95999908447266,94.5250015258789,77.81605529785156
11-03-2014,92.66000366210938,94.91999816894531,4103200,95.08499908447266,92.80000305175781,76.3959732055664
12-03-2014,90.83000183105469,91.80000305175781,4087600,93.21499633789062,92.56500244140625,76.20252227783203
13-03-2014,90.88500213623047,93.125,3763800,93.32499694824219,91.45500183105469,75.28873443603516
14-03-2014,91.44999694824219,91.48500061035156,3178400,93.1050033569336,92.98500061035156,76.54828643798828
17-03-2014,93.0,93.30000305175781,2722400,94.0,93.61499786376953,77.06690979003906
18-03-2014,93.58999633789062,93.69999694824219,3166000,95.26000213623047,94.58000183105469,77.861328125
19-03-2014,93.01499938964844,94.67500305175781,3165000,94.72000122070312,93.76499938964844,77.19038391113281
20-03-2014,93.03500366210938,93.80999755859375,4022400,95.27999877929688,95.16500091552734,78.3429183959961
21-03-2014,94.69000244140625,95.95500183105469,5331800,96.58000183105469,95.81999969482422,78.88214111328125
24-03-2014,94.2300033569336,96.125,3461600,96.48500061035156,94.80000305175781,78.04246520996094
25-03-2014,95.44999694824219,95.58999633789062,3816400,96.48500061035156,95.78500366210938,78.85330963134766
26-03-2014,95.94999694824219,96.2750015258789,4117200,97.66000366210938,96.05999755859375,79.0797119140625
27-03-2014,96.01000213623047,96.1449966430664,3528200,97.69999694824219,96.7300033569336,79.63129425048828
28-03-2014,97.05500030517578,97.23500061035156,4051000,99.41000366210938,98.58000183105469,81.15425109863281
31-03-2014,97.5250015258789,99.23500061035156,8285600,99.75,98.08499908447266,80.74675750732422
01-04-2014,98.26000213623047,99.37999725341797,3422900,100.36000061035156,98.9800033569336,81.48356628417969
02-04-2014,98.0199966430664,98.2699966430664,2858000,99.44999694824219,99.11000061035156,81.59056854248047
03-04-2014,99.26000213623047,99.33000183105469,5219000,101.5,100.6500015258789,82.85835266113281
04-04-2014,98.94999694824219,102.66999816894531,4028600,103.30000305175781,99.7699966430664,82.13388061523438
07-04-2014,97.44999694824219,99.72000122070312,3146300,99.9800033569336,97.93000030517578,80.61915588378906
08-04-2014,97.54000091552734,97.77999877929688,3293600,99.58000183105469,98.70999908447266,81.2612533569336
09-04-2014,97.98999786376953,98.94000244140625,3826700,99.16999816894531,98.94999694824219,81.4588394165039
10-04-2014,97.55999755859375,98.62999725341797,4706000,99.98999786376953,98.11000061035156,80.76734161376953
11-04-2014,97.56999969482422,97.66999816894531,4581500,99.44000244140625,98.62999725341797,81.1954345703125
14-04-2014,98.72000122070312,99.5199966430664,3427800,100.0999984741211,99.95999908447266,82.39472961425781
15-04-2014,99.5199966430664,99.62999725341797,4695400,101.68000030517578,101.11000061035156,83.34268188476562
16-04-2014,100.43000030517578,101.4800033569336,3650900,102.19999694824219,101.01000213623047,83.26025390625
17-04-2014,100.83999633789062,100.83999633789062,3253200,102.83999633789062,102.44999694824219,84.44718933105469
21-04-2014,101.83999633789062,102.9800033569336,2404700,103.58000183105469,103.52999877929688,85.3374252319336
22-04-2014,102.11000061035156,103.2699966430664,3332800,103.2699966430664,102.33999633789062,84.35652160644531
23-04-2014,102.52999877929688,102.52999877929688,3445700,105.18000030517578,105.08000183105469,86.61503601074219
24-04-2014,103.41999816894531,105.5,3716000,105.5,103.4800033569336,85.29619598388672
25-04-2014,98.5199966430664,103.25,7168000,103.30000305175781,99.04000091552734,81.63641357421875
28-04-2014,96.52999877929688,99.94000244140625,5112100,100.0,98.05999755859375,80.82860565185547
29-04-2014,98.83000183105469,98.87999725341797,4089100,101.2300033569336,99.62000274658203,82.11449432373047
30-04-2014,97.01000213623047,99.06999969482422,6297700,99.19999694824219,98.0,80.77918243408203
01-05-2014,96.80999755859375,98.33000183105469,4240100,98.7699966430664,97.12000274658203,80.05379486083984
02-05-2014,96.81999969482422,97.30000305175781,3710900,98.25,97.05999755859375,80.00431060791016
05-05-2014,96.01000213623047,96.04000091552734,4757400,99.70999908447266,99.25,81.80951690673828
06-05-2014,101.83999633789062,102.80000305175781,8515800,106.5,103.62999725341797,85.41983795166016
07-05-2014,102.63999938964844,104.61000061035156,5705400,105.44999694824219,104.79000091552734,86.37598419189453
08-05-2014,101.62000274658203,104.02999877929688,3264300,104.55999755859375,101.7300033569336,83.85369873046875
09-05-2014,100.63999938964844,102.0,3709500,102.30000305175781,102.27999877929688,84.30706787109375
12-05-2014,101.9800033569336,102.56999969482422,3351800,103.7300033569336,103.63999938964844,85.42807006835938
13-05-2014,104.06999969482422,104.58000183105469,3426300,105.5,105.16999816894531,86.68921661376953
14-05-2014,103.86000061035156,105.38999938964844,2415000,105.48999786376953,103.9000015258789,85.64240264892578
15-05-2014,101.55000305175781,103.97000122070312,2608100,103.9800033569336,102.73999786376953,84.68621826171875
16-05-2014,101.33999633789062,102.56999969482422,2846300,102.87999725341797,102.5,84.4883804321289
19-05-2014,101.95999908447266,102.5,1832600,103.36000061035156,102.30000305175781,84.32356262207031
20-05-2014,101.47000122070312,102.22000122070312,1937500,102.94999694824219,101.88999938964844,83.98558807373047
21-05-2014,102.12999725341797,102.69999694824219,1777500,104.36000061035156,104.16000366210938,85.85669708251953
22-05-2014,103.52999877929688,104.29000091552734,2457100,105.16999816894531,103.68000030517578,85.4610366821289
23-05-2014,103.44000244140625,103.88999938964844,2535000,105.1500015258789,103.97000122070312,85.70008850097656
27-05-2014,103.75,104.44000244140625,2072500,104.97000122070312,104.7300033569336,86.32657623291016
28-05-2014,104.4000015258789,104.86000061035156,2724800,105.62999725341797,105.19000244140625,86.7057113647461
29-05-2014,105.0,105.41999816894531,2565500,106.70999908447266,106.66999816894531,87.9256591796875
30-05-2014,105.25,106.2699966430664,2293300,106.36000061035156,105.80000305175781,87.2085189819336
02-06-2014,104.94999694824219,105.94999694824219,1712400,106.0,105.37999725341797,86.86234283447266
03-06-2014,105.2699966430664,105.44999694824219,1974800,106.66000366210938,106.66000366210938,87.91738891601562
04-06-2014,105.55999755859375,106.4800033569336,1695600,106.7300033569336,106.37000274658203,87.67835998535156
05-06-2014,105.81999969482422,106.3499984741211,2212100,107.91000366210938,107.9000015258789,88.93949127197266
06-06-2014,108.04000091552734,108.13999938964844,2151400,109.55999755859375,109.31999969482422,90.10997772216797
09-06-2014,109.0,110.08999633789062,2366300,110.75,109.51000213623047,90.26658630371094
10-06-2014,108.41000366210938,109.38999938964844,2174200,109.75,108.69000244140625,89.59069061279297
11-06-2014,108.13999938964844,108.25,2683700,110.91000366210938,110.69999694824219,91.24745178222656
12-06-2014,111.22000122070312,111.45999908447266,3799500,113.0199966430664,111.62999725341797,92.0140609741211
13-06-2014,110.52999877929688,111.7699966430664,3126400,114.05999755859375,114.0199966430664,93.98407745361328
16-06-2014,113.0199966430664,115.20999908447266,4075200,115.20999908447266,114.02999877929688,93.99234008789062
17-06-2014,111.26000213623047,113.94999694824219,5247000,113.94999694824219,112.38999938964844,92.64049530029297
18-06-2014,111.73999786376953,112.58000183105469,2912400,113.83999633789062,113.54000091552734,93.58843231201172
19-06-2014,112.5199966430664,113.13999938964844,3865900,115.8499984741211,115.80000305175781,95.4512939453125
20-06-2014,116.1500015258789,117.05000305175781,5556100,118.38999938964844,117.9800033569336,97.24820709228516
23-06-2014,116.94999694824219,118.5199966430664,3328800,118.88999938964844,117.41000366210938,96.77836608886719
24-06-2014,112.23999786376953,117.18000030517578,4574300,117.44999694824219,113.0199966430664,93.1598129272461
25-06-2014,113.31999969482422,113.31999969482422,3456700,116.25,116.0199966430664,95.63262176513672
26-06-2014,114.06999969482422,115.68000030517578,2355100,115.81999969482422,115.41999816894531,95.13809967041016
27-06-2014,114.70999908447266,115.2300033569336,2801600,115.93000030517578,115.83999633789062,95.4842758178711
30-06-2014,115.8499984741211,116.08000183105469,2342000,117.19000244140625,116.86000061035156,96.32502746582031
01-07-2014,116.0199966430664,117.44000244140625,2793600,117.94000244140625,116.55000305175781,96.06949615478516
02-07-2014,115.54000091552734,116.86000061035156,2649800,117.58999633789062,116.2300033569336,95.80575561523438
03-07-2014,115.11000061035156,116.2699966430664,1677900,117.0199966430664,116.75,96.23436737060547
07-07-2014,115.41999816894531,116.4000015258789,1574500,116.5,115.7300033569336,95.39359283447266
08-07-2014,115.12999725341797,115.37000274658203,2511100,116.55000305175781,115.9800033569336,95.59966278076172
09-07-2014,115.19000244140625,116.0999984741211,1938800,116.62999725341797,116.55999755859375,96.07775115966797
10-07-2014,113.76000213623047,114.87999725341797,2212700,115.87999725341797,114.95999908447266,94.7588882446289
11-07-2014,113.38999938964844,115.73999786376953,2482100,115.73999786376953,113.6500015258789,93.67911529541016
14-07-2014,114.30999755859375,114.6500015258789,2956100,116.05000305175781,115.69000244140625,95.36062622070312
15-07-2014,112.63999938964844,114.91000366210938,3367700,115.62000274658203,113.44000244140625,93.60714721679688
16-07-2014,114.16999816894531,114.62000274658203,3181000,117.27999877929688,117.0999984741211,96.62726593017578
17-07-2014,115.3499984741211,117.4800033569336,2286700,118.80999755859375,115.55000305175781,95.34825134277344
18-07-2014,114.33999633789062,115.36000061035156,2605200,116.38999938964844,116.04000091552734,95.75260162353516
21-07-2014,115.12000274658203,115.86000061035156,1595000,116.43000030517578,116.1500015258789,95.84333801269531
22-07-2014,115.80000305175781,116.75,2600600,117.62000274658203,116.55000305175781,96.17340087890625
23-07-2014,115.30000305175781,116.69999694824219,3621600,116.69999694824219,115.94999694824219,95.67829895019531
24-07-2014,115.69999694824219,116.4800033569336,2864400,116.93000030517578,116.19999694824219,95.88458251953125
25-07-2014,114.4000015258789,115.58000183105469,1981100,115.86000061035156,114.81999969482422,94.7458724975586
28-07-2014,113.0,114.81999969482422,2993500,115.0199966430664,113.38999938964844,93.56587219238281
29-07-2014,113.19000244140625,113.2699966430664,2502800,115.33000183105469,114.23999786376953,94.26726531982422
30-07-2014,113.36000061035156,114.83000183105469,1778300,115.44000244140625,113.62999725341797,93.76392364501953
31-07-2014,109.37000274658203,112.83999633789062,4162500,113.08999633789062,109.44000244140625,90.30648040771484
01-08-2014,107.16000366210938,108.6500015258789,3966400,109.80999755859375,108.04000091552734,89.15121459960938
04-08-2014,108.08000183105469,108.73999786376953,3002600,112.12000274658203,111.80999755859375,92.2620849609375
05-08-2014,107.51000213623047,111.80999755859375,4848700,111.80999755859375,108.62999725341797,89.63807678222656
06-08-2014,105.62999725341797,107.02999877929688,5007700,108.51000213623047,106.63999938964844,87.9959716796875
07-08-2014,105.4000015258789,107.62999725341797,2977200,107.62999725341797,106.05999755859375,87.51739501953125
08-08-2014,106.06999969482422,106.06999969482422,2354100,107.9000015258789,107.77999877929688,88.93669128417969
11-08-2014,107.91999816894531,108.72000122070312,2760600,109.0,108.30000305175781,89.36578369140625
12-08-2014,106.33999633789062,107.88999938964844,3265800,108.48999786376953,106.69000244140625,88.0372543334961
13-08-2014,106.22000122070312,107.66000366210938,2337400,107.87999725341797,106.3499984741211,87.75668334960938
14-08-2014,103.56999969482422,107.22000122070312,3490700,107.2300033569336,103.93000030517578,85.75979614257812
15-08-2014,103.66999816894531,103.97000122070312,4557700,106.41999816894531,106.08999633789062,87.54214477539062
18-08-2014,104.66000366210938,106.6500015258789,3275500,106.91000366210938,105.43000030517578,86.99754333496094
19-08-2014,105.66000366210938,106.0999984741211,3145300,107.3499984741211,107.02999877929688,88.31781768798828
20-08-2014,106.0999984741211,107.08999633789062,2185900,107.44999694824219,107.27999877929688,88.52409362792969
21-08-2014,106.0199966430664,107.5,2138800,107.5199966430664,107.19000244140625,88.44982147216797
22-08-2014,105.61000061035156,106.58999633789062,2075400,106.83999633789062,106.2699966430664,87.69068145751953
25-08-2014,106.5999984741211,106.93000030517578,1932600,108.25,107.94000244140625,89.06868743896484
26-08-2014,108.5,108.86000061035156,3283200,110.47000122070312,109.4000015258789,90.27346801757812
27-08-2014,108.06999969482422,109.43000030517578,1996700,109.44999694824219,108.61000061035156,89.62158203125
28-08-2014,108.0999984741211,108.31999969482422,1756800,109.08000183105469,108.38999938964844,89.44003295898438
29-08-2014,108.37000274658203,108.80000305175781,1802700,109.9800033569336,109.87999725341797,90.6695327758789
02-09-2014,107.08000183105469,109.56999969482422,2755100,109.8499984741211,107.70999908447266,88.87893676757812
03-09-2014,107.45999908447266,108.8499984741211,1479100,109.08000183105469,107.73999786376953,88.90367126464844
04-09-2014,103.97000122070312,107.76000213623047,3937200,107.98999786376953,104.61000061035156,86.32089233398438
05-09-2014,103.05000305175781,104.3499984741211,3235500,105.29000091552734,105.18000030517578,86.7912368774414
08-09-2014,100.75,104.06999969482422,5549200,104.06999969482422,101.41000366210938,83.68035888671875
09-09-2014,100.81999969482422,101.62999725341797,3636000,102.48999786376953,101.30999755859375,83.59783935546875
10-09-2014,99.33000183105469,100.93000030517578,3713700,102.13999938964844,102.01000213623047,84.17546081542969
11-09-2014,100.5,100.93000030517578,4596100,103.12999725341797,103.05999755859375,85.04187774658203
12-09-2014,101.02999877929688,102.5,3683100,102.56999969482422,101.31999969482422,83.6060791015625
15-09-2014,100.12000274658203,100.80000305175781,3055400,102.41000366210938,101.91000366210938,84.09293365478516
16-09-2014,101.75,102.33000183105469,4116100,105.9000015258789,105.22000122070312,86.82425689697266
17-09-2014,104.5199966430664,105.6500015258789,3689600,106.08999633789062,105.19000244140625,86.79947662353516
18-09-2014,104.20999908447266,105.81999969482422,3003200,105.98999786376953,104.9800033569336,86.62620544433594
19-09-2014,103.95999908447266,105.23999786376953,6346200,105.9000015258789,104.37000274658203,86.12284088134766
22-09-2014,100.56999969482422,103.81999969482422,4437000,103.86000061035156,101.73999786376953,83.95267486572266
23-09-2014,100.44999694824219,101.55000305175781,5577300,101.62999725341797,100.83999633789062,83.21002960205078
24-09-2014,99.55000305175781,100.94000244140625,4584400,102.87000274658203,102.13999938964844,84.28271484375
25-09-2014,100.13999938964844,102.63999938964844,3588900,102.69999694824219,100.36000061035156,82.8139419555664
26-09-2014,100.20999908447266,100.37000274658203,3327500,102.41000366210938,101.87999725341797,84.06816864013672
29-09-2014,100.0999984741211,100.80000305175781,4300400,102.05999755859375,101.87000274658203,84.05992889404297
30-09-2014,97.44999694824219,101.8499984741211,6422700,101.8499984741211,99.0199966430664,81.70819091796875
01-10-2014,96.1500015258789,99.20999908447266,5856700,99.7300033569336,96.8499984741211,79.91756439208984
02-10-2014,94.2699966430664,95.76000213623047,5381500,97.63999938964844,97.05999755859375,80.09086608886719
03-10-2014,95.56999969482422,97.72000122070312,4433900,97.72000122070312,96.56999969482422,79.6865463256836
06-10-2014,94.36000061035156,96.83999633789062,5114400,97.0,95.08999633789062,78.46530151367188
07-10-2014,93.56999969482422,95.0199966430664,5515800,96.0199966430664,93.61000061035156,77.24404907226562
08-10-2014,90.80000305175781,93.30999755859375,7723600,94.69000244140625,94.55999755859375,78.02798461914062
09-10-2014,90.87999725341797,93.63999938964844,9684400,93.7300033569336,91.95999908447266,75.88251495361328
10-10-2014,88.61000061035156,91.06999969482422,9915400,91.94999694824219,89.83000183105469,74.12490844726562
13-10-2014,83.58000183105469,89.25,9446700,90.30000305175781,83.76000213623047,69.11613464355469
14-10-2014,83.5,85.4000015258789,12228000,86.87999725341797,83.83999633789062,69.18213653564453
15-10-2014,81.06999969482422,82.02999877929688,11107300,88.52999877929688,88.16999816894531,72.90119171142578
16-10-2014,85.19000244140625,85.19000244140625,10111100,92.5199966430664,91.2699966430664,75.46436309814453
17-10-2014,90.26000213623047,94.19999694824219,8665500,95.55000305175781,91.22000122070312,75.42301940917969
20-10-2014,90.7699966430664,91.62999725341797,4420600,93.12999725341797,92.76000213623047,76.69632720947266
21-10-2014,94.2699966430664,94.3499984741211,6298800,96.1500015258789,96.02999877929688,79.40003204345703
22-10-2014,91.9800033569336,96.76000213623047,7672400,97.0,92.06999969482422,76.12581634521484
23-10-2014,92.4000015258789,94.23999786376953,9219300,94.83999633789062,93.4000015258789,77.2254867553711
24-10-2014,90.19999694824219,92.94999694824219,5417400,93.0199966430664,92.0999984741211,76.15061950683594
27-10-2014,86.94999694824219,90.27999877929688,7433800,90.27999877929688,88.43000030517578,73.11617279052734
28-10-2014,87.55000305175781,88.80999755859375,6123200,91.91000366210938,91.5,75.654541015625
29-10-2014,91.76000213623047,94.23999786376953,5926100,95.31999969482422,93.12999725341797,77.00225830078125
30-10-2014,91.02999877929688,92.56999969482422,3746200,93.29000091552734,92.22000122070312,76.2498550415039
31-10-2014,90.73999786376953,91.94999694824219,5495200,95.0999984741211,95.05000305175781,78.58976745605469
03-11-2014,92.88999938964844,95.05000305175781,7006200,96.80999755859375,93.31999969482422,77.15937042236328
04-11-2014,89.0,89.66999816894531,8208000,90.98999786376953,90.27999877929688,74.64581298828125
05-11-2014,93.55999755859375,95.5,11401900,97.47000122070312,96.0999984741211,79.45791625976562
06-11-2014,95.11000061035156,95.19000244140625,8202200,99.18000030517578,98.97000122070312,81.83094024658203
07-11-2014,99.2699966430664,99.72000122070312,7009200,101.58000183105469,99.55000305175781,82.31048583984375
10-11-2014,97.98999786376953,101.01000213623047,5947800,102.25,98.5,81.44230651855469
11-11-2014,97.11000061035156,98.5,4274300,99.06999969482422,98.75,81.64903259277344
12-11-2014,97.3499984741211,98.68000030517578,3433700,99.3499984741211,97.55999755859375,80.66510009765625
13-11-2014,94.47000122070312,96.5,5859300,97.44000244140625,95.8499984741211,79.25120544433594
14-11-2014,96.19999694824219,96.31999969482422,3992700,98.36000061035156,98.16000366210938,81.16119384765625
17-11-2014,95.7300033569336,97.01000213623047,4349400,97.37999725341797,96.3499984741211,79.66464233398438
18-11-2014,96.08999633789062,96.31999969482422,3917200,98.26000213623047,97.66999816894531,80.75604248046875
19-11-2014,96.77999877929688,98.75,3830800,98.80000305175781,98.33000183105469,81.30172729492188
20-11-2014,98.33999633789062,98.44999694824219,4624100,100.29000091552734,99.44000244140625,82.21952819824219
21-11-2014,101.29000091552734,102.48999786376953,6378700,103.04000091552734,101.73999786376953,84.12122344970703
24-11-2014,99.25,101.18000030517578,4110900,101.73999786376953,99.55999755859375,82.31874084472656
25-11-2014,96.72000122070312,100.27999877929688,5592000,100.31999969482422,96.73999786376953,79.98710632324219
26-11-2014,93.86000061035156,96.62000274658203,5346100,96.62999725341797,94.06999969482422,77.77948760986328
28-11-2014,85.19000244140625,87.16000366210938,9472100,88.43000030517578,86.72000122070312,71.7022933959961
01-12-2014,83.66000366210938,85.5199966430664,10063500,87.58000183105469,87.23999786376953,72.13227081298828
02-12-2014,86.87000274658203,87.37999725341797,10159600,91.33000183105469,90.30000305175781,74.66233825683594
03-12-2014,90.80000305175781,91.70999908447266,6237200,93.5999984741211,91.80000305175781,75.90259552001953
04-12-2014,89.75,90.79000091552734,5108100,93.0,93.0,76.89478302001953
05-12-2014,89.77999877929688,91.91000366210938,7572500,92.05000305175781,90.75,75.03441619873047
08-12-2014,87.51000213623047,89.08000183105469,8672200,89.5,88.19000244140625,72.91773986816406
09-12-2014,86.7699966430664,87.0,8197500,91.12000274658203,89.1500015258789,73.71150207519531
10-12-2014,85.54000091552734,86.37999725341797,8821700,87.26000213623047,86.79000091552734,71.76017761230469
11-12-2014,86.12999725341797,87.19000244140625,5808100,89.76000213623047,86.86000061035156,71.81804656982422
12-12-2014,85.0999984741211,85.30999755859375,6606200,88.41999816894531,86.37000274658203,71.41292572021484
15-12-2014,84.94999694824219,87.08999633789062,6867000,88.16000366210938,85.33999633789062,70.5613021850586
16-12-2014,83.77999877929688,83.86000061035156,8303700,89.38999938964844,85.47000122070312,70.66878509521484
17-12-2014,86.11000061035156,87.61000061035156,10269500,92.20999908447266,91.13999938964844,75.35687255859375
18-12-2014,88.9000015258789,93.83000183105469,8888600,94.38999938964844,92.44999694824219,76.44001770019531
19-12-2014,92.44999694824219,93.62999725341797,7853400,95.08999633789062,95.0199966430664,78.56494903564453
22-12-2014,93.68000030517578,94.20999908447266,6746600,95.62000274658203,95.05999755859375,78.5980224609375
23-12-2014,94.54000091552734,95.73999786376953,4243900,97.2699966430664,96.41000366210938,79.71424102783203
24-12-2014,92.51000213623047,95.61000061035156,3012800,95.63999938964844,94.05000305175781,77.76294708251953
26-12-2014,93.33000183105469,94.9000015258789,2210600,95.19999694824219,93.81999969482422,77.57278442382812
29-12-2014,93.44999694824219,94.55000305175781,3397000,95.20999908447266,94.33000183105469,77.99444580078125
30-12-2014,91.88999938964844,93.5,3379400,94.33000183105469,92.69999694824219,76.64671325683594
31-12-2014,90.75,91.97000122070312,3329200,93.55000305175781,92.06999969482422,76.12581634521484
02-01-2015,90.36000061035156,91.01000213623047,3462300,92.98999786376953,92.23999786376953,76.26637268066406
05-01-2015,86.0199966430664,89.95999908447266,6173600,90.77999877929688,86.68000030517578,71.66924285888672
06-01-2015,82.76000213623047,85.83999633789062,8142000,86.5999984741211,84.20999908447266,69.62700653076172
07-01-2015,82.72000122070312,85.18000030517578,5950300,85.7300033569336,83.68000030517578,69.18876647949219
08-01-2015,84.06999969482422,84.72000122070312,5836500,87.6500015258789,86.87999725341797,71.83460235595703
09-01-2015,86.01000213623047,87.0199966430664,4036600,88.02999877929688,87.45999908447266,72.31417083740234
12-01-2015,83.19999694824219,85.11000061035156,4810300,85.3499984741211,84.51000213623047,69.87503814697266
13-01-2015,84.05000305175781,84.97000122070312,5444200,86.66000366210938,85.05999755859375,70.32978057861328
14-01-2015,83.66999816894531,84.06999969482422,6698200,88.08999633789062,87.73999786376953,72.68923950195312
15-01-2015,86.44999694824219,89.04000091552734,4941700,89.5,86.52999877929688,71.68678283691406
16-01-2015,86.54000091552734,86.86000061035156,5483500,90.54000091552734,90.30999755859375,74.81836700439453
20-01-2015,87.5199966430664,89.08999633789062,5969500,89.77999877929688,89.33000183105469,74.00650024414062
21-01-2015,89.68000030517578,90.58999633789062,4911900,91.4000015258789,90.54000091552734,75.0089340209961
22-01-2015,88.58000183105469,91.37999725341797,4471600,91.37999725341797,90.36000061035156,74.85980224609375
23-01-2015,89.69999694824219,90.06999969482422,4433700,92.5199966430664,90.79000091552734,75.2160415649414
26-01-2015,90.1500015258789,91.2300033569336,3431100,92.38999938964844,92.33000183105469,76.49185180664062
27-01-2015,91.12000274658203,91.94000244140625,5283000,94.41000366210938,93.0,77.04694366455078
28-01-2015,87.76000213623047,92.33000183105469,5772900,92.69000244140625,88.0999984741211,72.98746490478516
29-01-2015,86.76000213623047,89.12000274658203,5188700,89.41000366210938,88.91000366210938,73.6585464477539
30-01-2015,87.4000015258789,88.16000366210938,7469900,90.06999969482422,89.02999877929688,73.7579345703125
02-02-2015,89.52999877929688,90.98999786376953,5615500,92.56999969482422,92.5199966430664,76.64928436279297
03-02-2015,94.6500015258789,94.72000122070312,8906600,97.87999725341797,96.30999755859375,79.78913879394531
04-02-2015,93.54000091552734,94.4000015258789,9869100,97.52999877929688,95.19000244140625,78.86128997802734
05-02-2015,95.16000366210938,95.70999908447266,5596600,97.29000091552734,96.19000244140625,79.68972778320312
06-02-2015,95.56999969482422,96.98999786376953,5297800,97.20999908447266,95.79000091552734,79.35836791992188
09-02-2015,95.77999877929688,96.5999984741211,4249100,97.2300033569336,95.94999694824219,79.49088287353516
10-02-2015,93.83999633789062,96.6500015258789,4308300,96.69000244140625,95.26000213623047,78.91927337646484
11-02-2015,92.1500015258789,93.83999633789062,6332300,94.08999633789062,93.19999694824219,77.21263122558594
12-02-2015,93.47000122070312,94.95999908447266,3944500,95.23999786376953,94.80000305175781,78.5381851196289
13-02-2015,95.25,95.94000244140625,4158500,96.97000122070312,96.91999816894531,80.29449462890625
17-02-2015,95.6500015258789,96.08000183105469,4234300,96.66999816894531,96.48999786376953,79.93826293945312
18-02-2015,94.5,96.48999786376953,4534000,96.48999786376953,95.30999755859375,78.960693359375
19-02-2015,86.58000183105469,86.68000030517578,18682400,94.73999786376953,93.80000305175781,77.70970916748047
20-02-2015,90.06999969482422,93.08999633789062,7937800,93.45999908447266,91.08000183105469,75.456298828125
23-02-2015,89.25,90.05999755859375,5501300,92.0999984741211,91.93000030517578,76.16048431396484
24-02-2015,91.26000213623047,92.8499984741211,4215000,93.0,91.61000061035156,75.89539337158203
25-02-2015,91.29000091552734,91.54000091552734,5787800,93.25,93.02999877929688,77.07179260253906
26-02-2015,89.61000061035156,91.80999755859375,5427100,92.25,90.12999725341797,74.66925048828125
27-02-2015,89.29000091552734,90.62999725341797,3837600,90.70999908447266,89.72000122070312,74.32958984375
02-03-2015,87.08000183105469,89.72000122070312,5347800,89.72000122070312,89.05999755859375,73.78279876708984
03-03-2015,88.5999984741211,88.9800033569336,4381400,91.11000061035156,90.37000274658203,74.86808013916016
04-03-2015,88.55000305175781,90.19999694824219,3924800,90.94999694824219,90.48999786376953,74.96748352050781
05-03-2015,89.37000274658203,89.8499984741211,2688100,90.5199966430664,89.58999633789062,74.22188568115234
06-03-2015,88.2300033569336,88.91999816894531,4063600,90.0,88.56999969482422,73.37686157226562
09-03-2015,87.63999938964844,88.08000183105469,3443600,89.25,87.72000122070312,72.67266082763672
10-03-2015,86.1500015258789,86.87999725341797,4862400,88.56999969482422,86.19000244140625,71.4051284790039
11-03-2015,85.87999725341797,86.41999816894531,3973700,87.37000274658203,86.55000305175781,71.7033462524414
12-03-2015,85.62000274658203,87.05000305175781,3051700,87.19000244140625,85.70999908447266,71.00746154785156
13-03-2015,84.0999984741211,85.19999694824219,4415600,85.66000366210938,85.38999938964844,70.74235534667969
16-03-2015,85.05999755859375,85.11000061035156,4953800,88.02999877929688,87.9000015258789,72.82176971435547
17-03-2015,86.4000015258789,86.86000061035156,3798600,87.97000122070312,86.80000305175781,71.91049194335938
18-03-2015,86.0,86.08000183105469,5386800,91.37000274658203,90.66000366210938,75.10836029052734
19-03-2015,88.36000061035156,89.4000015258789,3558700,89.9000015258789,89.52999877929688,74.17217254638672
20-03-2015,89.43000030517578,89.75,5980000,91.94000244140625,90.68000030517578,75.12491607666016
23-03-2015,89.0,91.25,3200700,91.41000366210938,89.0,73.73310089111328
24-03-2015,88.63999938964844,89.19999694824219,2681200,89.94000244140625,88.83999633789062,73.60053253173828
25-03-2015,88.79000091552734,89.68000030517578,3664800,90.6500015258789,89.95999908447266,74.5284194946289
26-03-2015,90.25,91.48999786376953,4857100,91.93000030517578,91.36000061035156,75.68827819824219
27-03-2015,90.13999938964844,90.62000274658203,2539100,91.12000274658203,90.55999755859375,75.02550506591797
30-03-2015,90.77999877929688,91.63999938964844,3478900,92.5,92.13999938964844,76.33448028564453
31-03-2015,90.83000183105469,91.12999725341797,3576000,92.47000122070312,91.69000244140625,75.96168518066406
01-04-2015,91.05999755859375,92.04000091552734,3813800,93.3499984741211,91.22000122070312,75.57228088378906
02-04-2015,89.2300033569336,90.30000305175781,4596300,92.97000122070312,92.70999908447266,76.80667114257812
06-04-2015,93.30000305175781,93.36000061035156,4770000,95.4000015258789,94.87000274658203,78.59619140625
07-04-2015,94.12000274658203,95.19999694824219,5233200,95.98999786376953,94.2699966430664,78.09908294677734
08-04-2015,93.80000305175781,95.01000213623047,3274400,95.58000183105469,94.04000091552734,77.90853881835938
09-04-2015,94.11000061035156,94.11000061035156,3408000,96.06999969482422,95.70999908447266,79.29208374023438
10-04-2015,95.25,95.87000274658203,2570400,96.5999984741211,96.58999633789062,80.02112579345703
13-04-2015,94.19999694824219,96.75,3111400,96.9000015258789,94.69000244140625,78.44705200195312
14-04-2015,95.33999633789062,95.66000366210938,3204400,96.94999694824219,96.45999908447266,80.05545043945312
15-04-2015,96.43000030517578,96.76000213623047,5859500,98.33999633789062,97.95999908447266,81.30035400390625
16-04-2015,97.16999816894531,97.83000183105469,4054400,98.94999694824219,98.0,81.33355712890625
17-04-2015,96.38999938964844,97.04000091552734,3201200,97.47000122070312,97.2300033569336,80.69450378417969
20-04-2015,97.18000030517578,97.18000030517578,3130700,99.01000213623047,97.73999786376953,81.1177749633789
21-04-2015,96.36000061035156,97.83000183105469,3238300,98.31999969482422,96.58999633789062,80.16333770751953
22-04-2015,96.30000305175781,96.94000244140625,2897800,98.5999984741211,97.69999694824219,81.0845718383789
23-04-2015,97.83999633789062,97.9800033569336,2708400,99.25,98.2699966430664,81.5576400756836
24-04-2015,95.91000366210938,97.9000015258789,3139600,97.97000122070312,96.72000122070312,80.27123260498047
27-04-2015,96.55999755859375,97.55000305175781,2980500,97.95999908447266,97.36000061035156,80.80239868164062
28-04-2015,97.63999938964844,97.63999938964844,3736600,98.80999755859375,98.45999908447266,81.71532440185547
29-04-2015,97.79000091552734,98.22000122070312,3902600,99.9800033569336,99.73999786376953,82.77763366699219
30-04-2015,98.4800033569336,100.0,3462000,100.44000244140625,98.94999694824219,82.12196350097656
01-05-2015,97.61000061035156,99.20999908447266,3584700,101.0,98.9000015258789,82.08049011230469
04-05-2015,98.55000305175781,99.11000061035156,7312700,101.36000061035156,99.38999938964844,82.48716735839844
05-05-2015,94.52999877929688,98.69999694824219,11762000,100.19999694824219,94.54000091552734,78.46198272705078
06-05-2015,94.48999786376953,96.20999908447266,5163500,96.86000061035156,95.08000183105469,78.9101333618164
07-05-2015,92.41999816894531,96.0999984741211,5197800,96.0999984741211,93.5,77.59884643554688
08-05-2015,92.55999755859375,94.4800033569336,4922300,94.5,93.5,77.59884643554688
11-05-2015,91.47000122070312,94.05000305175781,3952400,94.23999786376953,91.61000061035156,76.0302963256836
12-05-2015,91.70999908447266,91.76000213623047,3468500,93.58999633789062,93.41000366210938,77.52416229248047
13-05-2015,90.9800033569336,94.04000091552734,3548300,94.06999969482422,91.5999984741211,76.02196502685547
14-05-2015,90.68000030517578,91.98999786376953,3582200,92.08000183105469,90.7300033569336,75.29994201660156
15-05-2015,89.25,90.31999969482422,3267300,91.23999786376953,90.47000122070312,75.08413696289062
18-05-2015,89.9000015258789,90.55999755859375,3018000,92.04000091552734,91.80000305175781,76.1879653930664
19-05-2015,90.23999786376953,91.4800033569336,3588500,91.61000061035156,90.26000213623047,74.90987396240234
20-05-2015,89.76000213623047,90.5999984741211,3734400,90.72000122070312,90.45999908447266,75.07584381103516
21-05-2015,90.68000030517578,91.16999816894531,3958000,91.83000183105469,91.48999786376953,75.93067932128906
22-05-2015,90.06999969482422,90.4000015258789,3055500,91.38999938964844,90.26000213623047,74.90987396240234
26-05-2015,88.55000305175781,89.25,3920700,89.80999755859375,89.1500015258789,73.98863983154297
27-05-2015,88.51000213623047,89.12999725341797,3016900,89.94000244140625,89.0,73.86416625976562
28-05-2015,88.0,88.55000305175781,3790800,89.36000061035156,89.1500015258789,73.98863983154297
29-05-2015,88.26000213623047,89.41999816894531,3948900,89.5199966430664,88.69000244140625,73.60685729980469
01-06-2015,88.18000030517578,89.0199966430664,2886500,89.12000274658203,88.76000213623047,73.66497039794922
02-06-2015,88.20999908447266,89.0199966430664,3581600,90.3499984741211,89.7699966430664,74.50318145751953
03-06-2015,88.97000122070312,89.55000305175781,2158400,90.47000122070312,89.01000213623047,73.87244415283203
04-06-2015,87.27999877929688,88.2300033569336,3774200,89.12999725341797,87.37999725341797,72.51963806152344
05-06-2015,86.81999969482422,87.0,4429900,90.63999938964844,89.68000030517578,74.42850494384766
08-06-2015,88.62999725341797,89.37000274658203,2755700,89.95999908447266,89.11000061035156,73.95545196533203
09-06-2015,89.08999633789062,90.0199966430664,2661000,91.4800033569336,89.08999633789062,73.9388427734375
10-06-2015,89.66000366210938,90.38999938964844,2914800,90.70999908447266,90.41000366210938,75.03436279296875
11-06-2015,90.2300033569336,91.0,2300900,91.05000305175781,90.6500015258789,75.2335433959961
12-06-2015,89.12000274658203,90.16000366210938,2464100,90.43000030517578,89.52999877929688,74.30400085449219
15-06-2015,88.5,88.51000213623047,2795300,89.86000061035156,89.22000122070312,74.04671478271484
16-06-2015,89.02999877929688,89.06999969482422,2286400,90.36000061035156,90.08000183105469,74.76048278808594
17-06-2015,88.41999816894531,90.68000030517578,4998100,91.1500015258789,89.0199966430664,73.88075256347656
18-06-2015,88.54000091552734,89.76000213623047,3602500,90.12999725341797,88.80999755859375,73.70642852783203
19-06-2015,88.23999786376953,88.29000091552734,4298600,89.12000274658203,88.2699966430664,73.25826263427734
22-06-2015,87.44999694824219,88.5999984741211,2845600,88.66999816894531,88.08000183105469,73.1006088256836
23-06-2015,87.66000366210938,88.27999877929688,3613300,88.81999969482422,88.79000091552734,73.68986511230469
24-06-2015,88.0999984741211,88.54000091552734,3785900,89.06999969482422,88.33999633789062,73.3163833618164
25-06-2015,87.30000305175781,88.16999816894531,3797800,88.2699966430664,87.6500015258789,72.7437515258789
26-06-2015,87.08000183105469,87.5999984741211,11406600,88.69999694824219,88.05999755859375,73.08399200439453
29-06-2015,86.1500015258789,86.98999786376953,4022300,87.94000244140625,86.25,71.58183288574219
30-06-2015,86.33999633789062,86.98999786376953,3941400,87.9000015258789,87.55000305175781,72.6607437133789
01-07-2015,84.83999633789062,87.8499984741211,4644500,87.8499984741211,85.7699966430664,71.18344116210938
02-07-2015,85.58999633789062,85.94999694824219,2699900,86.69999694824219,85.66999816894531,71.10047149658203
06-07-2015,84.05000305175781,84.48999786376953,3513300,86.18000030517578,85.08999633789062,70.61908721923828
07-07-2015,83.83000183105469,85.77999877929688,5118300,87.0999984741211,86.72000122070312,71.97188568115234
08-07-2015,84.0,86.0999984741211,4681200,86.91999816894531,84.48999786376953,70.12114715576172
09-07-2015,85.18000030517578,85.98999786376953,3784000,87.3499984741211,85.30000305175781,70.79341125488281
10-07-2015,84.44999694824219,85.9800033569336,2903800,86.76000213623047,84.54000091552734,70.16264343261719
13-07-2015,83.47000122070312,84.52999877929688,3830200,84.79000091552734,84.20999908447266,69.88878631591797
14-07-2015,84.0999984741211,84.19999694824219,3276100,85.63999938964844,85.2300033569336,70.73529052734375
15-07-2015,83.05000305175781,84.62000274658203,3917300,85.2300033569336,83.25,69.22848510742188
16-07-2015,82.33999633789062,83.73999786376953,4019300,83.80000305175781,82.4000015258789,68.52165985107422
17-07-2015,80.26000213623047,81.97000122070312,6069300,82.1500015258789,80.5,66.94163513183594
20-07-2015,77.91999816894531,80.23999786376953,7054000,80.25,77.93000030517578,64.80451202392578
21-07-2015,76.94000244140625,78.08999633789062,6823700,78.37999725341797,77.33000183105469,64.30555725097656
22-07-2015,75.76000213623047,77.18000030517578,7205200,77.48999786376953,76.08999633789062,63.27440643310547
23-07-2015,75.47000122070312,76.19999694824219,6335400,76.81999969482422,76.31999969482422,63.465675354003906
24-07-2015,74.62000274658203,76.0999984741211,5850200,76.58000183105469,75.16000366210938,62.50104904174805
27-07-2015,72.86000061035156,74.0999984741211,5621300,74.7300033569336,73.19000244140625,60.86286544799805
28-07-2015,73.4000015258789,73.4000015258789,7887200,77.55999755859375,76.8499984741211,63.90641403198242
29-07-2015,76.5,76.5,6360600,79.01000213623047,77.73999786376953,64.6465072631836
30-07-2015,76.80000305175781,77.6500015258789,4539800,78.72000122070312,78.54000091552734,65.3117904663086
31-07-2015,77.0,78.0,4190200,78.30999755859375,77.19000244140625,64.18914794921875
03-08-2015,75.44999694824219,76.19999694824219,5136500,77.62999725341797,76.44000244140625,63.56547546386719
04-08-2015,76.3499984741211,77.08000183105469,3981900,77.7699966430664,76.73999786376953,63.814937591552734
05-08-2015,75.95999908447266,78.05999755859375,4896800,78.94999694824219,76.08999633789062,63.27440643310547
06-08-2015,75.30000305175781,75.6500015258789,6709500,78.33999633789062,77.68000030517578,64.59661865234375
07-08-2015,73.02999877929688,75.25,8476100,78.69999694824219,73.76000213623047,61.33685302734375
10-08-2015,73.62000274658203,73.66999816894531,6935200,76.4800033569336,76.2699966430664,63.42410659790039
11-08-2015,74.18000030517578,75.12999725341797,5976000,77.43000030517578,77.30000305175781,64.28064727783203
12-08-2015,76.5,77.31999969482422,8234000,80.26000213623047,79.93000030517578,66.46765899658203
13-08-2015,78.33999633789062,79.30000305175781,5889700,80.5,79.68000030517578,66.25975799560547
14-08-2015,78.80000305175781,79.5,3908100,80.87999725341797,79.93000030517578,66.46765899658203
17-08-2015,78.88999938964844,79.5,3747200,80.16000366210938,80.01000213623047,66.5341796875
18-08-2015,79.27999877929688,79.70999908447266,3536700,80.54000091552734,80.41000366210938,66.8668212890625
19-08-2015,76.06999969482422,79.87000274658203,6122900,79.87999725341797,77.06999969482422,64.08936309814453
20-08-2015,76.61000061035156,77.0199966430664,6793500,78.44000244140625,76.7300033569336,63.806617736816406
21-08-2015,74.12000274658203,76.38999938964844,7769100,77.43000030517578,74.86000061035156,62.251590728759766
24-08-2015,68.1500015258789,70.0,9518800,73.27999877929688,69.26000213623047,57.594783782958984
25-08-2015,68.29000091552734,72.0999984741211,6720600,72.11000061035156,68.36000061035156,56.84635543823242
26-08-2015,68.4000015258789,70.20999908447266,6763700,71.04000091552734,70.98999786376953,59.03340148925781
27-08-2015,72.86000061035156,72.98999786376953,7160700,76.0999984741211,75.79000091552734,63.024932861328125
28-08-2015,75.41000366210938,75.5,6962200,79.33999633789062,77.30999755859375,64.28894805908203
31-08-2015,74.56999969482422,76.19999694824219,6864000,79.16000366210938,78.30999755859375,65.12052154541016
01-09-2015,75.18000030517578,76.0199966430664,6376900,77.31999969482422,76.0199966430664,63.21620178222656
02-09-2015,74.87000274658203,77.05999755859375,5356500,77.70999908447266,77.70999908447266,64.6215591430664
03-09-2015,76.79000091552734,78.25,6228100,80.16000366210938,77.44999694824219,64.40535736083984
04-09-2015,75.94999694824219,76.22000122070312,4700700,77.44000244140625,76.88999938964844,63.93966293334961
08-09-2015,75.44999694824219,77.58000183105469,5137600,78.18000030517578,77.66000366210938,64.57998657226562
09-09-2015,76.66999816894531,78.73999786376953,6445400,79.3499984741211,76.93000030517578,63.97291564941406
10-09-2015,76.12999725341797,77.56999969482422,4814700,78.23999786376953,78.05999755859375,64.91261291503906
11-09-2015,75.83999633789062,76.75,4571800,77.41000366210938,77.1500015258789,64.15587615966797
14-09-2015,76.04000091552734,77.1500015258789,3705000,77.1500015258789,76.43000030517578,63.55712890625
15-09-2015,76.55999755859375,77.04000091552734,3650500,77.80000305175781,77.25,64.23904418945312
16-09-2015,77.45999908447266,77.68000030517578,3996000,80.16999816894531,79.94000244140625,66.47599029541016
17-09-2015,79.12000274658203,80.0199966430664,5499100,81.18000030517578,79.66000366210938,66.24313354492188
18-09-2015,75.93000030517578,78.86000061035156,6047600,79.19000244140625,76.26000213623047,63.41580581665039
21-09-2015,75.87000274658203,77.05000305175781,3258700,77.33000183105469,76.5199966430664,63.63201141357422
22-09-2015,74.69000244140625,75.43000030517578,3433900,76.66000366210938,75.22000122070312,62.55094909667969
23-09-2015,72.87000274658203,75.23999786376953,3891400,75.93000030517578,73.04000091552734,60.73810577392578
24-09-2015,71.4800033569336,72.29000091552734,4443600,73.72000122070312,73.26000213623047,60.92107009887695
25-09-2015,72.19000244140625,74.05999755859375,3894300,74.20999908447266,72.79000091552734,60.53022003173828
28-09-2015,69.0999984741211,71.73999786376953,4581900,72.19000244140625,69.43000030517578,57.73613739013672
29-09-2015,69.13999938964844,69.86000061035156,3773600,70.66999816894531,70.12999725341797,58.31822967529297
30-09-2015,70.66999816894531,70.8499984741211,4809200,72.94000244140625,72.80000305175781,60.538551330566406
01-10-2015,73.0,73.80000305175781,5683400,75.68000030517578,73.58999633789062,61.19548416137695
02-10-2015,71.58999633789062,72.66999816894531,6032600,77.44999694824219,77.05999755859375,64.08103942871094
05-10-2015,78.0,78.16000366210938,7429300,81.69999694824219,80.6500015258789,67.06637573242188
06-10-2015,80.55000305175781,80.72000122070312,6777000,83.7300033569336,82.83999633789062,68.8875503540039
07-10-2015,82.18000030517578,84.37000274658203,6893100,85.4000015258789,83.7699966430664,69.660888671875
08-10-2015,83.06999969482422,83.30999755859375,6795000,87.2699966430664,87.04000091552734,72.380126953125
09-10-2015,86.0999984741211,87.3499984741211,5802200,88.30000305175781,87.30000305175781,72.59635925292969
12-10-2015,84.93000030517578,87.12000274658203,4804200,88.0,86.02999877929688,71.54023742675781
13-10-2015,84.75,85.12999725341797,5605900,86.29000091552734,85.27999877929688,70.91658020019531
14-10-2015,84.76000213623047,84.98999786376953,3325400,86.13999938964844,85.77999877929688,71.4731674194336
15-10-2015,84.93000030517578,85.30000305175781,3609900,87.16000366210938,87.13999938964844,72.60635375976562
16-10-2015,86.55999755859375,87.75,4128500,88.0,87.5,72.90628814697266
19-10-2015,84.11000061035156,86.2699966430664,4256500,86.47000122070312,84.80999755859375,70.66492462158203
20-10-2015,83.94999694824219,84.56999969482422,3553400,85.6500015258789,84.87000274658203,70.71495056152344
21-10-2015,83.41000366210938,84.44000244140625,3005600,84.69999694824219,83.77999877929688,69.8067398071289
22-10-2015,84.37000274658203,84.62999725341797,2901100,86.16999816894531,85.80000305175781,71.48982238769531
23-10-2015,84.31999969482422,85.08999633789062,2674900,86.08999633789062,85.43000030517578,71.18153381347656
26-10-2015,83.25,85.0999984741211,3496500,85.29000091552734,83.38999938964844,69.48179626464844
27-10-2015,80.05000305175781,81.83999633789062,5147700,82.94999694824219,82.69999694824219,68.9068603515625
28-10-2015,82.3499984741211,82.9800033569336,3830000,86.16999816894531,84.79000091552734,70.64828491210938
29-10-2015,84.12999725341797,84.31999969482422,2984100,85.9000015258789,85.5199966430664,71.25651550292969
30-10-2015,84.37000274658203,85.77999877929688,3161600,86.68000030517578,85.8499984741211,71.53150177001953
02-11-2015,84.70999908447266,85.13999938964844,3597500,86.5,86.06999969482422,71.71479034423828
03-11-2015,86.27999877929688,86.9000015258789,5513900,89.5199966430664,88.44999694824219,73.69786071777344
04-11-2015,85.75,88.4800033569336,3908700,88.95999908447266,86.47000122070312,72.04808807373047
05-11-2015,85.44999694824219,86.27999877929688,4033800,88.22000122070312,86.47000122070312,72.04808807373047
06-11-2015,84.2300033569336,85.41000366210938,5272300,88.48999786376953,85.2699966430664,71.0482177734375
09-11-2015,84.48999786376953,85.94000244140625,3849900,87.18000030517578,85.37000274658203,71.13155364990234
10-11-2015,84.72000122070312,85.22000122070312,3909700,86.87999725341797,86.58000183105469,72.13973236083984
11-11-2015,83.19000244140625,86.3499984741211,3545500,87.9000015258789,83.31999969482422,69.42344665527344
12-11-2015,80.93000030517578,82.33999633789062,3436700,82.75,81.69000244140625,68.06532287597656
13-11-2015,80.5,81.6500015258789,3111800,82.94999694824219,82.25,68.53191375732422
16-11-2015,82.0,82.44000244140625,3052700,84.86000061035156,84.79000091552734,70.64828491210938
17-11-2015,81.93000030517578,84.29000091552734,3290100,84.30999755859375,82.9800033569336,69.14015197753906
18-11-2015,82.94999694824219,83.83999633789062,3200900,85.26000213623047,85.1500015258789,70.9482421875
19-11-2015,81.73999786376953,84.26000213623047,2797900,84.63999938964844,82.6500015258789,68.86520385742188
20-11-2015,81.9800033569336,83.0,2980700,83.2699966430664,82.62999725341797,68.84855651855469
23-11-2015,82.05999755859375,82.36000061035156,2718700,83.37999725341797,82.56999969482422,68.79854583740234
24-11-2015,83.16000366210938,83.30000305175781,4420900,85.6500015258789,85.13999938964844,70.93991088867188
25-11-2015,83.19999694824219,84.23999786376953,3037000,84.62999725341797,83.52999877929688,69.59844207763672
27-11-2015,81.9000015258789,82.87999725341797,1446600,83.2699966430664,82.0199966430664,68.34027099609375
30-11-2015,82.19999694824219,82.41000366210938,3833500,84.63999938964844,83.43000030517578,69.51508331298828
01-12-2015,83.0199966430664,83.44999694824219,2584200,84.12999725341797,84.05000305175781,70.03172302246094
02-12-2015,80.41000366210938,83.33000183105469,4543300,84.05999755859375,80.86000061035156,67.37374114990234
03-12-2015,80.25,81.63999938964844,4675000,82.4800033569336,80.98999786376953,67.48206329345703
04-12-2015,78.5,79.29000091552734,4754200,80.83999633789062,80.48999786376953,67.06546783447266
07-12-2015,74.55000305175781,77.87999725341797,6354500,78.4000015258789,76.19000244140625,63.482643127441406
08-12-2015,73.93000030517578,74.72000122070312,5336800,77.87999725341797,77.11000061035156,64.24918365478516
09-12-2015,76.87999725341797,77.47000122070312,5377100,80.4000015258789,78.37999725341797,65.30735778808594
10-12-2015,77.4000015258789,77.83999633789062,5033300,80.1500015258789,78.18000030517578,65.1407470703125
11-12-2015,74.76000213623047,77.31999969482422,4962000,79.43000030517578,74.88999938964844,62.39944076538086
14-12-2015,73.72000122070312,74.36000061035156,5854600,77.02999877929688,76.86000061035156,64.0408935546875
15-12-2015,76.9800033569336,77.97000122070312,5701000,78.66000366210938,77.30000305175781,64.40752410888672
16-12-2015,75.72000122070312,77.29000091552734,4961300,77.62000274658203,75.80000305175781,63.15768814086914
17-12-2015,71.93000030517578,75.47000122070312,6110000,75.9800033569336,73.30000305175781,61.07464599609375
18-12-2015,71.41000366210938,73.19000244140625,6633800,73.87000274658203,71.43000030517578,59.516536712646484
21-12-2015,69.30000305175781,71.5999984741211,5078800,71.8499984741211,70.25,58.533348083496094
22-12-2015,69.58000183105469,70.33000183105469,5234600,71.58000183105469,69.80999755859375,58.16673278808594
23-12-2015,70.79000091552734,71.4000015258789,5352700,73.76000213623047,73.69000244140625,61.39959716796875
24-12-2015,72.6500015258789,73.75,1792900,73.9800033569336,73.41999816894531,61.17464065551758
28-12-2015,70.20999908447266,71.76000213623047,3998000,71.9800033569336,70.48999786376953,58.73331069946289
29-12-2015,70.55000305175781,71.87999725341797,3168400,72.33000183105469,71.08999633789062,59.23322677612305
30-12-2015,69.73999786376953,69.80000305175781,3354700,71.08999633789062,70.61000061035156,58.83329772949219
31-12-2015,70.0,70.11000061035156,3117300,71.58999633789062,70.79000091552734,58.983280181884766
04-01-2016,68.83000183105469,70.80000305175781,5136700,71.0,69.68000030517578,58.05839920043945
05-01-2016,68.56999969482422,70.05999755859375,3665200,70.54000091552734,70.12999725341797,58.43334197998047
06-01-2016,66.69999694824219,68.5,6626700,68.5,67.31999969482422,56.092018127441406
07-01-2016,65.19000244140625,65.91999816894531,5297900,69.01000213623047,65.45999908447266,54.54225158691406
08-01-2016,64.7699966430664,65.86000061035156,4990100,66.43000030517578,65.5199966430664,54.59223175048828
11-01-2016,62.91999816894531,65.87999725341797,5356600,66.05999755859375,63.66999816894531,53.050777435302734
12-01-2016,61.349998474121094,64.6500015258789,7124500,65.18000030517578,62.91999816894531,52.42588806152344
13-01-2016,62.59000015258789,63.41999816894531,7745400,64.66000366210938,64.16999816894531,53.61054992675781
14-01-2016,63.61000061035156,64.66999816894531,7134900,66.61000061035156,65.26000213623047,54.52117156982422
15-01-2016,61.0099983215332,62.0099983215332,5870600,64.0199966430664,62.970001220703125,52.607994079589844
19-01-2016,59.47999954223633,63.150001525878906,5477000,63.630001068115234,60.97999954223633,50.945465087890625
20-01-2016,57.150001525878906,59.72999954223633,10621600,60.880001068115234,60.2400016784668,50.32724380493164
21-01-2016,59.40999984741211,60.2400016784668,7403900,64.25,63.75,53.259647369384766
22-01-2016,64.66999816894531,66.44000244140625,6827100,67.48999786376953,66.0199966430664,55.156105041503906
25-01-2016,61.5099983215332,64.62000274658203,4969200,66.1500015258789,61.59000015258789,51.45509719848633
26-01-2016,62.290000915527344,63.0,6789000,66.12999725341797,66.02999877929688,55.16444396972656
27-01-2016,64.48999786376953,65.08999633789062,7071300,67.93000030517578,66.06999969482422,55.1978874206543
28-01-2016,66.6500015258789,69.2300033569336,6737700,69.79000091552734,68.62999725341797,57.33662033081055
29-01-2016,69.0199966430664,69.16999816894531,6883200,71.18000030517578,71.0199966430664,59.333335876464844
01-02-2016,67.69000244140625,69.30000305175781,4489100,70.0,69.08999633789062,57.720924377441406
02-02-2016,66.0,67.01000213623047,5463600,69.37000274658203,67.16000366210938,56.108516693115234
03-02-2016,66.31999969482422,68.61000061035156,5381200,70.2699966430664,70.19000244140625,58.63991165161133
04-02-2016,68.13999938964844,70.66999816894531,5174300,71.38999938964844,68.44000244140625,57.17789077758789
05-02-2016,65.62000274658203,67.68000030517578,5514400,67.68000030517578,67.05999755859375,56.02497100830078
08-02-2016,64.75,65.66000366210938,6274500,68.80000305175781,68.43000030517578,57.16953659057617
09-02-2016,64.33999633789062,67.20999908447266,6382800,67.97000122070312,65.58999633789062,54.796871185302734
10-02-2016,63.90999984741211,65.44999694824219,4302100,66.77999877929688,65.79000091552734,54.96396255493164
11-02-2016,63.060001373291016,63.619998931884766,5413000,65.98999786376953,65.55999755859375,54.77179718017578
12-02-2016,65.9800033569336,66.81999969482422,5476800,68.76000213623047,67.69999694824219,56.55965042114258
16-02-2016,66.25,68.7699966430664,3747900,69.08999633789062,67.88999938964844,56.7183952331543
17-02-2016,67.5999984741211,69.0,6288200,70.94000244140625,70.81999969482422,59.1662483215332
18-02-2016,69.33999633789062,70.98999786376953,3668100,71.2300033569336,69.45999908447266,58.03003692626953
19-02-2016,68.05999755859375,68.61000061035156,3575100,69.7300033569336,69.70999908447266,58.238887786865234
22-02-2016,69.70999908447266,69.70999908447266,4684600,72.7699966430664,72.20999908447266,60.3275260925293
23-02-2016,67.6500015258789,71.69000244140625,4418700,71.75,68.0199966430664,56.82699966430664
24-02-2016,66.75,67.2300033569336,4151500,69.94000244140625,69.5199966430664,58.08017349243164
25-02-2016,67.16999816894531,69.19000244140625,5356700,70.30000305175781,68.5,57.228031158447266
26-02-2016,65.73999786376953,68.0,10600800,69.69999694824219,67.5,56.3925666809082
29-02-2016,64.72000122070312,67.41999816894531,7950300,67.55999755859375,64.73999786376953,54.086734771728516
01-03-2016,62.529998779296875,65.0999984741211,7542900,65.47000122070312,65.0199966430664,54.32066345214844
02-03-2016,64.13999938964844,64.94999694824219,5243400,67.12000274658203,67.0,55.97486114501953
03-03-2016,66.18000030517578,66.94999694824219,6644400,69.66999816894531,69.25,57.8546028137207
04-03-2016,68.73999786376953,69.91000366210938,7930800,71.5199966430664,71.41000366210938,59.6591682434082
07-03-2016,70.22000122070312,71.12000274658203,8446300,75.52999877929688,75.47000122070312,63.05107879638672
08-03-2016,70.4800033569336,74.6500015258789,6598900,74.83999633789062,70.55999755859375,58.949039459228516
09-03-2016,69.80999755859375,71.58999633789062,4693500,72.5,72.26000213623047,60.36928176879883
10-03-2016,70.30999755859375,71.16000366210938,4557300,72.86000061035156,72.2699966430664,60.37763977050781
11-03-2016,72.98999786376953,73.13999938964844,4282000,75.88999938964844,75.18000030517578,62.80878448486328
14-03-2016,73.29000091552734,73.70999908447266,3188400,75.44999694824219,74.77999877929688,62.4746208190918
15-03-2016,71.9000015258789,73.81999969482422,3910500,74.37000274658203,73.61000061035156,61.49714660644531
16-03-2016,72.69000244140625,74.37000274658203,4881800,75.2699966430664,75.04000091552734,62.69184112548828
17-03-2016,75.18000030517578,75.66000366210938,4675100,77.44999694824219,76.5,63.91157531738281
18-03-2016,74.62999725341797,77.5,7455600,77.69999694824219,75.62999725341797,63.18473434448242
21-03-2016,74.58999633789062,75.0199966430664,2899600,76.31999969482422,75.95999908447266,63.46044921875
22-03-2016,75.37999725341797,75.38999938964844,2844300,77.25,75.9000015258789,63.410316467285156
23-03-2016,73.83999633789062,75.44999694824219,3840700,76.54000091552734,74.33999633789062,62.106998443603516
24-03-2016,72.31999969482422,72.41999816894531,3621400,74.91000366210938,74.30000305175781,62.07360076904297
28-03-2016,73.5199966430664,74.30000305175781,2628700,74.76000213623047,74.52999877929688,62.265743255615234
29-03-2016,73.13999938964844,73.16999816894531,3243000,75.63999938964844,75.44999694824219,63.034366607666016
30-03-2016,73.58999633789062,76.44000244140625,4136200,76.5,73.66000366210938,61.538909912109375
31-03-2016,72.37000274658203,73.4800033569336,5664700,74.41999816894531,72.58000183105469,60.63663101196289
01-04-2016,70.41000366210938,70.8499984741211,5143400,72.47000122070312,72.04000091552734,60.18550109863281
04-04-2016,70.11000061035156,72.4800033569336,3452600,72.62999725341797,70.30999755859375,58.740169525146484
05-04-2016,69.66000366210938,69.88999938964844,3467500,71.36000061035156,70.54000091552734,58.93232727050781
06-04-2016,69.76000213623047,70.68000030517578,4159200,71.70999908447266,71.22000122070312,59.50042724609375
07-04-2016,70.38999938964844,70.79000091552734,3017600,72.08000183105469,71.44999694824219,59.69257354736328
08-04-2016,72.44000244140625,73.37000274658203,3215900,73.5,73.47000122070312,61.38018798828125
11-04-2016,73.69999694824219,73.87999725341797,3457500,74.77999877929688,74.01000213623047,61.83131790161133
12-04-2016,73.54000091552734,74.45999908447266,5528000,77.83000183105469,77.51000213623047,64.7553939819336
13-04-2016,76.31999969482422,77.61000061035156,4629100,78.18000030517578,77.77999877929688,65.1220932006836
14-04-2016,77.0,78.02999877929688,2666700,78.62999725341797,77.80999755859375,65.14720916748047
15-04-2016,75.06999969482422,77.41999816894531,4868800,77.41999816894531,75.70999908447266,63.38896560668945
18-04-2016,73.56999969482422,74.04000091552734,3586400,77.68000030517578,77.44000244140625,64.83740997314453
19-04-2016,77.69999694824219,78.5199966430664,3829900,80.18000030517578,79.12999725341797,66.25241088867188
20-04-2016,76.63999938964844,78.12999725341797,4066200,80.05999755859375,79.37000274658203,66.45333862304688
21-04-2016,78.70999908447266,79.37999725341797,3336600,80.29000091552734,79.16000366210938,66.27752685546875
22-04-2016,79.5,79.66999816894531,3157300,81.77999877929688,80.91999816894531,67.75109100341797
25-04-2016,79.04000091552734,80.38999938964844,2828100,80.5199966430664,79.76000213623047,66.7798843383789
26-04-2016,79.97000122070312,80.5199966430664,3654700,82.86000061035156,82.77999877929688,69.30838775634766
27-04-2016,83.04000091552734,83.69000244140625,3795100,85.43000030517578,84.51000213623047,70.7568588256836
28-04-2016,81.5999984741211,83.8499984741211,3266000,84.75,81.88999938964844,68.5632553100586
29-04-2016,81.02999877929688,82.70999908447266,4570600,83.23999786376953,82.62000274658203,69.1744613647461
02-05-2016,80.68000030517578,82.33000183105469,4300700,83.05999755859375,82.77999877929688,69.30838775634766
03-05-2016,80.05000305175781,81.44000244140625,3808600,82.2300033569336,80.62999725341797,67.50829315185547
04-05-2016,78.80999755859375,80.61000061035156,3757600,82.0,79.33999633789062,66.42822265625
05-05-2016,80.1500015258789,80.44000244140625,5206800,82.75,81.26000213623047,68.03575897216797
06-05-2016,78.08000183105469,78.83000183105469,5070700,81.6500015258789,78.68000030517578,65.87562561035156
09-05-2016,77.04000091552734,78.20999908447266,3002700,78.83000183105469,78.63999938964844,65.8421401977539
10-05-2016,78.70999908447266,78.7699966430664,4089700,79.8499984741211,79.7300033569336,66.7547607421875
11-05-2016,78.22000122070312,79.37999725341797,3192000,81.20999908447266,80.31999969482422,67.24874114990234
12-05-2016,79.55000305175781,81.38999938964844,2277400,81.8499984741211,80.5,67.39942932128906
13-05-2016,78.5999984741211,80.20999908447266,3219100,80.97000122070312,78.6500015258789,65.85049438476562
16-05-2016,79.63999938964844,79.63999938964844,2992800,81.41000366210938,80.69000244140625,67.55852508544922
17-05-2016,80.38999938964844,80.80000305175781,3952300,82.4800033569336,81.56999969482422,68.2952880859375
18-05-2016,79.87999725341797,81.36000061035156,2478500,82.1500015258789,80.41000366210938,67.32408142089844
19-05-2016,77.66000366210938,79.1500015258789,3798500,80.19000244140625,80.08000183105469,67.04781341552734
20-05-2016,79.54000091552734,80.58999633789062,3322800,81.30999755859375,80.91999816894531,67.75109100341797
23-05-2016,79.7300033569336,79.80000305175781,3215300,81.87000274658203,81.2699966430664,68.04412841796875
24-05-2016,80.6500015258789,81.79000091552734,3312900,83.08000183105469,82.48999786376953,69.06558227539062
25-05-2016,82.29000091552734,82.5,2895200,83.37999725341797,83.08000183105469,69.5595932006836
26-05-2016,82.20999908447266,83.55000305175781,2367300,83.94000244140625,82.30000305175781,68.9065170288086
27-05-2016,80.7699966430664,81.94000244140625,2100600,82.26000213623047,81.56999969482422,68.2952880859375
31-05-2016,81.08000183105469,82.02999877929688,3009200,82.4800033569336,81.36000061035156,68.11949920654297
01-06-2016,80.0,80.6500015258789,3337100,81.30999755859375,80.75,67.60875701904297
02-06-2016,79.19999694824219,79.95999908447266,2069800,80.58000183105469,80.48999786376953,67.39105987548828
03-06-2016,79.11000061035156,80.23999786376953,2134500,80.80000305175781,79.70999908447266,66.73802185058594
06-06-2016,79.97000122070312,80.61000061035156,2037300,81.41999816894531,81.2699966430664,68.04412841796875
07-06-2016,81.91000366210938,81.98999786376953,4369500,85.62999725341797,85.41999816894531,71.51878356933594
08-06-2016,85.13999938964844,86.5999984741211,3796800,86.87000274658203,85.36000061035156,71.46852111816406
09-06-2016,84.0,84.16999816894531,3588100,85.44000244140625,84.58000183105469,70.81547546386719
10-06-2016,81.33000183105469,83.31999969482422,2983600,84.33999633789062,81.55999755859375,68.28694152832031
13-06-2016,80.51000213623047,80.98999786376953,2235300,83.0999984741211,81.38999938964844,68.1446304321289
14-06-2016,81.06999969482422,81.22000122070312,2335700,83.05000305175781,82.9800033569336,69.4758529663086
15-06-2016,81.5,82.7300033569336,2150800,83.54000091552734,82.44000244140625,69.02372741699219
16-06-2016,79.33000183105469,81.25,3139800,81.3499984741211,80.18000030517578,67.13152313232422
17-06-2016,80.33999633789062,80.94999694824219,3280800,81.55000305175781,80.88999938964844,67.72598266601562
20-06-2016,81.80999755859375,82.33000183105469,3215000,83.38999938964844,83.19000244140625,69.65166473388672
21-06-2016,82.83000183105469,82.98999786376953,3539800,85.22000122070312,84.91000366210938,71.09178924560547
22-06-2016,83.43000030517578,84.9000015258789,2415600,85.08999633789062,83.5999984741211,69.99494171142578
23-06-2016,83.97000122070312,84.76000213623047,2413200,84.97000122070312,84.5,70.74850463867188
24-06-2016,80.80999755859375,81.58000183105469,4942200,82.87999725341797,81.05999755859375,67.86830139160156
27-06-2016,78.11000061035156,80.0,4234100,80.80000305175781,78.58999633789062,65.80026245117188
28-06-2016,79.8499984741211,80.6500015258789,3105700,81.7699966430664,81.75,68.44601440429688
29-06-2016,82.41000366210938,82.80000305175781,2870300,84.01000213623047,83.44000244140625,69.86099243164062
30-06-2016,82.63999938964844,83.44000244140625,3364000,83.95999908447266,83.41999816894531,69.84423828125
01-07-2016,83.37000274658203,83.77999877929688,2675400,85.7300033569336,84.77999877929688,70.98291778564453
05-07-2016,81.66999816894531,83.12000274658203,2704800,84.02999877929688,82.76000213623047,69.2916488647461
06-07-2016,81.86000061035156,82.02999877929688,2207300,83.11000061035156,82.76000213623047,69.2916488647461
07-07-2016,81.12000274658203,83.83000183105469,2145800,83.86000061035156,81.61000061035156,68.32880401611328
08-07-2016,81.56999969482422,82.83999633789062,1979500,83.06999969482422,82.54000091552734,69.1074447631836
11-07-2016,82.5999984741211,82.94000244140625,1689200,83.88999938964844,82.9000015258789,69.40888214111328
12-07-2016,84.13999938964844,84.55000305175781,2860700,85.95999908447266,85.13999938964844,71.2843246459961
13-07-2016,82.62000274658203,84.58999633789062,2812000,85.06999969482422,83.83999633789062,70.33467864990234
14-07-2016,83.87999725341797,84.83999633789062,2018100,84.93000030517578,84.62999725341797,70.99744415283203
15-07-2016,83.63999938964844,84.51000213623047,2473800,84.9000015258789,84.0999984741211,70.55280303955078
18-07-2016,82.73999786376953,83.91999816894531,1864800,84.30999755859375,83.25,69.8397216796875
19-07-2016,81.86000061035156,82.87000274658203,2173800,83.1500015258789,82.04000091552734,68.82463836669922
20-07-2016,80.91999816894531,81.52999877929688,2156700,82.86000061035156,82.11000061035156,68.88336944580078
21-07-2016,81.19999694824219,82.1500015258789,1825300,83.45999908447266,81.48999786376953,68.36322021484375
22-07-2016,80.19000244140625,82.05000305175781,2620100,82.19999694824219,80.9800033569336,67.93537139892578
25-07-2016,78.19000244140625,80.37999725341797,4280300,80.55999755859375,78.75,66.0645980834961
26-07-2016,78.04000091552734,78.47000122070312,2548000,80.44999694824219,80.44999694824219,67.49075317382812
27-07-2016,79.6500015258789,80.76000213623047,3450200,81.94999694824219,79.77999877929688,66.92865753173828
28-07-2016,79.25,79.73999786376953,2537400,80.70999908447266,79.9000015258789,67.02936553955078
29-07-2016,78.86000061035156,79.0,2886900,81.88999938964844,81.69999694824219,68.5394058227539
01-08-2016,78.26000213623047,81.04000091552734,3591800,81.12999725341797,78.69999694824219,66.02265930175781
02-08-2016,78.5199966430664,79.37000274658203,3039100,80.36000061035156,79.88999938964844,67.02096557617188
03-08-2016,79.66999816894531,80.0,3036500,82.41999816894531,82.37000274658203,69.10147094726562
04-08-2016,81.5999984741211,82.02999877929688,4243000,84.30000305175781,84.23999786376953,70.67023468017578
05-08-2016,86.75,87.2300033569336,8928300,90.7699966430664,90.16000366210938,75.63664245605469
08-08-2016,90.47000122070312,90.97000122070312,4506100,92.0,90.66000366210938,76.05608367919922
09-08-2016,89.9000015258789,91.29000091552734,3064200,91.38999938964844,90.37999725341797,75.82119750976562
10-08-2016,89.19999694824219,90.87000274658203,2664100,90.87000274658203,89.41999816894531,75.01583862304688
11-08-2016,89.08000183105469,90.06999969482422,3445400,91.1500015258789,90.27999877929688,75.73728942871094
12-08-2016,90.0,90.6500015258789,1912000,91.41999816894531,91.19999694824219,76.50908660888672
15-08-2016,90.54000091552734,91.51000213623047,2794100,91.97000122070312,90.55000305175781,75.96380615234375
16-08-2016,88.83999633789062,90.19000244140625,2463400,90.80000305175781,90.26000213623047,75.72052001953125
17-08-2016,89.30000305175781,89.80999755859375,3160400,90.66000366210938,90.22000122070312,75.68695831298828
18-08-2016,90.29000091552734,90.81999969482422,4122200,92.0999984741211,91.7300033569336,76.95372009277344
19-08-2016,90.66000366210938,91.16999816894531,2338600,91.94000244140625,91.76000213623047,76.9789047241211
22-08-2016,90.2699966430664,90.83000183105469,2276100,91.83999633789062,91.16999816894531,76.48391723632812
23-08-2016,90.70999908447266,90.7300033569336,2986400,91.8499984741211,91.20999908447266,76.51749420166016
24-08-2016,90.55999755859375,90.7699966430664,2329200,91.4000015258789,90.7300033569336,76.11480712890625
25-08-2016,90.0,90.69999694824219,1929900,90.8499984741211,90.25,75.71215057373047
26-08-2016,89.91999816894531,90.7300033569336,1641100,91.51000213623047,90.18000030517578,75.65341186523438
29-08-2016,89.61000061035156,89.9800033569336,2226100,91.33000183105469,91.13999938964844,76.45875549316406
30-08-2016,89.63999938964844,91.2699966430664,1618400,91.69000244140625,90.06999969482422,75.56111907958984
31-08-2016,88.0199966430664,89.76000213623047,2709100,89.9000015258789,88.48999786376953,74.23564147949219
01-09-2016,87.44000244140625,88.30999755859375,2420700,88.63999938964844,88.55000305175781,74.28596496582031
02-09-2016,88.69000244140625,89.2699966430664,1938400,89.5,88.91000366210938,74.58799743652344
06-09-2016,90.05999755859375,90.25,7421600,95.19999694824219,94.83000183105469,79.5543441772461
07-09-2016,94.04000091552734,94.77999877929688,4271500,95.16000366210938,94.31999969482422,79.12651062011719
08-09-2016,94.16000366210938,95.18000030517578,3697300,95.93000030517578,95.43000030517578,80.05772399902344
09-09-2016,92.62000274658203,94.36000061035156,3013300,94.87000274658203,92.6500015258789,77.72555541992188
12-09-2016,91.3499984741211,92.05000305175781,2498800,93.52999877929688,92.9800033569336,78.00237274169922
13-09-2016,89.52999877929688,91.61000061035156,3985900,92.12999725341797,90.4000015258789,75.83796691894531
14-09-2016,88.16999816894531,89.87999725341797,3673700,90.81999969482422,88.44999694824219,74.20207214355469
15-09-2016,88.48999786376953,88.8499984741211,3931800,92.38999938964844,90.94999694824219,76.29936981201172
16-09-2016,89.2699966430664,89.54000091552734,4559700,91.45999908447266,90.97000122070312,76.3161392211914
19-09-2016,90.0199966430664,91.66000366210938,3740000,91.87000274658203,90.05000305175781,75.54434204101562
20-09-2016,90.04000091552734,90.16000366210938,3049400,91.8499984741211,90.4000015258789,75.83796691894531
21-09-2016,91.0999984741211,91.55999755859375,3188900,93.79000091552734,93.5199966430664,78.45536804199219
22-09-2016,92.43000030517578,94.61000061035156,3047100,95.0,92.61000061035156,77.69197845458984
23-09-2016,89.4000015258789,92.25,3679800,92.36000061035156,89.75,75.29267120361328
26-09-2016,89.01000213623047,90.22000122070312,2131500,90.62999725341797,89.26000213623047,74.88157653808594
27-09-2016,87.18000030517578,88.1500015258789,2939000,89.0,88.55999755859375,74.29436492919922
28-09-2016,88.56999969482422,89.45999908447266,4533800,94.58000183105469,93.95999908447266,78.82450866699219
29-09-2016,93.13999938964844,94.27999877929688,4486500,95.94000244140625,95.05000305175781,79.73892974853516
30-09-2016,94.69000244140625,95.55000305175781,4006500,97.19999694824219,96.70999908447266,81.13151550292969
03-10-2016,95.05999755859375,96.2699966430664,2318600,96.70999908447266,96.11000061035156,80.628173828125
04-10-2016,94.51000213623047,96.31999969482422,1724700,96.37000274658203,95.13999938964844,79.81441497802734
05-10-2016,96.08999633789062,96.37000274658203,3284500,98.31999969482422,97.37999725341797,81.69358825683594
06-10-2016,96.38999938964844,97.55000305175781,1789700,98.05999755859375,97.13999938964844,81.49224090576172
07-10-2016,96.05000305175781,96.87999725341797,1742900,97.33000183105469,96.44000244140625,80.90502166748047
10-10-2016,97.12999725341797,97.27999877929688,1963600,98.0999984741211,97.29000091552734,81.61810302734375
11-10-2016,95.72000122070312,96.75,2099900,97.06999969482422,96.05000305175781,80.57785034179688
12-10-2016,95.1500015258789,95.87999725341797,2415800,96.76000213623047,96.30000305175781,80.78755187988281
13-10-2016,93.98999786376953,95.43000030517578,2252400,95.93000030517578,95.5,80.25643157958984
14-10-2016,93.91000366210938,96.2699966430664,2526800,96.2699966430664,94.4800033569336,79.39925384521484
17-10-2016,93.05000305175781,94.45999908447266,2100100,94.94999694824219,93.77999877929688,78.81099700927734
18-10-2016,92.94000244140625,94.95999908447266,2735400,95.16000366210938,93.12999725341797,78.26472473144531
19-10-2016,94.0,94.26000213623047,3163600,96.18000030517578,95.05999755859375,79.88668823242188
20-10-2016,93.7699966430664,93.97000122070312,2472200,95.5,94.91000366210938,79.76062774658203
21-10-2016,93.63999938964844,94.19000244140625,2729600,95.0199966430664,93.87999725341797,78.89501953125
24-10-2016,92.27999877929688,93.9800033569336,2569000,94.66999816894531,93.62000274658203,78.67652130126953
25-10-2016,92.56999969482422,93.4800033569336,1429100,94.19000244140625,92.66999816894531,77.87818145751953
26-10-2016,90.37999725341797,91.8499984741211,3286400,93.0999984741211,92.13999938964844,77.43276977539062
27-10-2016,91.30000305175781,92.51000213623047,3581300,92.88999938964844,91.73999786376953,77.09662628173828
28-10-2016,90.68000030517578,91.6500015258789,3269800,94.08999633789062,90.80000305175781,76.3066635131836
31-10-2016,90.18000030517578,90.66000366210938,2406900,91.2300033569336,90.41999816894531,75.98731231689453
01-11-2016,89.9000015258789,91.31999969482422,2496000,92.22000122070312,91.16000366210938,76.60919952392578
02-11-2016,88.94000244140625,89.91000366210938,3302600,91.79000091552734,90.94000244140625,76.42432403564453
03-11-2016,90.58999633789062,90.87999725341797,4157900,92.87999725341797,92.08000183105469,77.38233947753906
04-11-2016,91.51000213623047,94.87000274658203,6775100,96.0,91.80000305175781,77.14702606201172
07-11-2016,92.20999908447266,93.5999984741211,2988200,93.5999984741211,93.43000030517578,78.51686096191406
08-11-2016,92.56999969482422,92.9000015258789,2382200,94.0999984741211,93.36000061035156,78.45804595947266
09-11-2016,92.5199966430664,93.3499984741211,4685900,94.66999816894531,93.43000030517578,78.51686096191406
10-11-2016,92.05999755859375,92.63999938964844,2983000,93.69999694824219,92.62999725341797,77.84455871582031
11-11-2016,90.12000274658203,92.06999969482422,2340300,92.54000091552734,91.41000366210938,76.81928253173828
14-11-2016,90.08999633789062,91.19000244140625,2467000,92.80000305175781,92.68000030517578,77.88655090332031
15-11-2016,93.05000305175781,94.02999877929688,8288400,94.98999786376953,94.56999969482422,79.47489929199219
16-11-2016,94.05000305175781,94.51000213623047,4103400,96.0199966430664,95.22000122070312,80.02116394042969
17-11-2016,92.04000091552734,96.0999984741211,5877700,96.58000183105469,92.33999633789062,77.600830078125
18-11-2016,92.37999725341797,92.75,2755400,94.27999877929688,93.1500015258789,78.28155517578125
21-11-2016,94.86000061035156,95.0,4642400,97.0,95.66999816894531,80.39930725097656
22-11-2016,93.41999816894531,95.79000091552734,3867800,96.19999694824219,95.2699966430664,80.06314086914062
23-11-2016,94.63999938964844,94.79000091552734,2675500,97.69999694824219,97.0,81.51701354980469
25-11-2016,95.19000244140625,96.38999938964844,1518300,96.80999755859375,95.9800033569336,80.65983581542969
28-11-2016,93.2699966430664,96.63999938964844,3031200,96.83999633789062,93.47000122070312,78.55046081542969
29-11-2016,90.0,91.5999984741211,4010400,93.37999725341797,92.44000244140625,77.68488311767578
30-11-2016,97.08999633789062,97.30999755859375,10121000,103.06999969482422,102.5199966430664,86.15592956542969
01-12-2016,103.8499984741211,105.70999908447266,6505300,107.47000122070312,104.75,88.02996826171875
02-12-2016,103.38999938964844,104.80999755859375,4078300,105.47000122070312,103.73999786376953,87.18118286132812
05-12-2016,104.31999969482422,104.87999725341797,5883900,106.80999755859375,104.45999908447266,87.78627014160156
06-12-2016,102.55999755859375,103.5199966430664,3539700,105.30000305175781,103.97000122070312,87.3744888305664
07-12-2016,102.69000244140625,103.91999816894531,3777700,104.97000122070312,103.52999877929688,87.00469207763672
08-12-2016,102.36000061035156,104.02999877929688,6189100,105.25,104.93000030517578,88.18125915527344
09-12-2016,105.3499984741211,105.58999633789062,4049600,106.98999786376953,106.44999694824219,89.4586181640625
12-12-2016,105.19000244140625,109.0999984741211,5758500,109.37000274658203,105.83000183105469,88.93758392333984
13-12-2016,105.80000305175781,107.0,3912600,109.12999725341797,108.01000213623047,90.76962280273438
14-12-2016,104.08000183105469,106.69000244140625,4010300,107.47000122070312,104.20999908447266,87.57618713378906
15-12-2016,102.54000091552734,103.02999877929688,4646800,105.05000305175781,103.91999816894531,87.33245086669922
16-12-2016,102.79000091552734,104.08999633789062,8906300,104.58999633789062,104.0,87.3996810913086
19-12-2016,103.12999725341797,104.2699966430664,2238900,104.4000015258789,103.4800033569336,86.96269226074219
20-12-2016,102.70999908447266,104.19999694824219,2383100,104.33999633789062,103.16000366210938,86.69378662109375
21-12-2016,102.33000183105469,103.75,2364900,103.86000061035156,102.55000305175781,86.18114471435547
22-12-2016,101.87000274658203,102.66999816894531,2722400,103.33000183105469,103.12999725341797,86.66856384277344
23-12-2016,101.62000274658203,102.69999694824219,1706200,103.04000091552734,102.02999877929688,85.744140625
27-12-2016,102.31999969482422,102.81999969482422,1410800,103.12000274658203,102.54000091552734,86.1727294921875
28-12-2016,101.3499984741211,102.48999786376953,1896100,102.83000183105469,101.6500015258789,85.42481231689453
29-12-2016,100.54000091552734,101.5999984741211,1517700,101.94999694824219,101.27999877929688,85.11385345458984
30-12-2016,100.7300033569336,101.1500015258789,2178200,102.18000030517578,101.0999984741211,84.96259307861328
03-01-2017,101.83000183105469,102.62999725341797,4151200,104.62999725341797,103.54000091552734,87.01312255859375
04-01-2017,102.97000122070312,104.25,2417900,104.47000122070312,103.62000274658203,87.08036041259766
05-01-2017,103.41999816894531,103.62999725341797,3084800,104.8499984741211,104.18000030517578,87.55094909667969
06-01-2017,103.70999908447266,104.61000061035156,2418300,105.70999908447266,105.20999908447266,88.41654968261719
09-01-2017,102.81999969482422,104.31999969482422,3382600,104.58000183105469,103.0199966430664,86.57610321044922
10-01-2017,102.87000274658203,103.2300033569336,2913800,104.4000015258789,103.4000015258789,86.89546966552734
11-01-2017,102.7300033569336,103.55999755859375,3542900,105.04000091552734,104.91999816894531,88.1728515625
12-01-2017,104.83999633789062,105.51000213623047,4671700,106.51000213623047,105.37000274658203,88.69303131103516
13-01-2017,104.2699966430664,104.83999633789062,2580500,106.08000183105469,105.38999938964844,88.70985412597656
17-01-2017,105.44999694824219,105.94999694824219,3881100,106.76000213623047,105.4800033569336,88.78563690185547
18-01-2017,104.7300033569336,105.33999633789062,2527500,105.70999908447266,105.4000015258789,88.71827697753906
19-01-2017,104.45999908447266,105.5,2425800,106.20999908447266,105.19000244140625,88.5415267944336
20-01-2017,105.30000305175781,106.2300033569336,2488100,106.79000091552734,105.47000122070312,88.7771987915039
23-01-2017,103.33999633789062,104.72000122070312,3045500,105.0999984741211,103.45999908447266,87.08531951904297
24-01-2017,102.91000366210938,104.48999786376953,2680500,104.62000274658203,103.68000030517578,87.27050018310547
25-01-2017,103.23999786376953,103.62999725341797,2798100,104.38999938964844,103.9000015258789,87.4557113647461
26-01-2017,103.9000015258789,104.0999984741211,2772600,105.26000213623047,104.38999938964844,87.8681411743164
27-01-2017,102.77999877929688,104.16000366210938,2343600,104.16000366210938,102.9000015258789,86.61396789550781
30-01-2017,99.56999969482422,102.19000244140625,2975600,102.76000213623047,101.19999694824219,85.1830062866211
31-01-2017,100.0999984741211,101.3499984741211,2447500,101.62000274658203,101.58000183105469,85.50288391113281
01-02-2017,100.05000305175781,102.19000244140625,3028500,102.62999725341797,101.0,85.01467895507812
02-02-2017,98.94000244140625,101.13999938964844,5064400,101.4800033569336,99.70999908447266,83.92884826660156
03-02-2017,99.20999908447266,99.68000030517578,3520900,102.18000030517578,100.94000244140625,84.96418762207031
06-02-2017,99.43000030517578,101.0,1802400,101.05000305175781,99.69999694824219,83.9204330444336
07-02-2017,95.2699966430664,99.25,5158000,99.5,97.19000244140625,81.80768585205078
08-02-2017,95.27999877929688,96.5999984741211,3445400,98.48999786376953,98.13999938964844,82.60731506347656
09-02-2017,98.13999938964844,98.13999938964844,2927000,100.29000091552734,99.80999755859375,84.01301574707031
10-02-2017,100.56999969482422,101.2300033569336,3089000,102.02999877929688,101.44000244140625,85.38502502441406
13-02-2017,100.13999938964844,100.91000366210938,1944900,101.37999725341797,100.3499984741211,84.46755981445312
14-02-2017,99.0199966430664,100.33000183105469,3862500,101.4800033569336,101.2300033569336,85.20825958251953
15-02-2017,100.3499984741211,100.91000366210938,2094000,101.47000122070312,100.75,84.80424499511719
16-02-2017,99.83999633789062,101.05999755859375,3154100,101.4800033569336,100.16999816894531,84.3160171508789
17-02-2017,98.43000030517578,99.91000366210938,3023200,100.0199966430664,99.02999877929688,83.35646057128906
21-02-2017,99.43000030517578,100.41000366210938,2737200,100.8499984741211,99.47000122070312,83.7268295288086
22-02-2017,97.45999908447266,98.76000213623047,2596500,99.19999694824219,97.52999877929688,82.09386444091797
23-02-2017,96.55000305175781,99.19000244140625,3211800,99.19000244140625,97.56999969482422,82.12755584716797
24-02-2017,95.6500015258789,96.5199966430664,3590300,97.5,96.30000305175781,81.05853271484375
27-02-2017,96.30000305175781,96.77999877929688,5156900,98.2300033569336,97.91000366210938,82.4137191772461
28-02-2017,95.29000091552734,99.5,6369300,99.55000305175781,96.98999786376953,81.63934326171875
01-03-2017,98.01000213623047,98.25,3775900,100.41999816894531,100.05000305175781,84.21504974365234
02-03-2017,98.23999786376953,99.18000030517578,3048900,99.70999908447266,98.47000122070312,82.88511657714844
03-03-2017,98.12000274658203,98.5,2075400,99.30999755859375,98.56999969482422,82.96926879882812
06-03-2017,97.80000305175781,98.62000274658203,3106100,100.37999725341797,100.06999969482422,84.23185729980469
07-03-2017,99.4000015258789,100.4000015258789,3381800,100.54000091552734,99.52999877929688,83.77733612060547
08-03-2017,94.48999786376953,98.80999755859375,4829600,99.36000061035156,94.83000183105469,79.8211898803711
09-03-2017,93.05999755859375,93.7699966430664,4991400,96.0199966430664,95.69999694824219,80.55350494384766
10-03-2017,94.01000213623047,96.5,3796500,96.5,94.79000091552734,79.78755950927734
13-03-2017,93.5199966430664,94.48999786376953,4695400,95.3499984741211,94.94999694824219,79.92220306396484
14-03-2017,92.91000366210938,93.93000030517578,5091800,94.98999786376953,94.58999633789062,79.61917877197266
15-03-2017,94.68000030517578,95.54000091552734,4184400,97.38999938964844,97.05999755859375,81.69825744628906
16-03-2017,95.73999786376953,97.16000366210938,3182400,97.25,95.83000183105469,80.66292572021484
17-03-2017,95.6500015258789,96.54000091552734,6978600,96.97000122070312,96.43000030517578,81.16798400878906
20-03-2017,95.19999694824219,95.75,2208400,96.55000305175781,96.22000122070312,80.99122619628906
21-03-2017,94.26000213623047,96.48999786376953,2840700,96.58999633789062,94.52999877929688,79.56868743896484
22-03-2017,93.93000030517578,94.33999633789062,2040700,95.33000183105469,94.6500015258789,79.66968536376953
23-03-2017,93.91999816894531,94.4800033569336,2350500,95.44000244140625,94.80999755859375,79.80436706542969
24-03-2017,94.36000061035156,94.94000244140625,2858400,95.25,94.86000061035156,79.84645080566406
27-03-2017,93.02999877929688,93.3499984741211,2756900,93.98999786376953,93.37999725341797,78.60067749023438
28-03-2017,93.44999694824219,93.5,3341000,95.63999938964844,95.29000091552734,80.20840454101562
29-03-2017,94.56999969482422,95.18000030517578,3480900,97.55999755859375,97.0,81.64773559570312
30-03-2017,97.16999816894531,98.19000244140625,7514700,100.16000366210938,97.16999816894531,81.79084777832031
31-03-2017,96.66000366210938,97.18000030517578,4001000,98.5,97.55000305175781,82.11071014404297
03-04-2017,95.9800033569336,97.5,2282000,97.80999755859375,96.95999908447266,81.61408233642578
04-04-2017,96.01000213623047,97.37000274658203,2232100,98.30999755859375,98.25,82.69994354248047
05-04-2017,97.22000122070312,99.4000015258789,3829100,100.52999877929688,97.58000183105469,82.13594055175781
06-04-2017,97.55999755859375,97.97000122070312,1977900,98.80999755859375,98.05000305175781,82.53157043457031
07-04-2017,97.04000091552734,98.2300033569336,2866600,98.4800033569336,97.36000061035156,81.95077514648438
10-04-2017,98.05999755859375,98.16999816894531,2902600,99.43000030517578,98.56999969482422,82.96926879882812
11-04-2017,96.91000366210938,98.08999633789062,1907900,98.61000061035156,97.87999725341797,82.52913665771484
12-04-2017,97.18000030517578,97.81999969482422,2295100,98.87999725341797,97.48999786376953,82.20032501220703
13-04-2017,95.33000183105469,97.25,3235100,97.72000122070312,95.63999938964844,80.64046478271484
17-04-2017,95.19999694824219,95.66000366210938,2288800,96.12999725341797,95.73999786376953,80.72476196289062
18-04-2017,94.30000305175781,95.11000061035156,2005700,95.97000122070312,94.83000183105469,79.95748138427734
19-04-2017,92.93000030517578,94.93000030517578,3109100,95.41999816894531,93.29000091552734,78.65900421142578
20-04-2017,93.19000244140625,93.7699966430664,2737300,94.0999984741211,93.30000305175781,78.66743469238281
21-04-2017,92.88999938964844,93.0,2409300,94.25,93.58000183105469,78.90351867675781
24-04-2017,93.31999969482422,94.45999908447266,2182200,94.45999908447266,93.73999786376953,79.03841400146484
25-04-2017,93.47000122070312,93.80000305175781,2273900,95.43000030517578,95.2699966430664,80.32846069335938
26-04-2017,94.20999908447266,94.41999816894531,2132000,96.48999786376953,94.30999755859375,79.51901245117188
27-04-2017,91.16000366210938,93.56999969482422,3876300,93.69999694824219,93.0,78.41448211669922
28-04-2017,92.44000244140625,93.97000122070312,1625300,93.97000122070312,92.5,77.99290466308594
01-05-2017,91.75,92.52999877929688,2680100,92.70999908447266,92.02999877929688,77.59663391113281
02-05-2017,91.05000305175781,92.23999786376953,3350700,92.44000244140625,91.87000274658203,77.46170806884766
03-05-2017,91.08999633789062,91.52999877929688,3512200,92.75,91.76000213623047,77.36894989013672
04-05-2017,88.19999694824219,91.04000091552734,5457900,91.23999786376953,88.5999984741211,74.70455932617188
05-05-2017,88.87000274658203,89.02999877929688,4696400,91.05999755859375,90.87999725341797,76.62696075439453
08-05-2017,90.16999816894531,90.38999938964844,3718300,92.13999938964844,91.69000244140625,77.30995178222656
09-05-2017,90.5999984741211,92.36000061035156,3591100,92.44000244140625,91.63999938964844,77.26779174804688
10-05-2017,92.56999969482422,93.01000213623047,5239200,95.7699966430664,94.54000091552734,79.71297454833984
11-05-2017,93.9800033569336,94.81999969482422,2580800,94.91999816894531,94.27999877929688,79.49373626708984
12-05-2017,93.80000305175781,94.12000274658203,3415700,95.01000213623047,94.69999694824219,79.84788513183594
15-05-2017,94.12000274658203,96.31999969482422,6294000,96.6500015258789,94.7300033569336,79.87316131591797
16-05-2017,93.5199966430664,94.7300033569336,2682700,95.05999755859375,93.83000183105469,79.11431884765625
17-05-2017,92.83000183105469,93.83000183105469,2406900,94.30000305175781,92.94999694824219,78.37230682373047
18-05-2017,91.66999816894531,92.2300033569336,3795800,93.0199966430664,91.69000244140625,77.30995178222656
19-05-2017,92.06999969482422,92.37999725341797,3711900,94.38999938964844,93.80999755859375,79.09744262695312
22-05-2017,92.79000091552734,94.12999725341797,2004600,94.76000213623047,93.11000061035156,78.5072250366211
23-05-2017,91.97000122070312,93.12000274658203,2255400,93.30000305175781,92.52999877929688,78.01819610595703
24-05-2017,92.30999755859375,92.37000274658203,2886800,93.38999938964844,92.66999816894531,78.13623809814453
25-05-2017,90.44000244140625,92.27999877929688,2768700,93.62000274658203,91.0199966430664,76.74500274658203
26-05-2017,90.12000274658203,91.29000091552734,2001500,91.41000366210938,91.22000122070312,76.91365051269531
30-05-2017,89.43000030517578,90.47000122070312,3163100,90.79000091552734,89.62000274658203,75.56458282470703
31-05-2017,88.36000061035156,88.98999786376953,3938800,90.61000061035156,90.30999755859375,76.14636993408203
01-06-2017,89.7300033569336,90.63999938964844,2829600,91.37999725341797,90.4000015258789,76.22224426269531
02-06-2017,88.94000244140625,90.04000091552734,2680200,90.58000183105469,89.68000030517578,75.61519622802734
05-06-2017,88.5199966430664,89.12000274658203,2373000,89.62999725341797,89.19999694824219,75.21044921875
06-06-2017,88.7699966430664,89.0999984741211,3219500,91.05999755859375,90.83000183105469,76.5848159790039
07-06-2017,87.41000366210938,90.22000122070312,4531400,90.94000244140625,88.1500015258789,74.32514190673828
08-06-2017,87.62000274658203,88.1500015258789,3498800,88.80000305175781,88.11000061035156,74.29141235351562
09-06-2017,88.04000091552734,88.33000183105469,4507800,90.80999755859375,90.08000183105469,75.95243072509766
12-06-2017,89.51000213623047,91.26000213623047,3812500,91.9800033569336,89.87999725341797,75.7837905883789
13-06-2017,89.51000213623047,90.05000305175781,2573100,90.69999694824219,90.55999755859375,76.35717010498047
14-06-2017,87.83999633789062,90.02999877929688,4054900,90.05000305175781,88.93000030517578,74.9827880859375
15-06-2017,86.56999969482422,88.86000061035156,4362000,89.1500015258789,87.04000091552734,73.38921356201172
16-06-2017,87.06999969482422,87.56999969482422,4767000,88.58999633789062,88.5199966430664,74.63710021972656
19-06-2017,87.95999908447266,88.37000274658203,2495400,89.01000213623047,88.06999969482422,74.25768280029297
20-06-2017,85.87999725341797,86.79000091552734,3772100,88.29000091552734,87.8499984741211,74.07218170166016
21-06-2017,86.63999938964844,88.0999984741211,4613500,89.16999816894531,87.12000274658203,73.45667266845703
22-06-2017,86.62999725341797,87.33999633789062,3356600,89.02999877929688,87.69000244140625,73.9372787475586
23-06-2017,87.20999908447266,87.61000061035156,3733900,88.2300033569336,87.79000091552734,74.0215835571289
26-06-2017,86.81999969482422,88.04000091552734,2547700,88.19000244140625,87.38999938964844,73.68434143066406
27-06-2017,87.68000030517578,88.19000244140625,3909200,88.83000183105469,88.0,74.19863891601562
28-06-2017,87.48999786376953,88.18000030517578,4508200,89.54000091552734,89.0199966430664,75.0586929321289
29-06-2017,89.30000305175781,89.47000122070312,4079000,90.91000366210938,90.0,75.88497924804688
30-06-2017,89.25,90.33999633789062,4164100,91.22000122070312,90.5199966430664,76.32343292236328
03-07-2017,90.5199966430664,91.0,2400000,93.16000366210938,92.37000274658203,77.88330078125
05-07-2017,89.95999908447266,91.81999969482422,2720200,92.19000244140625,90.30000305175781,76.13793182373047
06-07-2017,88.41000366210938,90.52999877929688,3290600,90.83999633789062,88.62999725341797,74.72984313964844
07-07-2017,87.04000091552734,88.06999969482422,3810300,88.5999984741211,88.44000244140625,74.56966400146484
10-07-2017,88.0,88.12999725341797,2064600,89.77999877929688,89.62000274658203,75.56458282470703
11-07-2017,88.91999816894531,89.62000274658203,2517000,90.98999786376953,90.62999725341797,76.41617584228516
12-07-2017,90.41000366210938,91.45999908447266,3166700,92.30000305175781,90.56999969482422,76.36559295654297
13-07-2017,90.37000274658203,90.37000274658203,2472100,91.91999816894531,91.80999755859375,77.55497741699219
14-07-2017,91.58999633789062,91.9800033569336,1773400,92.36000061035156,91.87000274658203,77.60567474365234
17-07-2017,91.30999755859375,91.30999755859375,4129100,92.12999725341797,91.9000015258789,77.6310043334961
18-07-2017,91.25,92.25,2198600,92.44999694824219,91.69999694824219,77.46205139160156
19-07-2017,91.55999755859375,91.55999755859375,3937500,94.55000305175781,94.30999755859375,79.66680145263672
20-07-2017,93.56999969482422,95.0,4078200,95.73999786376953,93.66000366210938,79.11773681640625
21-07-2017,92.37999725341797,93.38999938964844,2665700,93.80000305175781,92.91000366210938,78.48416900634766
24-07-2017,92.9000015258789,93.0199966430664,2588900,94.68000030517578,93.30999755859375,78.82208251953125
25-07-2017,94.44000244140625,94.77999877929688,2811200,95.6500015258789,94.87000274658203,80.13984680175781
26-07-2017,94.6500015258789,95.66000366210938,2862100,96.0999984741211,94.75,80.03849029541016
27-07-2017,94.30000305175781,94.62000274658203,2615700,95.98999786376953,95.9800033569336,81.07750701904297
28-07-2017,95.02999877929688,96.01000213623047,2977100,96.9000015258789,95.41999816894531,80.6044692993164
31-07-2017,94.7699966430664,95.31999969482422,2988600,95.9000015258789,95.13999938964844,80.3679428100586
01-08-2017,94.05000305175781,94.91000366210938,3802000,95.58000183105469,94.45999908447266,79.79351806640625
02-08-2017,89.8499984741211,92.62000274658203,5358400,93.27999877929688,92.31999969482422,77.98580169677734
03-08-2017,87.76000213623047,92.38999938964844,6296700,92.5,88.9000015258789,75.09681701660156
04-08-2017,88.55999755859375,88.81999969482422,3792200,91.23999786376953,90.44999694824219,76.4061508178711
07-08-2017,88.8499984741211,89.88999938964844,3886500,90.2300033569336,89.66999816894531,75.74724578857422
08-08-2017,89.70999908447266,89.80999755859375,3829700,92.3499984741211,91.1500015258789,76.9974365234375
09-08-2017,90.2699966430664,91.5199966430664,3289100,92.3499984741211,90.3499984741211,76.3216552734375
10-08-2017,88.88999938964844,90.62999725341797,3377400,90.95999908447266,89.12000274658203,75.28264617919922
11-08-2017,87.94000244140625,89.1500015258789,2874200,89.55000305175781,88.52999877929688,74.78424835205078
14-08-2017,87.7300033569336,88.93000030517578,2482200,89.04000091552734,87.98999786376953,74.32808685302734
15-08-2017,86.25,87.75,4457900,87.91000366210938,87.0199966430664,73.50870513916016
16-08-2017,84.83999633789062,87.2300033569336,3478000,87.2300033569336,84.9800033569336,71.78546142578125
17-08-2017,83.37000274658203,84.77999877929688,3438100,85.02999877929688,83.37999725341797,70.43388366699219
18-08-2017,83.29000091552734,83.3499984741211,2751700,84.54000091552734,84.08999633789062,71.03364562988281
21-08-2017,83.41000366210938,83.80999755859375,2515500,84.31999969482422,83.69000244140625,70.69575500488281
22-08-2017,83.8499984741211,83.91000366210938,1946700,84.52999877929688,84.23999786376953,71.16033935546875
23-08-2017,83.95999908447266,84.16000366210938,2322700,85.72000122070312,85.11000061035156,71.89525604248047
24-08-2017,84.33000183105469,84.80000305175781,2007800,85.13999938964844,84.62000274658203,71.48135375976562
25-08-2017,84.45999908447266,85.01000213623047,2211300,85.22000122070312,84.51000213623047,71.388427734375
28-08-2017,82.25,84.3499984741211,2377500,84.41999816894531,83.4000015258789,70.45076751708984
29-08-2017,81.98999786376953,82.62000274658203,2321300,83.23999786376953,83.1500015258789,70.23957824707031
30-08-2017,82.31999969482422,82.91999816894531,2245700,83.9800033569336,83.66999816894531,70.67884063720703
31-08-2017,83.61000061035156,84.0,4803900,85.18000030517578,84.98999786376953,71.79389190673828
01-09-2017,84.58999633789062,85.0,2358600,85.86000061035156,85.6500015258789,72.35140991210938
05-09-2017,85.26000213623047,85.91999816894531,2655100,86.68000030517578,85.87000274658203,72.53724670410156
06-09-2017,86.45999908447266,86.72000122070312,2600300,87.97000122070312,87.8499984741211,74.20983123779297
07-09-2017,87.4000015258789,87.75,2788600,88.73999786376953,88.5999984741211,74.84337615966797
08-09-2017,86.08000183105469,87.87000274658203,2687200,88.06999969482422,86.77999877929688,73.30594635009766
11-09-2017,86.4800033569336,87.11000061035156,2865300,87.98999786376953,87.93000030517578,74.27741241455078
12-09-2017,87.43000030517578,87.8499984741211,2922900,88.75,88.47000122070312,74.73358154296875
13-09-2017,89.06999969482422,89.31999969482422,3158300,91.11000061035156,91.0999984741211,76.95520782470703
14-09-2017,91.16999816894531,91.5,3428400,92.94999694824219,91.77999877929688,77.52962493896484
15-09-2017,91.86000061035156,92.43000030517578,4057800,93.29000091552734,93.22000122070312,78.74606323242188
18-09-2017,92.37999725341797,92.7699966430664,2388300,93.37999725341797,93.05000305175781,78.60247039794922
19-09-2017,92.70999908447266,93.08000183105469,2074600,93.63999938964844,93.12999725341797,78.67001342773438
20-09-2017,92.81999969482422,93.58000183105469,3774300,94.27999877929688,94.18000030517578,79.55699920654297
21-09-2017,93.13999938964844,93.66000366210938,2678700,94.44000244140625,93.88999938964844,79.31201934814453
22-09-2017,93.44999694824219,93.7699966430664,2290400,94.6500015258789,94.55000305175781,79.86956024169922
25-09-2017,94.73999786376953,95.0,3143400,96.80000305175781,96.29000091552734,81.3393783569336
26-09-2017,95.47000122070312,95.98999786376953,2951100,97.5,96.87000274658203,81.82933044433594
27-09-2017,96.27999877929688,96.9000015258789,2123000,97.51000213623047,97.31999969482422,82.2094497680664
28-09-2017,96.80999755859375,97.44999694824219,2983000,98.37000274658203,96.81999969482422,81.78709411621094
29-09-2017,96.05000305175781,96.7300033569336,2010900,97.44999694824219,96.73999786376953,81.7195053100586
02-10-2017,94.87000274658203,95.5199966430664,2115200,97.18000030517578,97.18000030517578,82.0911865234375
03-10-2017,96.4800033569336,96.9800033569336,2134500,97.70999908447266,96.5,81.51676940917969
04-10-2017,95.9800033569336,96.6500015258789,1508000,96.9800033569336,96.33000183105469,81.3731689453125
05-10-2017,96.1500015258789,96.5,2097600,97.06999969482422,96.55000305175781,81.55902099609375
06-10-2017,95.45999908447266,95.79000091552734,1587300,96.33999633789062,96.19000244140625,81.25492095947266
09-10-2017,96.11000061035156,96.52999877929688,1880200,97.0199966430664,96.5,81.51676940917969
10-10-2017,96.69999694824219,97.0999984741211,2200900,97.83000183105469,96.77999877929688,81.7532958984375
11-10-2017,96.04000091552734,96.7699966430664,2156500,97.12000274658203,96.93000030517578,81.88001251220703
12-10-2017,95.72000122070312,96.08000183105469,2173700,96.88999938964844,96.6500015258789,81.64347839355469
13-10-2017,96.30000305175781,97.5,1953600,97.62999725341797,96.62000274658203,81.61814880371094
16-10-2017,96.73999786376953,97.12999725341797,2074900,97.4800033569336,97.20999908447266,82.25957489013672
17-10-2017,96.55999755859375,97.25,1695300,97.7699966430664,97.44999694824219,82.46265411376953
18-10-2017,96.56999969482422,97.54000091552734,2040400,98.45999908447266,96.66000366210938,81.79415893554688
19-10-2017,95.36000061035156,95.69000244140625,1875100,96.69000244140625,95.76000213623047,81.0325698852539
20-10-2017,95.41999816894531,95.77999877929688,2194500,97.04000091552734,96.83999633789062,81.94647216796875
23-10-2017,96.66999816894531,97.06999969482422,2395800,97.48999786376953,96.97000122070312,82.05648040771484
24-10-2017,96.2300033569336,97.69999694824219,2190400,97.97000122070312,96.4800033569336,81.64183807373047
25-10-2017,95.66999816894531,96.31999969482422,1959000,96.87000274658203,96.1500015258789,81.36259460449219
26-10-2017,95.73999786376953,96.44999694824219,1980200,97.19000244140625,96.91999816894531,82.01416778564453
27-10-2017,95.83999633789062,96.20999908447266,2911200,98.55999755859375,98.47000122070312,83.32579803466797
30-10-2017,98.27999877929688,98.66000366210938,3505400,99.69000244140625,99.52999877929688,84.2227554321289
31-10-2017,99.05999755859375,99.25,3272500,100.41000366210938,99.87000274658203,84.5104751586914
01-11-2017,96.70999908447266,100.79000091552734,3953400,102.47000122070312,102.29000091552734,86.55828857421875
02-11-2017,101.37000274658203,101.37000274658203,2970900,102.98999786376953,102.94999694824219,87.11679077148438
03-11-2017,103.30999755859375,103.80000305175781,4080200,105.06999969482422,104.5,88.42839813232422
06-11-2017,105.05999755859375,105.1500015258789,4709600,107.19000244140625,106.95999908447266,90.51007843017578
07-11-2017,105.55000305175781,107.3499984741211,4021300,107.94999694824219,106.08999633789062,89.77387237548828
08-11-2017,103.80000305175781,105.51000213623047,3426200,105.79000091552734,104.33000183105469,88.28453063964844
09-11-2017,103.55999755859375,103.83000183105469,3053100,105.44000244140625,104.77999877929688,88.66532897949219
10-11-2017,103.20999908447266,104.52999877929688,3383200,105.12000274658203,104.58000183105469,88.49609375
13-11-2017,103.73999786376953,104.19999694824219,1822900,105.0,104.45999908447266,88.3945541381836
14-11-2017,102.36000061035156,103.8499984741211,2428400,104.05999755859375,102.47000122070312,86.71060180664062
15-11-2017,100.08000183105469,101.18000030517578,3357700,102.33000183105469,101.36000061035156,85.77132415771484
16-11-2017,100.80999755859375,101.29000091552734,2027500,102.16000366210938,101.43000030517578,85.83055877685547
17-11-2017,101.11000061035156,101.76000213623047,2596800,102.20999908447266,101.63999938964844,86.00825500488281
20-11-2017,100.69999694824219,101.37999725341797,1659100,102.0,101.44000244140625,85.83902740478516
21-11-2017,101.33999633789062,102.30000305175781,4058400,102.62000274658203,101.66000366210938,86.02517700195312
22-11-2017,101.54000091552734,102.41000366210938,2654800,102.81999969482422,101.58999633789062,85.9659423828125
24-11-2017,101.37999725341797,102.08999633789062,913500,102.55000305175781,101.66000366210938,86.02517700195312
27-11-2017,99.22000122070312,101.56999969482422,2947600,101.79000091552734,99.81999969482422,84.46815490722656
28-11-2017,99.11000061035156,99.75,2037200,100.18000030517578,99.83999633789062,84.4850845336914
29-11-2017,99.25,99.55999755859375,2721600,100.52999877929688,100.5,85.04359436035156
30-11-2017,101.0,101.0,4183700,102.7300033569336,102.31999969482422,86.58368682861328
01-12-2017,101.66000366210938,103.31999969482422,3445800,104.41999816894531,102.91000366210938,87.08293914794922
04-12-2017,100.98999786376953,102.69000244140625,2423500,103.02999877929688,101.05000305175781,85.50901794433594
05-12-2017,100.5199966430664,100.69000244140625,2046000,101.7699966430664,100.9000015258789,85.3820571899414
06-12-2017,98.48999786376953,100.43000030517578,2768400,100.44999694824219,98.86000061035156,83.65580749511719
07-12-2017,98.51000213623047,98.88999938964844,1687600,99.83000183105469,99.72000122070312,84.38355255126953
08-12-2017,99.75,100.27999877929688,1512400,100.73999786376953,100.38999938964844,84.95050048828125
11-12-2017,100.4000015258789,100.48999786376953,1946800,102.33999633789062,101.20999908447266,85.64439392089844
12-12-2017,99.44000244140625,101.37000274658203,2127600,101.41999816894531,100.27999877929688,84.857421875
13-12-2017,99.70999908447266,100.45999908447266,1426900,100.72000122070312,99.94000244140625,84.56971740722656
14-12-2017,99.55000305175781,99.76000213623047,2425000,100.83000183105469,99.63999938964844,84.31584167480469
15-12-2017,98.47000122070312,100.54000091552734,4633000,100.63999938964844,98.55000305175781,83.39346313476562
18-12-2017,98.68000030517578,98.69999694824219,2670300,100.16999816894531,99.91000366210938,84.5443344116211
19-12-2017,99.68000030517578,100.33999633789062,2374400,101.80000305175781,101.43000030517578,85.83055877685547
20-12-2017,101.20999908447266,102.05000305175781,2651800,103.81999969482422,103.54000091552734,87.61605834960938
21-12-2017,103.23999786376953,103.7300033569336,3330300,106.75,106.3499984741211,89.99388885498047
22-12-2017,105.87999725341797,106.69999694824219,2028700,107.87999725341797,107.11000061035156,90.63699340820312
26-12-2017,107.0,107.23999786376953,2071500,109.66000366210938,109.41000366210938,92.58326721191406
27-12-2017,107.72000122070312,109.05999755859375,1802000,109.30000305175781,108.36000061035156,91.69475555419922
28-12-2017,107.86000061035156,108.5,1250500,108.62999725341797,108.44999694824219,91.77090454101562
29-12-2017,107.87999725341797,109.11000061035156,1778200,109.11000061035156,107.91000366210938,91.31398010253906
02-01-2018,108.22000122070312,108.66999816894531,1899800,109.38999938964844,109.30000305175781,92.49017333984375
03-01-2018,109.81999969482422,110.13999938964844,3068400,111.83000183105469,110.93000030517578,93.86949920654297
04-01-2018,109.75,110.38999938964844,2125000,111.20999908447266,110.94999694824219,93.88643646240234
05-01-2018,110.12000274658203,110.66000366210938,2221200,112.30000305175781,112.16999816894531,94.91879272460938
08-01-2018,111.6500015258789,112.44000244140625,1934400,113.22000122070312,112.70999908447266,95.37574768066406
09-01-2018,111.54000091552734,112.93000030517578,1944100,113.0999984741211,111.70999908447266,94.529541015625
10-01-2018,111.86000061035156,111.94000244140625,4750900,113.75,112.01000213623047,94.78339385986328
11-01-2018,112.45999908447266,112.79000091552734,3828100,115.72000122070312,115.13999938964844,97.4320297241211
12-01-2018,114.79000091552734,114.94999694824219,2025300,116.47000122070312,115.69999694824219,97.9059066772461
16-01-2018,113.08000183105469,115.81999969482422,4835600,116.44000244140625,113.38999938964844,96.09069061279297
17-01-2018,112.13999938964844,113.70999908447266,3324300,114.3499984741211,113.52999877929688,96.20933532714844
18-01-2018,112.81999969482422,113.36000061035156,4564600,115.16000366210938,114.23999786376953,96.81102752685547
19-01-2018,113.47000122070312,113.94999694824219,2920600,114.76000213623047,114.37000274658203,96.92117309570312
22-01-2018,114.41000366210938,114.52999877929688,2233200,116.86000061035156,116.81999969482422,98.99740600585938
23-01-2018,116.87999725341797,117.05000305175781,3150700,118.5999984741211,117.83999633789062,99.86177825927734
24-01-2018,117.19999694824219,117.98999786376953,2463900,118.9000015258789,118.47000122070312,100.39566802978516
25-01-2018,117.02999877929688,118.91999816894531,2061200,119.0,117.44999694824219,99.53128051757812
26-01-2018,116.80000305175781,117.05999755859375,2170900,118.05999755859375,117.76000213623047,99.79399108886719
29-01-2018,116.41999816894531,117.12000274658203,1584900,118.12999725341797,116.58000183105469,98.79398345947266
30-01-2018,113.9000015258789,115.9800033569336,3589100,115.9800033569336,115.16999816894531,97.59912872314453
31-01-2018,114.43000030517578,115.31999969482422,2409800,115.7300033569336,115.0,97.45508575439453
01-02-2018,114.58000183105469,115.27999877929688,2507600,116.56999969482422,116.5199966430664,98.74317169189453
02-02-2018,112.41000366210938,115.01000213623047,2549400,115.19000244140625,112.83000183105469,95.61611938476562
05-02-2018,109.0,111.69999694824219,3175900,113.87999725341797,109.55999755859375,92.84501647949219
06-02-2018,106.08999633789062,107.76000213623047,4635500,110.9000015258789,108.2699966430664,91.75182342529297
07-02-2018,105.76000213623047,108.41999816894531,4666000,109.70999908447266,105.77999877929688,89.64170837402344
08-02-2018,100.9800033569336,106.0199966430664,4675600,106.5,101.04000091552734,85.6248550415039
09-02-2018,96.54000091552734,101.88999938964844,5335700,102.5999984741211,100.06999969482422,84.80286407470703
12-02-2018,101.33000183105469,101.54000091552734,3551500,104.02999877929688,103.13999938964844,87.40449523925781
13-02-2018,101.61000061035156,102.48999786376953,1735300,103.23999786376953,102.47000122070312,86.8366928100586
14-02-2018,101.5,101.58000183105469,4089200,107.05999755859375,106.76000213623047,90.4721908569336
15-02-2018,105.01000213623047,106.5999984741211,3495500,108.05999755859375,107.69000244140625,91.26031494140625
16-02-2018,106.5999984741211,107.13999938964844,2973500,108.73999786376953,107.63999938964844,91.21793365478516
20-02-2018,106.1500015258789,107.77999877929688,3381600,109.02999877929688,107.95999908447266,91.48909759521484
21-02-2018,105.77999877929688,107.6500015258789,4119300,108.73999786376953,105.80999755859375,89.6671371459961
22-02-2018,105.94000244140625,106.69999694824219,3165900,109.11000061035156,107.08999633789062,90.75184631347656
23-02-2018,107.33000183105469,107.7300033569336,2063900,108.87999725341797,108.83000183105469,92.22639465332031
26-02-2018,108.56999969482422,109.55999755859375,4474300,110.16000366210938,109.48999786376953,92.78568267822266
27-02-2018,106.73999786376953,109.27999877929688,3581300,109.52999877929688,106.94000244140625,90.62471771240234
28-02-2018,101.30999755859375,101.62999725341797,7738700,106.4000015258789,101.41999816894531,85.9468994140625
01-03-2018,99.83999633789062,101.79000091552734,4604900,102.11000061035156,101.18000030517578,85.74349212646484
02-03-2018,99.4000015258789,100.54000091552734,4040000,102.20999908447266,101.44999694824219,85.9723129272461
05-03-2018,100.4000015258789,100.91000366210938,3129500,102.76000213623047,101.80999755859375,86.27738952636719
06-03-2018,100.73999786376953,102.70999908447266,3421300,102.94000244140625,101.01000213623047,85.59944152832031
07-03-2018,99.33000183105469,99.9800033569336,3331400,101.0999984741211,100.87000274658203,85.48079681396484
08-03-2018,99.66000366210938,101.52999877929688,2525900,101.5999984741211,100.58999633789062,85.2435073852539
09-03-2018,101.27999877929688,101.58000183105469,2910200,102.9000015258789,102.80000305175781,87.11637115478516
12-03-2018,100.48999786376953,102.5,5209100,102.81999969482422,100.6500015258789,85.29436492919922
13-03-2018,99.68000030517578,101.37000274658203,3210400,101.7699966430664,100.05000305175781,84.78590393066406
14-03-2018,99.63999938964844,100.80000305175781,2189300,100.9000015258789,99.88999938964844,84.65030670166016
15-03-2018,98.18000030517578,100.38999938964844,3843000,100.72000122070312,98.6500015258789,83.5994873046875
16-03-2018,98.55000305175781,98.87000274658203,4950800,100.86000061035156,100.44999694824219,85.1248779296875
19-03-2018,97.44000244140625,99.87999725341797,2605100,100.4000015258789,98.47000122070312,83.44696044921875
20-03-2018,99.23999786376953,99.3499984741211,4555100,101.66999816894531,101.33000183105469,85.8706283569336
21-03-2018,101.63999938964844,101.72000122070312,5288900,105.83000183105469,104.77999877929688,88.79425811767578
22-03-2018,103.16000366210938,103.5199966430664,6672800,105.08000183105469,104.29000091552734,88.37902069091797
23-03-2018,104.69999694824219,104.75,6576400,106.7300033569336,105.86000061035156,89.70948791503906
26-03-2018,105.72000122070312,106.87000274658203,4818100,107.6500015258789,107.56999969482422,91.15862274169922
27-03-2018,105.48999786376953,107.45999908447266,5199900,107.91000366210938,106.33000183105469,90.10780334472656
28-03-2018,103.26000213623047,105.80000305175781,5512400,107.19999694824219,103.81999969482422,87.9807357788086
29-03-2018,104.16999816894531,104.6500015258789,3393000,105.86000061035156,105.2699966430664,89.20951843261719
02-04-2018,100.23999786376953,104.94000244140625,3757700,105.13999938964844,102.93000030517578,87.22651672363281
03-04-2018,101.79000091552734,103.4800033569336,3477100,105.30999755859375,105.06999969482422,89.04002380371094
04-04-2018,103.05000305175781,103.55000305175781,4241900,104.55999755859375,104.16999816894531,88.27732849121094
05-04-2018,103.77999877929688,104.5999984741211,3842500,105.37999725341797,104.37999725341797,88.45528411865234
06-04-2018,98.80000305175781,104.06999969482422,6473900,104.06999969482422,101.93000030517578,86.37908172607422
09-04-2018,101.83000183105469,102.4800033569336,4634300,105.31999969482422,103.37999725341797,87.60786437988281
10-04-2018,105.0,105.08999633789062,5435600,109.08000183105469,107.66000366210938,91.23489379882812
11-04-2018,106.94000244140625,107.43000030517578,3466500,110.13999938964844,109.4000015258789,92.70942687988281
12-04-2018,108.20999908447266,109.47000122070312,4378400,110.83999633789062,109.9800033569336,93.200927734375
13-04-2018,109.62000274658203,110.44999694824219,3338200,111.25,111.0199966430664,94.24077606201172
16-04-2018,110.69999694824219,111.6500015258789,2745000,111.69000244140625,111.0199966430664,94.24077606201172
17-04-2018,110.36000061035156,111.16000366210938,3720100,111.86000061035156,111.1500015258789,94.35115051269531
18-04-2018,111.5999984741211,112.11000061035156,5109500,114.18000030517578,112.8499984741211,95.79421997070312
19-04-2018,112.4800033569336,113.41000366210938,4963200,114.70999908447266,114.04000091552734,96.80435943603516
20-04-2018,112.66000366210938,113.52999877929688,3112400,114.56999969482422,113.97000122070312,96.74492645263672
23-04-2018,112.80999755859375,113.6500015258789,2146900,114.95999908447266,114.83999633789062,97.48344421386719
24-04-2018,113.37000274658203,115.31999969482422,3632300,116.43000030517578,114.58999633789062,97.27123260498047
25-04-2018,113.06999969482422,113.93000030517578,3506900,115.83999633789062,115.4000015258789,97.95880126953125
26-04-2018,115.87000274658203,116.41000366210938,3439900,117.80000305175781,117.62000274658203,99.84329223632812
27-04-2018,116.12999725341797,116.75,1822100,117.80999755859375,116.79000091552734,99.13873291015625
30-04-2018,116.33000183105469,116.58999633789062,3315500,119.70999908447266,118.16999816894531,100.3101577758789
01-05-2018,116.18000030517578,117.66000366210938,2364900,117.94999694824219,117.55999755859375,99.7923583984375
02-05-2018,116.12000274658203,117.54000091552734,4779500,118.58999633789062,116.6500015258789,99.01990509033203
03-05-2018,114.0999984741211,115.9000015258789,4269500,116.12999725341797,116.01000213623047,98.47663116455078
04-05-2018,111.4800033569336,115.0,5725000,115.9800033569336,114.66000366210938,97.3306655883789
07-05-2018,113.19999694824219,115.80999755859375,5991300,117.12000274658203,113.88999938964844,96.677001953125
08-05-2018,112.19000244140625,113.66000366210938,3886200,115.58999633789062,115.29000091552734,97.86542510986328
09-05-2018,115.9000015258789,117.16000366210938,6104700,118.80999755859375,117.79000091552734,99.98759460449219
10-05-2018,118.44999694824219,118.75,4093100,119.45999908447266,118.94999694824219,100.9722671508789
11-05-2018,117.01000213623047,119.0199966430664,2951200,120.0,117.41000366210938,99.66502380371094
14-05-2018,118.08999633789062,118.11000061035156,2645100,119.5999984741211,118.68000030517578,100.74309539794922
15-05-2018,118.3499984741211,118.4800033569336,3191200,120.41000366210938,120.2300033569336,102.05882263183594
16-05-2018,119.58000183105469,119.80000305175781,2900200,121.87000274658203,121.5,103.1368637084961
17-05-2018,122.0,122.0,5721400,126.44999694824219,126.1500015258789,107.08409118652344
18-05-2018,124.27999877929688,126.27999877929688,4064400,126.4800033569336,125.79000091552734,106.77848815917969
21-05-2018,126.0,126.87999725341797,2573300,128.02999877929688,127.44999694824219,108.18762969970703
22-05-2018,123.08000183105469,127.30000305175781,2397200,127.95999908447266,123.76000213623047,105.05531311035156
23-05-2018,121.68000030517578,123.23999786376953,4382900,124.22000122070312,122.9800033569336,104.39319610595703
24-05-2018,119.66999816894531,121.25,3176200,121.69999694824219,119.9800033569336,101.84661865234375
25-05-2018,115.30999755859375,117.44000244140625,3935600,117.94000244140625,117.76000213623047,99.96214294433594
29-05-2018,115.16000366210938,116.0999984741211,3255200,117.62000274658203,116.20999908447266,98.6463851928711
30-05-2018,117.16000366210938,117.54000091552734,2894000,120.22000122070312,119.76000213623047,101.65983581542969
31-05-2018,117.7300033569336,118.8499984741211,3544200,120.22000122070312,117.80999755859375,100.00455474853516
01-06-2018,117.08999633789062,118.4800033569336,2919400,118.55999755859375,118.3499984741211,100.46296691894531
04-06-2018,117.79000091552734,120.05999755859375,3756500,121.05000305175781,118.66999816894531,100.7345962524414
05-06-2018,114.80000305175781,118.0199966430664,4158700,118.23999786376953,116.58000183105469,98.9604721069336
06-06-2018,114.86000061035156,116.30000305175781,4361100,117.41000366210938,116.13999938964844,98.58695220947266
07-06-2018,116.62000274658203,117.41999816894531,3737100,119.2699966430664,117.93000030517578,100.1064224243164
08-06-2018,116.6500015258789,118.16000366210938,2413500,118.72000122070312,117.66999816894531,99.88572692871094
11-06-2018,116.5,117.95999908447266,2374900,118.69000244140625,118.01000213623047,100.1743392944336
12-06-2018,117.30999755859375,117.91000366210938,3396800,119.11000061035156,118.47000122070312,100.56482696533203
13-06-2018,117.7699966430664,118.48999786376953,2364900,119.7300033569336,118.25,100.37808227539062
14-06-2018,117.41000366210938,119.3499984741211,2856600,119.48999786376953,117.52999877929688,99.76689910888672
15-06-2018,113.93000030517578,116.91000366210938,5028600,117.0999984741211,114.18000030517578,96.92318725585938
18-06-2018,114.0,114.4000015258789,3180900,117.87000274658203,116.62000274658203,98.99441528320312
19-06-2018,114.0999984741211,115.0199966430664,2448000,117.7699966430664,117.08000183105469,99.38490295410156
20-06-2018,117.4000015258789,118.25,2383600,119.81999969482422,119.43000030517578,101.37972259521484
21-06-2018,116.01000213623047,118.38999938964844,3003600,118.38999938964844,116.5999984741211,98.9774398803711
22-06-2018,118.19999694824219,120.05000305175781,3173100,120.94999694824219,118.51000213623047,100.59877014160156
25-06-2018,115.91000366210938,118.83999633789062,1946300,118.94999694824219,116.83000183105469,99.17266082763672
26-06-2018,117.04000091552734,117.04000091552734,2472600,120.45999908447266,119.68000030517578,101.59193420410156
27-06-2018,120.80999755859375,121.62999725341797,4708800,124.77999877929688,123.93000030517578,105.1996078491211
28-06-2018,122.51000213623047,124.16999816894531,2679500,125.5,123.5,104.8346176147461
29-06-2018,123.29000091552734,123.43000030517578,3020200,126.31999969482422,124.43000030517578,105.6240234375
02-07-2018,121.11000061035156,123.80999755859375,2310800,123.86000061035156,122.4000015258789,103.9008560180664
03-07-2018,122.01000213623047,124.0199966430664,1382800,125.4000015258789,122.43000030517578,103.92633819580078
05-07-2018,122.70999908447266,123.6500015258789,2483900,125.04000091552734,123.22000122070312,104.596923828125
06-07-2018,122.01000213623047,122.18000030517578,1443700,124.94999694824219,124.3499984741211,105.55611419677734
09-07-2018,124.51000213623047,125.0,1671900,126.45999908447266,126.12999725341797,107.06710052490234
10-07-2018,126.05999755859375,127.2699966430664,1996200,127.95999908447266,126.97000122070312,107.7801513671875
11-07-2018,123.62999725341797,126.05999755859375,1963800,126.81999969482422,124.66000366210938,105.81929016113281
12-07-2018,123.0999984741211,124.91000366210938,1971200,125.66999816894531,124.13999938964844,105.37786102294922
13-07-2018,124.12999725341797,124.38999938964844,1820000,127.01000213623047,125.95999908447266,106.92279815673828
16-07-2018,122.9000015258789,124.7699966430664,3210200,125.44000244140625,124.61000061035156,105.93241882324219
17-07-2018,122.11000061035156,124.19999694824219,3869200,124.98999786376953,124.31999969482422,105.68589782714844
18-07-2018,121.16000366210938,123.33999633789062,3280200,124.20999908447266,123.58000183105469,105.05679321289062
19-07-2018,122.19000244140625,122.73999786376953,2889300,123.58000183105469,122.38999938964844,104.04517364501953
20-07-2018,121.44000244140625,122.68000030517578,1540000,123.30999755859375,122.3499984741211,104.01116943359375
23-07-2018,122.29000091552734,123.16000366210938,1746300,123.45999908447266,122.86000061035156,104.44471740722656
24-07-2018,122.9800033569336,123.69000244140625,2850900,127.12000274658203,125.62000274658203,106.79104614257812
25-07-2018,125.31999969482422,125.62999725341797,2602300,128.6699981689453,128.3800048828125,109.1373519897461
26-07-2018,128.36000061035156,128.94000244140625,2860300,129.75,128.86000061035156,109.54540252685547
27-07-2018,127.76000213623047,128.32000732421875,2423600,130.49000549316406,129.14999389648438,109.79193878173828
30-07-2018,129.52999877929688,130.4499969482422,2053300,131.60000610351562,129.89999389648438,110.42951202392578
31-07-2018,128.32000732421875,130.2899932861328,2467900,131.39999389648438,128.94000244140625,109.61341094970703
01-08-2018,124.91999816894531,127.56999969482422,3525500,128.5500030517578,125.56999969482422,106.74854278564453
02-08-2018,123.51000213623047,124.55999755859375,3510600,126.30999755859375,125.93000030517578,107.0545883178711
03-08-2018,120.83999633789062,122.75,4117700,125.01000213623047,122.41000366210938,104.06217956542969
06-08-2018,122.0,123.18000030517578,2396000,125.0999984741211,123.9000015258789,105.32884216308594
07-08-2018,124.30999755859375,125.0,1774000,126.29000091552734,124.43000030517578,105.7793960571289
08-08-2018,121.5,123.30000305175781,3146000,124.37999725341797,122.7699966430664,104.36822509765625
09-08-2018,121.87999725341797,123.19999694824219,1874800,123.9000015258789,122.30999755859375,103.97715759277344
10-08-2018,121.37000274658203,122.19999694824219,2268000,122.88999938964844,122.7699966430664,104.36822509765625
13-08-2018,121.13999938964844,122.79000091552734,1581900,123.5,121.5,103.28856658935547
14-08-2018,122.04000091552734,122.9000015258789,1469900,123.56999969482422,123.06999969482422,104.6232681274414
15-08-2018,114.70999908447266,121.47000122070312,4184000,121.7300033569336,115.44000244140625,98.13689422607422
16-08-2018,115.66999816894531,116.11000061035156,3702300,117.06999969482422,115.91000366210938,98.53645324707031
17-08-2018,114.05000305175781,116.51000213623047,4492900,116.75,114.7699966430664,97.56731414794922
20-08-2018,114.62999725341797,115.22000122070312,4020600,115.73999786376953,114.7699966430664,97.56731414794922
21-08-2018,115.29000091552734,115.91999816894531,2548800,116.62000274658203,115.48999786376953,98.17940521240234
22-08-2018,116.23999786376953,116.23999786376953,2104200,117.91999816894531,117.31999969482422,99.73511505126953
23-08-2018,115.73999786376953,116.70999908447266,2074800,116.80000305175781,116.4000015258789,98.95301818847656
24-08-2018,117.3499984741211,117.63999938964844,2147100,118.98999786376953,117.45999908447266,99.85411834716797
27-08-2018,117.2699966430664,117.58999633789062,1816500,118.97000122070312,118.6500015258789,100.86576080322266
28-08-2018,117.7699966430664,118.62999725341797,1970700,119.7300033569336,117.97000122070312,100.28768920898438
29-08-2018,118.05000305175781,119.04000091552734,2070900,119.5,118.77999877929688,100.97627258300781
30-08-2018,118.13999938964844,118.13999938964844,2096800,119.47000122070312,118.91000366210938,101.0867919921875
31-08-2018,117.66999816894531,118.56999969482422,2020100,118.80999755859375,118.2300033569336,100.50871276855469
04-09-2018,116.75,119.04000091552734,1703100,119.3499984741211,117.68000030517578,100.04115295410156
05-09-2018,116.22000122070312,116.80999755859375,2081600,118.26000213623047,117.88999938964844,100.21968841552734
06-09-2018,115.20999908447266,117.77999877929688,1982400,118.12999725341797,115.5,98.18791961669922
07-09-2018,113.69999694824219,114.9800033569336,3288600,115.31999969482422,114.47000122070312,97.31229400634766
10-09-2018,114.19999694824219,115.0,1778700,115.5199966430664,114.31999969482422,97.18476867675781
11-09-2018,114.08000183105469,114.38999938964844,2370900,117.16999816894531,116.22000122070312,98.79998016357422
12-09-2018,116.87999725341797,117.29000091552734,2236000,119.08999633789062,116.94000244140625,99.41207885742188
13-09-2018,115.02999877929688,116.80000305175781,2336000,117.12999725341797,116.62000274658203,99.14002990722656
14-09-2018,116.56999969482422,116.56999969482422,1536600,118.52999877929688,117.81999969482422,100.16017150878906
17-09-2018,117.06999969482422,118.31999969482422,2537200,118.75,117.54000091552734,99.9221420288086
18-09-2018,118.45999908447266,118.75,1868100,120.30000305175781,119.44999694824219,101.54584503173828
19-09-2018,119.12999725341797,119.44999694824219,1767300,120.56999969482422,120.16999816894531,102.15792846679688
20-09-2018,118.7699966430664,120.43000030517578,1997500,120.98999786376953,119.20999908447266,101.34182739257812
21-09-2018,118.04000091552734,118.5199966430664,4784400,120.61000061035156,119.45999908447266,101.5543441772461
24-09-2018,121.16999816894531,121.41999816894531,3593400,124.19000244140625,123.98999786376953,105.40536499023438
25-09-2018,124.26000213623047,124.58000183105469,3873600,126.5,125.63999938964844,106.80803680419922
26-09-2018,125.01000213623047,125.44999694824219,3106200,126.37999725341797,125.30999755859375,106.52751159667969
27-09-2018,125.72000122070312,126.56999969482422,2925500,127.6500015258789,127.0,107.96417999267578
28-09-2018,126.55000305175781,126.55000305175781,2724600,129.08999633789062,127.56999969482422,108.44873809814453
01-10-2018,127.77999877929688,127.93000030517578,2024600,129.80999755859375,129.49000549316406,110.08097076416016
02-10-2018,128.74000549316406,129.75,3278200,130.05999755859375,130.0,110.51451873779297
03-10-2018,129.25,130.1699981689453,3172400,130.5399932861328,130.3800048828125,110.83756256103516
04-10-2018,129.1300048828125,129.9199981689453,3223200,130.5,130.22999572753906,110.71004486083984
05-10-2018,129.60000610351562,130.33999633789062,2244000,131.10000610351562,131.0500030517578,111.40714263916016
08-10-2018,129.22999572753906,129.97999572753906,2115500,131.33999633789062,129.8300018310547,110.37000274658203
09-10-2018,130.10000610351562,130.22000122070312,2453900,133.52999877929688,132.35000610351562,112.51226806640625
10-10-2018,126.3499984741211,132.0,3450700,132.0,126.47000122070312,107.51363372802734
11-10-2018,120.81999969482422,125.29000091552734,4761000,125.4800033569336,121.62000274658203,103.39057922363281
12-10-2018,120.37999725341797,123.62000274658203,2955300,123.77999877929688,122.18000030517578,103.86664581298828
15-10-2018,121.94999694824219,122.94999694824219,2277500,123.55999755859375,122.56999969482422,104.19820404052734
16-10-2018,122.05999755859375,122.86000061035156,2426900,123.4800033569336,122.26000213623047,104.12155151367188
17-10-2018,118.48999786376953,122.20999908447266,2576200,122.58999633789062,120.13999938964844,102.31607055664062
18-10-2018,117.55000305175781,118.55000305175781,2096900,119.25,118.55000305175781,100.96195983886719
19-10-2018,117.08000183105469,118.58999633789062,3547500,120.6500015258789,117.66999816894531,100.21251678466797
22-10-2018,115.4000015258789,118.0999984741211,1593500,118.33999633789062,116.25,99.00320434570312
23-10-2018,109.52999877929688,114.16999816894531,5023700,114.37999725341797,111.12000274658203,94.63429260253906
24-10-2018,106.0,111.77999877929688,5540900,111.94999694824219,106.13999938964844,90.39310455322266
25-10-2018,106.36000061035156,107.87000274658203,2926600,108.86000061035156,107.12000274658203,91.22772979736328
26-10-2018,103.48999786376953,105.58999633789062,4332300,107.37000274658203,106.55999755859375,90.75079345703125
29-10-2018,100.62999725341797,106.94999694824219,4307400,107.0,102.04000091552734,86.90138244628906
30-10-2018,101.02999877929688,101.69000244140625,4274200,106.16000366210938,105.51000213623047,89.85658264160156
31-10-2018,105.06999969482422,106.68000030517578,4010900,108.72000122070312,105.33999633789062,89.7117919921875
01-11-2018,103.8499984741211,105.9800033569336,3771700,107.30000305175781,106.88999938964844,91.03184509277344
02-11-2018,100.83999633789062,106.1500015258789,6607500,106.48999786376953,102.3499984741211,87.1653823852539
05-11-2018,104.04000091552734,104.54000091552734,5029700,107.11000061035156,106.3499984741211,90.57196044921875
06-11-2018,105.44000244140625,107.05999755859375,4336700,107.54000091552734,107.33000183105469,91.40655517578125
07-11-2018,107.36000061035156,109.25,3424400,110.19999694824219,109.1500015258789,92.95653533935547
08-11-2018,104.72000122070312,108.7300033569336,4150100,108.94999694824219,104.8499984741211,89.29447937011719
09-11-2018,102.5,103.08999633789062,3486000,106.22000122070312,105.51000213623047,89.85658264160156
12-11-2018,101.02999877929688,106.83999633789062,3267000,106.94999694824219,101.25,86.22859191894531
13-11-2018,98.08000183105469,101.22000122070312,5175700,102.41000366210938,98.5199966430664,83.90361022949219
14-11-2018,97.23999786376953,100.75,4669900,101.0999984741211,98.06999969482422,83.5203628540039
15-11-2018,96.80999755859375,97.91000366210938,4217600,101.95999908447266,101.58999633789062,86.51814270019531
16-11-2018,102.69999694824219,103.0,6065000,105.58999633789062,105.19999694824219,89.59254455566406
19-11-2018,103.61000061035156,103.98999786376953,4309300,106.12999725341797,105.70999908447266,90.0268783569336
20-11-2018,101.37000274658203,103.44999694824219,5704300,103.97000122070312,102.36000061035156,87.17388916015625
21-11-2018,103.2300033569336,103.29000091552734,5253400,107.56999969482422,106.0,90.27385711669922
23-11-2018,99.37999725341797,101.62999725341797,3373700,102.20999908447266,100.69999694824219,85.76017761230469
26-11-2018,101.02999877929688,101.69999694824219,3664200,102.7300033569336,102.54000091552734,87.32719421386719
27-11-2018,100.76000213623047,102.26000213623047,3554900,103.05999755859375,101.94999694824219,86.82471466064453
28-11-2018,101.58000183105469,101.98999786376953,3580800,104.05999755859375,103.7699966430664,88.37472534179688
29-11-2018,103.58999633789062,103.97000122070312,2661900,106.58999633789062,105.47000122070312,89.822509765625
30-11-2018,102.88999938964844,104.38999938964844,5268900,104.68000030517578,103.30999755859375,87.98295593261719
03-12-2018,106.16000366210938,107.11000061035156,4061400,108.37999725341797,108.11000061035156,92.07083892822266
04-12-2018,103.6500015258789,108.31999969482422,3153900,108.77999877929688,104.06999969482422,88.63021087646484
06-12-2018,99.55999755859375,101.44999694824219,5046200,102.29000091552734,102.12999725341797,86.97803497314453
07-12-2018,103.41000366210938,104.76000213623047,5226600,107.63999938964844,103.61000061035156,88.23844146728516
10-12-2018,99.20999908447266,102.05000305175781,3368700,103.26000213623047,101.70999908447266,86.6203384399414
11-12-2018,101.69000244140625,103.56999969482422,3713800,104.3499984741211,102.06999969482422,86.92693328857422
12-12-2018,103.83000183105469,104.23999786376953,3443300,106.5999984741211,103.93000030517578,88.51097106933594
13-12-2018,101.45999908447266,103.22000122070312,2685200,104.30000305175781,102.83000183105469,87.57418823242188
14-12-2018,99.05999755859375,102.27999877929688,3088500,102.94999694824219,100.08000183105469,85.23216247558594
17-12-2018,95.45999908447266,99.54000091552734,4816100,100.2699966430664,96.20999908447266,81.93630981445312
18-12-2018,93.70999908447266,96.37000274658203,4658700,96.95999908447266,94.01000213623047,80.06270599365234
19-12-2018,92.30000305175781,94.95999908447266,4046700,97.13999938964844,92.9800033569336,79.18553161621094
20-12-2018,89.0199966430664,91.52999877929688,5743800,93.3499984741211,89.73999786376953,76.42620086669922
21-12-2018,86.81999969482422,89.44000244140625,7468800,90.48999786376953,87.26000213623047,74.31413269042969
24-12-2018,82.77999877929688,86.2300033569336,2773400,86.7300033569336,82.86000061035156,70.56692504882812
26-12-2018,82.04000091552734,83.83000183105469,4488200,89.02999877929688,88.98999786376953,75.78748321533203
27-12-2018,85.05000305175781,87.0999984741211,4305200,88.79000091552734,88.79000091552734,75.61714935302734
28-12-2018,86.1500015258789,89.23999786376953,3325200,89.33000183105469,87.5199966430664,74.53556060791016
31-12-2018,86.37000274658203,88.20999908447266,3571100,88.9000015258789,87.20999908447266,74.27155303955078
02-01-2019,85.19999694824219,85.66000366210938,3863000,91.26000213623047,90.61000061035156,77.16712951660156
03-01-2019,88.26000213623047,90.5999984741211,2961700,91.22000122070312,89.97000122070312,76.62208557128906
04-01-2019,91.08000183105469,91.69999694824219,3874200,94.30000305175781,93.91999816894531,79.98606872558594
07-01-2019,92.22000122070312,94.48999786376953,4453100,96.41000366210938,94.51000213623047,80.48853302001953
08-01-2019,94.33999633789062,95.66000366210938,3437800,96.11000061035156,95.5199966430664,81.34867858886719
09-01-2019,96.11000061035156,96.77999877929688,4739600,99.51000213623047,99.19000244140625,84.4742202758789
10-01-2019,97.27999877929688,98.0199966430664,3480400,99.31999969482422,99.12000274658203,84.41459655761719
11-01-2019,95.95999908447266,97.86000061035156,3206100,98.01000213623047,96.87000274658203,82.49839782714844
14-01-2019,95.27999877929688,95.66000366210938,3504800,99.01000213623047,98.51000213623047,83.89511108398438
15-01-2019,98.0,98.97000122070312,2452700,99.94000244140625,98.58999633789062,83.96322631835938
16-01-2019,97.44000244140625,98.55000305175781,2800500,99.41999816894531,98.66999816894531,84.21929168701172
17-01-2019,97.11000061035156,98.36000061035156,2670800,99.3499984741211,99.05000305175781,84.54363250732422
18-01-2019,99.11000061035156,100.30000305175781,3299500,101.37000274658203,101.05000305175781,86.250732421875
22-01-2019,96.62999725341797,99.76000213623047,4390200,100.05999755859375,96.86000061035156,82.67437744140625
23-01-2019,96.12999725341797,97.6500015258789,2679100,98.41999816894531,96.56999969482422,82.42684936523438
24-01-2019,95.79000091552734,96.5199966430664,3128900,98.05000305175781,97.23999786376953,82.99871063232422
25-01-2019,98.05000305175781,98.19000244140625,2417700,100.30000305175781,99.0999984741211,84.5863037109375
28-01-2019,96.48999786376953,97.43000030517578,2953000,98.25,98.0999984741211,83.73277282714844
29-01-2019,98.08999633789062,98.5999984741211,2873300,99.75,98.87000274658203,84.39000701904297
30-01-2019,98.37000274658203,99.69000244140625,3000600,99.9000015258789,99.44999694824219,84.88504791259766
31-01-2019,98.58999633789062,99.94000244140625,2500700,100.8499984741211,99.19999694824219,84.67166137695312
01-02-2019,98.55000305175781,99.87000274658203,2614700,100.48999786376953,98.8499984741211,84.37293243408203
04-02-2019,96.70999908447266,97.75,1788400,99.4000015258789,99.37999725341797,84.8252944946289
05-02-2019,97.87000274658203,99.2300033569336,1978000,99.6500015258789,98.3499984741211,83.9461441040039
06-02-2019,96.05999755859375,97.48999786376953,2723700,97.61000061035156,96.18000030517578,82.09395599365234
07-02-2019,91.7300033569336,95.45999908447266,3459000,95.7699966430664,92.98999786376953,79.37115478515625
08-02-2019,89.94000244140625,92.66999816894531,3073000,93.2699966430664,92.5,78.95291137695312
11-02-2019,91.61000061035156,91.62999725341797,2625700,94.3499984741211,94.20999908447266,80.41246032714844
12-02-2019,95.19999694824219,95.77999877929688,3072400,97.12000274658203,95.62999725341797,81.62450408935547
13-02-2019,95.73999786376953,96.1500015258789,3469200,97.79000091552734,96.75,82.58049011230469
14-02-2019,96.25,96.33000183105469,2654700,97.83000183105469,96.95999908447266,82.75972747802734
15-02-2019,97.91000366210938,98.22000122070312,3038600,100.26000213623047,100.25,85.5678939819336
19-02-2019,98.41000366210938,99.0,2791500,100.27999877929688,99.70999908447266,85.10696411132812
20-02-2019,98.41999816894531,99.58000183105469,3456300,99.80999755859375,98.77999877929688,84.31317138671875
21-02-2019,94.56999969482422,98.33999633789062,3836800,98.66999816894531,95.3499984741211,81.38549041748047
22-02-2019,95.12000274658203,96.43000030517578,4163500,97.12000274658203,95.52999877929688,81.5391616821289
25-02-2019,94.16999816894531,95.12999725341797,6090800,95.70999908447266,94.75,80.87339782714844
26-02-2019,92.97000122070312,94.98999786376953,5777600,95.16999816894531,93.91000366210938,80.15641784667969
27-02-2019,93.98999786376953,95.54000091552734,6452100,98.4000015258789,95.04000091552734,81.12092590332031
28-02-2019,92.97000122070312,95.37000274658203,5204700,96.2300033569336,94.0,80.23323059082031
01-03-2019,94.38999938964844,94.63999938964844,5033900,97.01000213623047,96.41999816894531,82.29882049560547
04-03-2019,95.12000274658203,96.70999908447266,3729100,97.62999725341797,96.80999755859375,82.63169860839844
05-03-2019,95.2699966430664,97.04000091552734,3337000,97.30000305175781,95.5,81.5135498046875
06-03-2019,91.55999755859375,94.91999816894531,5079200,94.9800033569336,91.94000244140625,78.47493743896484
07-03-2019,90.58000183105469,92.06999969482422,3731300,92.12000274658203,91.3499984741211,77.97132873535156
08-03-2019,86.19000244140625,89.31999969482422,6761000,89.69999694824219,86.44000244140625,73.78043365478516
11-03-2019,86.13999938964844,86.7699966430664,7699100,87.87000274658203,86.26000213623047,73.62679290771484
12-03-2019,86.47000122070312,86.93000030517578,8308900,87.63999938964844,86.9800033569336,74.2413558959961
13-03-2019,86.7699966430664,88.0,6656000,88.66999816894531,88.56999969482422,75.59848022460938
14-03-2019,88.33999633789062,88.62000274658203,4338900,90.05000305175781,89.69000244140625,76.55445861816406
15-03-2019,88.0,89.11000061035156,8939900,90.36000061035156,88.8499984741211,75.83746337890625
18-03-2019,88.81999969482422,89.0199966430664,4197000,92.19000244140625,91.91999816894531,78.4578628540039
19-03-2019,92.33999633789062,92.81999969482422,7035400,93.12999725341797,92.87999725341797,79.27725219726562
20-03-2019,92.81999969482422,93.05000305175781,7928500,96.61000061035156,95.88999938964844,81.84642791748047
21-03-2019,94.38999938964844,95.81999969482422,5389100,97.2300033569336,96.87000274658203,82.68289184570312
22-03-2019,92.77999877929688,95.75,7873000,95.94999694824219,93.68000030517578,79.9600830078125
25-03-2019,91.9800033569336,93.55000305175781,2940500,94.12999725341797,92.77999877929688,79.19190979003906
26-03-2019,94.2699966430664,94.44999694824219,2393700,95.98999786376953,94.7699966430664,80.89045715332031
27-03-2019,93.63999938964844,94.31999969482422,2761700,95.44999694824219,94.58999633789062,80.73681640625
28-03-2019,93.72000122070312,93.80999755859375,2768000,95.47000122070312,95.23999786376953,81.29161834716797
29-03-2019,94.8499984741211,96.37999725341797,2785600,96.58000183105469,95.18000030517578,81.24040222167969
01-04-2019,95.58000183105469,96.19000244140625,2633900,97.1500015258789,96.94000244140625,82.7426528930664
02-04-2019,96.01000213623047,97.08000183105469,2260100,97.7699966430664,96.05000305175781,81.98298645019531
03-04-2019,93.77999877929688,96.6500015258789,4351500,96.6500015258789,93.93000030517578,80.17347717285156
04-04-2019,92.91999816894531,94.05999755859375,5782700,94.5,93.66999816894531,79.95155334472656
05-04-2019,93.94000244140625,94.44999694824219,4505400,98.76000213623047,98.62999725341797,84.18515014648438
08-04-2019,98.97000122070312,99.12000274658203,4985900,100.98999786376953,99.4800033569336,84.91065979003906
09-04-2019,97.38999938964844,98.79000091552734,4005700,99.58999633789062,98.56999969482422,84.1339340209961
10-04-2019,98.4000015258789,99.33999633789062,3066200,100.05000305175781,98.7300033569336,84.27050018310547
11-04-2019,97.66000366210938,98.37999725341797,2640900,99.76000213623047,98.7300033569336,84.27050018310547
12-04-2019,101.8499984741211,102.08999633789062,7145100,106.4800033569336,105.30999755859375,89.88683319091797
15-04-2019,101.44000244140625,104.43000030517578,6091000,104.72000122070312,102.12000274658203,87.34648895263672
16-04-2019,100.9800033569336,101.86000061035156,2990100,102.81999969482422,102.3499984741211,87.543212890625
17-04-2019,101.43000030517578,103.19000244140625,2445500,104.44999694824219,101.83999633789062,87.10698699951172
18-04-2019,101.5199966430664,101.94999694824219,3307000,104.29000091552734,103.87000274658203,88.84333801269531
22-04-2019,104.63999938964844,105.25,3886000,107.30000305175781,107.06999969482422,91.58038330078125
23-04-2019,105.37000274658203,106.97000122070312,4242000,107.88999938964844,106.5999984741211,91.1783676147461
24-04-2019,103.83000183105469,107.5,3599200,107.58000183105469,103.94000244140625,88.9031982421875
25-04-2019,102.0199966430664,103.9800033569336,4090800,104.12999725341797,102.08000183105469,87.31226348876953
26-04-2019,97.08000183105469,101.47000122070312,4380400,102.13999938964844,97.87999725341797,83.71988677978516
29-04-2019,96.69999694824219,98.0,3512000,98.45999908447266,97.0,82.9671859741211
30-04-2019,94.97000122070312,97.98999786376953,3804600,98.37999725341797,96.05000305175781,82.15461730957031
01-05-2019,91.86000061035156,95.83999633789062,5186600,96.5,91.88999938964844,78.596435546875
02-05-2019,89.06999969482422,91.12999725341797,5145900,92.1500015258789,89.16999816894531,76.26995086669922
03-05-2019,89.7300033569336,91.75,6354600,93.62000274658203,90.9000015258789,77.7496566772461
06-05-2019,89.54000091552734,89.9000015258789,3705900,91.87000274658203,91.23999786376953,78.04047393798828
07-05-2019,89.69999694824219,90.1500015258789,4170900,91.88999938964844,91.77999877929688,78.50235748291016
08-05-2019,91.5199966430664,91.66999816894531,3925400,94.66000366210938,94.02999877929688,80.4268569946289
09-05-2019,92.05999755859375,92.68000030517578,3395100,95.12999725341797,94.23999786376953,80.60647583007812
10-05-2019,92.5,94.36000061035156,2425700,95.25,95.0,81.25653076171875
13-05-2019,93.20999908447266,93.94000244140625,4184500,95.30000305175781,93.5,79.9735336303711
14-05-2019,93.91999816894531,93.91999816894531,2482500,95.33000183105469,94.33999633789062,80.69200897216797
15-05-2019,93.16999816894531,93.38999938964844,1950500,94.62999725341797,94.36000061035156,80.7091064453125
16-05-2019,94.79000091552734,95.0,2043800,96.25,95.18000030517578,81.41047668457031
17-05-2019,92.66999816894531,94.2699966430664,2701400,94.66999816894531,93.0199966430664,79.56295776367188
20-05-2019,92.77999877929688,93.20999908447266,2823000,94.5199966430664,93.68000030517578,80.12747955322266
21-05-2019,94.08999633789062,94.08999633789062,2537300,95.94000244140625,95.62999725341797,81.79537963867188
22-05-2019,92.38999938964844,95.0199966430664,2869900,95.37999725341797,92.91000366210938,79.46888732910156
23-05-2019,87.25,91.05000305175781,4547200,91.05000305175781,88.8499984741211,75.99622344970703
24-05-2019,86.70999908447266,89.77999877929688,3757500,90.5,87.16000366210938,74.55072784423828
28-05-2019,86.97000122070312,87.69000244140625,3148500,88.37999725341797,87.11000061035156,74.5079574584961
29-05-2019,84.27999877929688,85.6500015258789,3974100,86.63999938964844,86.43000030517578,73.92632293701172
30-05-2019,83.80999755859375,86.26000213623047,3010000,86.48999786376953,83.95999908447266,71.81366729736328
31-05-2019,81.83000183105469,82.69999694824219,4316600,83.8499984741211,81.87999725341797,70.03457641601562
03-06-2019,81.31999969482422,82.47000122070312,3333200,83.05000305175781,82.94999694824219,70.94978332519531
04-06-2019,82.58000183105469,83.44000244140625,3586200,84.9000015258789,84.27999877929688,72.0873794555664
05-06-2019,80.41000366210938,84.0999984741211,4593300,84.43000030517578,82.02999877929688,70.16287231445312
06-06-2019,82.43000030517578,82.83999633789062,3545000,84.77999877929688,84.2699966430664,72.07881927490234
07-06-2019,83.5,84.48999786376953,2462100,85.13999938964844,84.5999984741211,72.36106872558594
10-06-2019,84.81999969482422,85.08000183105469,2044100,85.83000183105469,85.19999694824219,72.87427520751953
11-06-2019,86.16000366210938,86.2300033569336,4030700,87.69000244140625,86.5,73.9862060546875
12-06-2019,84.44000244140625,85.95999908447266,2857600,86.13999938964844,85.02999877929688,72.72886657714844
13-06-2019,86.11000061035156,86.33000183105469,4218100,87.0,86.48999786376953,73.97764587402344
14-06-2019,85.05999755859375,86.55999755859375,2759500,87.33000183105469,85.16999816894531,72.84862518310547
17-06-2019,84.31999969482422,84.41000366210938,2629200,86.05000305175781,85.47000122070312,73.105224609375
18-06-2019,86.41999816894531,86.47000122070312,3640500,89.08000183105469,88.30000305175781,75.52580261230469
19-06-2019,86.54000091552734,87.75,3318300,89.37999725341797,88.6500015258789,75.82518005371094
20-06-2019,90.4000015258789,90.4000015258789,3772800,92.0999984741211,91.44999694824219,78.22010040283203
21-06-2019,91.37000274658203,91.37000274658203,4052500,93.0999984741211,92.37000274658203,79.00701904296875
24-06-2019,90.36000061035156,91.83999633789062,2311500,92.94999694824219,90.55999755859375,77.4588394165039
25-06-2019,89.13999938964844,90.41999816894531,2641900,90.7699966430664,90.04000091552734,77.01407623291016
26-06-2019,90.72000122070312,91.5,3422300,94.37999725341797,93.08999633789062,79.62283325195312
27-06-2019,91.88999938964844,92.88999938964844,2112400,93.79000091552734,92.11000061035156,78.78462219238281
28-06-2019,91.66999816894531,92.22000122070312,3735900,93.47000122070312,93.16000366210938,79.68273162841797
01-07-2019,92.44999694824219,95.0,2355200,95.29000091552734,93.08999633789062,79.62283325195312
02-07-2019,87.3499984741211,92.66999816894531,5193200,92.98999786376953,87.55999755859375,74.89286041259766
03-07-2019,86.12999725341797,88.0,2794500,88.08999633789062,87.19999694824219,74.58493041992188
05-07-2019,87.19999694824219,87.37000274658203,5390500,89.0,88.56999969482422,75.75674438476562
08-07-2019,87.25,87.94999694824219,3219400,91.04000091552734,90.1500015258789,77.1081771850586
09-07-2019,88.66000366210938,89.70999908447266,2626900,90.2300033569336,89.1500015258789,76.25283813476562
10-07-2019,89.9000015258789,90.05000305175781,4298700,92.0999984741211,90.66000366210938,77.54438018798828
11-07-2019,90.08999633789062,91.1500015258789,3640300,91.62000274658203,90.83999633789062,77.69834899902344
12-07-2019,90.41999816894531,90.83999633789062,2393000,91.47000122070312,90.9000015258789,77.7496566772461
15-07-2019,88.58000183105469,91.16000366210938,3432500,91.36000061035156,88.75,75.91071319580078
16-07-2019,86.26000213623047,88.79000091552734,3012000,88.79000091552734,87.0,74.65613555908203
17-07-2019,85.11000061035156,87.2300033569336,3693500,87.7300033569336,85.19000244140625,73.1029281616211
18-07-2019,84.5199966430664,84.94999694824219,3330800,85.55999755859375,85.43000030517578,73.30889892578125
19-07-2019,84.9000015258789,85.72000122070312,3130200,87.4000015258789,87.04000091552734,74.69046020507812
22-07-2019,86.9000015258789,87.37000274658203,3331000,88.7699966430664,87.20999908447266,74.8363265991211
23-07-2019,86.45999908447266,87.13999938964844,2908200,88.37000274658203,87.58999633789062,75.16242218017578
24-07-2019,87.33999633789062,87.45999908447266,1849300,88.73999786376953,87.68000030517578,75.2396469116211
25-07-2019,85.0199966430664,88.0199966430664,2945100,88.18000030517578,85.47000122070312,73.34323120117188
26-07-2019,83.47000122070312,85.0199966430664,3026100,85.19999694824219,84.29000091552734,72.33064270019531
29-07-2019,82.01000213623047,84.05999755859375,3407000,84.38999938964844,83.91999816894531,72.01312255859375
30-07-2019,83.05000305175781,83.5999984741211,3707600,86.7300033569336,86.05999755859375,73.84950256347656
31-07-2019,85.25,85.86000061035156,3144300,88.12999725341797,85.8499984741211,73.66930389404297
01-08-2019,79.44999694824219,84.0,8080000,84.30000305175781,81.06999969482422,69.56749725341797
02-08-2019,80.05999755859375,83.05000305175781,6795800,87.83999633789062,82.45999908447266,70.76028442382812
05-08-2019,78.80000305175781,80.25,5476400,81.62999725341797,79.0,67.79119873046875
06-08-2019,76.87000274658203,79.52999877929688,4257200,79.91000366210938,78.27999877929688,67.17337036132812
07-08-2019,74.83999633789062,76.6500015258789,5249900,78.0999984741211,77.55000305175781,66.54694366455078
08-08-2019,77.5999984741211,78.0,6235200,80.38999938964844,80.36000061035156,68.95823669433594
09-08-2019,79.26000213623047,80.80000305175781,2787800,80.87999725341797,79.37000274658203,68.10871887207031
12-08-2019,77.80000305175781,78.75,4615300,79.62999725341797,77.91999816894531,66.86443328857422
13-08-2019,76.83000183105469,77.48999786376953,4881100,79.93000030517578,78.5199966430664,67.37930297851562
14-08-2019,74.26000213623047,76.4800033569336,6971500,76.87999725341797,75.0199966430664,64.37590026855469
15-08-2019,73.94999694824219,74.91000366210938,4008300,75.5199966430664,74.94000244140625,64.30726623535156
16-08-2019,74.83000183105469,75.19000244140625,2540900,76.56999969482422,75.91999816894531,65.14818572998047
19-08-2019,76.16000366210938,77.41999816894531,3530000,78.19000244140625,77.80999755859375,66.7700424194336
20-08-2019,76.19999694824219,77.25,3039100,77.38999938964844,76.69000244140625,65.80896759033203
21-08-2019,76.3499984741211,77.58999633789062,2886800,78.12999725341797,77.22000122070312,66.26376342773438
22-08-2019,75.47000122070312,77.62000274658203,2299800,77.75,75.51000213623047,64.79637908935547
23-08-2019,71.36000061035156,74.18000030517578,5160000,74.86000061035156,71.75,61.56985855102539
26-08-2019,71.37000274658203,72.73999786376953,2688200,73.22000122070312,72.25,61.998924255371094
27-08-2019,70.83000183105469,72.93000030517578,2649300,72.98999786376953,71.66000366210938,61.49262237548828
28-08-2019,71.62000274658203,71.66999816894531,3055900,73.4800033569336,72.52999877929688,62.239192962646484
29-08-2019,73.04000091552734,73.19000244140625,3726700,75.83999633789062,74.4800033569336,63.91251754760742
30-08-2019,73.3499984741211,74.58999633789062,3164000,75.41000366210938,74.19000244140625,63.663658142089844
03-09-2019,72.38999938964844,72.55999755859375,2467000,74.3499984741211,74.12999725341797,63.61217498779297
04-09-2019,74.91999816894531,75.69999694824219,2951100,76.37000274658203,75.56999969482422,64.84786987304688
05-09-2019,75.11000061035156,75.83000183105469,4059700,77.31999969482422,75.5999984741211,64.87360382080078
06-09-2019,73.4800033569336,74.7300033569336,3794000,76.52999877929688,76.44000244140625,65.59443664550781
09-09-2019,77.05000305175781,77.25,5133600,80.41999816894531,80.0,68.64932250976562
10-09-2019,79.72000122070312,80.38999938964844,4342700,82.38999938964844,80.0999984741211,68.73514556884766
11-09-2019,79.80000305175781,80.87999725341797,3585300,82.75,81.02999877929688,69.53318786621094
12-09-2019,78.0,79.22000122070312,3200200,80.47000122070312,79.68000030517578,68.37472534179688
13-09-2019,78.12000274658203,80.16999816894531,4123500,81.08999633789062,79.38999938964844,68.1258544921875
16-09-2019,83.2300033569336,85.98999786376953,11888900,87.0,85.63999938964844,73.48909759521484
17-09-2019,80.83000183105469,84.4000015258789,4902200,84.98999786376953,81.22000122070312,69.69622039794922
18-09-2019,79.68000030517578,80.0,3876100,81.38999938964844,81.31999969482422,69.78202819824219
19-09-2019,80.97000122070312,82.38999938964844,4099100,82.47000122070312,81.61000061035156,70.03089141845703
20-09-2019,80.08000183105469,81.98999786376953,4754700,82.13999938964844,81.0,69.50743865966797
23-09-2019,79.70999908447266,80.0,3749100,81.0,80.12999725341797,68.76085662841797
24-09-2019,77.87999725341797,78.75,4323900,79.7699966430664,78.55999755859375,67.41364288330078
25-09-2019,76.11000061035156,77.7300033569336,3236200,78.43000030517578,76.7699966430664,65.87760162353516
26-09-2019,74.43000030517578,76.0,4100200,76.41999816894531,75.08999633789062,64.43597412109375
27-09-2019,73.48999786376953,74.0,3422300,75.44999694824219,74.9800033569336,64.34156799316406
30-09-2019,73.77999877929688,74.37999725341797,3159100,74.87000274658203,74.22000122070312,63.68940353393555
01-10-2019,71.4000015258789,74.79000091552734,4155300,74.79000091552734,71.58000183105469,61.423973083496094
02-10-2019,69.47000122070312,71.33000183105469,4289200,72.29000091552734,69.80000305175781,59.89653015136719
03-10-2019,69.0999984741211,69.16000366210938,3556500,71.08999633789062,70.83999633789062,60.788963317871094
04-10-2019,69.54000091552734,70.70999908447266,2525300,71.41999816894531,70.91999816894531,60.857627868652344
07-10-2019,69.7300033569336,71.4000015258789,3736000,71.44000244140625,69.76000213623047,59.86220932006836
08-10-2019,68.11000061035156,68.88999938964844,5544600,69.75,68.7300033569336,58.97835922241211
09-10-2019,68.08999633789062,69.70999908447266,3575300,70.08000183105469,68.58999633789062,58.85820770263672
10-10-2019,68.0999984741211,68.69000244140625,3057700,69.61000061035156,68.91000366210938,59.132808685302734
11-10-2019,69.05000305175781,69.87999725341797,5662700,70.7699966430664,69.25,59.42456817626953
14-10-2019,66.0199966430664,68.06999969482422,5351700,68.5199966430664,68.19000244140625,58.51496505737305
15-10-2019,67.30000305175781,67.5999984741211,6107900,69.79000091552734,69.25,59.42456817626953
16-10-2019,68.16000366210938,68.51000213623047,4342100,69.70999908447266,68.18000030517578,58.750732421875
17-10-2019,66.4000015258789,68.37000274658203,4324000,68.69000244140625,66.7699966430664,57.53570556640625
18-10-2019,64.44000244140625,66.69000244140625,6595300,66.9000015258789,64.44000244140625,55.52796173095703
21-10-2019,64.33000183105469,64.4000015258789,5603500,67.7300033569336,67.66000366210938,58.30263900756836
22-10-2019,67.4000015258789,67.87000274658203,4476400,70.69000244140625,69.56999969482422,59.948486328125
23-10-2019,69.05999755859375,69.6500015258789,5533200,72.73999786376953,71.94000244140625,61.99071502685547
24-10-2019,70.66999816894531,72.29000091552734,4249800,72.55999755859375,71.97000122070312,62.01655578613281
25-10-2019,71.19999694824219,71.83000183105469,2398800,72.80999755859375,72.4800033569336,62.456024169921875
28-10-2019,71.0199966430664,73.08999633789062,3211400,73.33000183105469,71.05000305175781,61.22380065917969
29-10-2019,70.05000305175781,70.66000366210938,3939500,72.27999877929688,71.80999755859375,61.87868881225586
30-10-2019,69.48999786376953,72.01000213623047,3361400,72.5,69.62000274658203,59.99156951904297
31-10-2019,68.11000061035156,69.16999816894531,5272200,69.7300033569336,69.30999755859375,59.72443389892578
01-11-2019,69.63999938964844,70.05999755859375,3033100,71.37999725341797,71.1500015258789,61.309974670410156
04-11-2019,72.37000274658203,72.41999816894531,6808500,74.23999786376953,73.69000244140625,63.49867630004883
05-11-2019,73.41999816894531,74.4000015258789,4412800,75.36000061035156,74.01000213623047,63.77443313598633
06-11-2019,70.68000030517578,73.48999786376953,5247800,73.69999694824219,71.41999816894531,61.54261016845703
07-11-2019,71.87000274658203,72.44999694824219,7641200,75.5999984741211,74.73999786376953,64.40348052978516
08-11-2019,73.13999938964844,74.0,3136400,75.27999877929688,74.69999694824219,64.36900329589844
11-11-2019,72.91999816894531,73.5,2905800,74.5999984741211,73.81999969482422,63.610713958740234
12-11-2019,72.4800033569336,74.0999984741211,3262000,74.37999725341797,73.29000091552734,63.153995513916016
13-11-2019,71.0999984741211,72.66999816894531,3847700,72.94000244140625,72.61000061035156,62.568050384521484
14-11-2019,72.11000061035156,72.87000274658203,3425200,74.23999786376953,72.3499984741211,62.34400177001953
15-11-2019,72.54000091552734,72.80999755859375,3505300,74.01000213623047,73.4800033569336,63.31772232055664
18-11-2019,70.69999694824219,72.72000122070312,2965800,72.94000244140625,71.26000213623047,61.40475082397461
19-11-2019,69.77999877929688,71.36000061035156,3763500,71.38999938964844,70.4000015258789,60.663700103759766
20-11-2019,70.30999755859375,70.73999786376953,4027600,73.36000061035156,72.05999755859375,62.0941162109375
21-11-2019,71.30000305175781,72.05999755859375,4147700,73.45999908447266,73.31999969482422,63.17985534667969
22-11-2019,72.83000183105469,73.51000213623047,2903300,74.30999755859375,72.98999786376953,62.89549255371094
25-11-2019,72.06999969482422,72.81999969482422,3129200,73.58999633789062,73.5199966430664,63.35219192504883
26-11-2019,71.8499984741211,73.4800033569336,3320000,73.68000030517578,71.91000366210938,61.964866638183594
27-11-2019,71.33000183105469,72.06999969482422,2346500,72.55999755859375,72.3499984741211,62.34400177001953
29-11-2019,70.45999908447266,71.37000274658203,1497600,71.8499984741211,70.9000015258789,61.094547271728516
02-12-2019,70.70999908447266,71.62000274658203,3938000,72.62000274658203,70.79000091552734,60.99976348876953
03-12-2019,68.08000183105469,70.01000213623047,4555500,70.12000274658203,68.77999877929688,59.267738342285156
04-12-2019,69.62999725341797,69.72000122070312,5310600,72.55000305175781,72.05000305175781,62.08549880981445
05-12-2019,70.16000366210938,72.5199966430664,3480500,72.80999755859375,70.58999633789062,60.827415466308594
06-12-2019,70.69999694824219,70.91000366210938,4368000,74.12000274658203,73.95999908447266,63.731346130371094
09-12-2019,72.77999877929688,73.27999877929688,3752000,74.9000015258789,74.51000213623047,64.20529174804688
10-12-2019,73.73999786376953,74.05000305175781,3646900,75.0999984741211,74.83999633789062,64.48965454101562
11-12-2019,74.05000305175781,74.76000213623047,3158900,75.02999877929688,74.66999816894531,64.3431396484375
12-12-2019,74.37000274658203,74.66000366210938,3754800,77.12000274658203,76.70999908447266,66.10100555419922
13-12-2019,75.38999938964844,77.45999908447266,2728900,77.6500015258789,75.48999786376953,65.04975891113281
16-12-2019,75.98999786376953,76.25,6744500,78.16000366210938,77.91000366210938,67.13506317138672
17-12-2019,78.05000305175781,78.12000274658203,5506500,79.5,78.80999755859375,67.91058349609375
18-12-2019,78.80999755859375,78.91000366210938,7742700,81.36000061035156,80.58999633789062,69.44441223144531
19-12-2019,79.69000244140625,80.16999816894531,6791700,81.66000366210938,81.25,70.01314544677734
20-12-2019,81.4000015258789,82.72000122070312,9119000,83.62000274658203,82.66000366210938,71.22811889648438
23-12-2019,81.81999969482422,82.36000061035156,3159100,83.5,83.37999725341797,71.84856414794922
24-12-2019,83.52999877929688,83.80000305175781,1236200,84.5,83.80999755859375,72.21910858154297
26-12-2019,83.47000122070312,84.29000091552734,2588800,84.69000244140625,83.6500015258789,72.08120727539062
27-12-2019,82.93000030517578,84.06999969482422,1868300,84.08999633789062,83.13999938964844,71.64173889160156
30-12-2019,82.2300033569336,82.9000015258789,2251800,83.5,82.38999938964844,70.99546813964844
31-12-2019,81.37999725341797,81.8499984741211,2238900,83.77999877929688,83.76000213623047,72.176025390625
02-01-2020,83.54000091552734,84.31999969482422,2496400,84.61000061035156,84.13999938964844,72.5034408569336
03-01-2020,84.05999755859375,85.58000183105469,3716200,86.8499984741211,84.98999786376953,73.23588562011719
06-01-2020,85.77999877929688,85.9000015258789,8485500,89.29000091552734,88.44000244140625,76.20875549316406
07-01-2020,87.2300033569336,88.62999725341797,4320000,89.33000183105469,89.29000091552734,76.94121551513672
08-01-2020,86.97000122070312,89.23999786376953,5337300,89.54000091552734,87.33999633789062,75.2608871459961
09-01-2020,84.70999908447266,86.55000305175781,6908200,88.37000274658203,88.25,76.0450439453125
10-01-2020,86.1500015258789,87.55000305175781,2950600,87.61000061035156,86.2699966430664,74.33888244628906
13-01-2020,84.33999633789062,85.87999725341797,3399700,85.97000122070312,85.5199966430664,73.69258880615234
14-01-2020,84.55999755859375,85.37000274658203,4281700,86.66000366210938,86.33000183105469,74.39058685302734
15-01-2020,85.25,85.68000030517578,2562500,86.7699966430664,86.73999786376953,74.74388122558594
16-01-2020,86.66999816894531,86.95999908447266,5128600,88.08999633789062,87.0199966430664,75.23494720458984
17-01-2020,84.30000305175781,87.06999969482422,4542600,87.13999938964844,85.30999755859375,73.75654602050781
21-01-2020,84.02999877929688,85.0999984741211,4522700,86.16999816894531,84.04000091552734,72.65853881835938
22-01-2020,82.77999877929688,84.04000091552734,4030400,84.0999984741211,83.08999633789062,71.8371810913086
23-01-2020,80.6500015258789,82.0999984741211,3369400,82.23999786376953,81.83000183105469,70.74784088134766
24-01-2020,78.97000122070312,81.19999694824219,3128800,81.20999908447266,79.8499984741211,69.03597259521484
27-01-2020,76.61000061035156,77.58999633789062,2968300,78.2699966430664,76.63999938964844,66.26071166992188
28-01-2020,76.56999969482422,77.47000122070312,2794300,77.93000030517578,77.05000305175781,66.61518859863281
29-01-2020,75.04000091552734,77.66999816894531,2701000,77.94000244140625,75.13999938964844,64.9638442993164
30-01-2020,73.58999633789062,74.12999725341797,4535800,75.98999786376953,75.81999969482422,65.55176544189453
31-01-2020,72.51000213623047,74.31999969482422,5004100,74.80000305175781,72.91000366210938,63.03585433959961
03-02-2020,71.2699966430664,72.83000183105469,3803200,73.0,71.37000274658203,61.70441818237305
04-02-2020,72.9000015258789,72.91000366210938,4725200,74.80000305175781,73.62000274658203,63.64970397949219
05-02-2020,75.27999877929688,75.5,3724800,77.9800033569336,77.05000305175781,66.61518859863281
06-02-2020,75.22000122070312,77.4000015258789,2128800,77.4000015258789,75.87000274658203,65.59500122070312
07-02-2020,73.9000015258789,74.8499984741211,2257800,75.31999969482422,74.3499984741211,64.28083038330078
10-02-2020,73.05999755859375,73.9000015258789,2865400,74.13999938964844,73.69999694824219,63.718868255615234
11-02-2020,74.30999755859375,75.12999725341797,2191500,75.41000366210938,74.79000091552734,64.66124725341797
12-02-2020,75.16999816894531,76.5999984741211,2860000,76.91000366210938,75.37999725341797,65.17134857177734
13-02-2020,74.75,75.0,2197600,76.04000091552734,75.68000030517578,65.43071746826172
14-02-2020,73.83999633789062,76.0,2087700,76.22000122070312,74.91999816894531,64.77362823486328
18-02-2020,73.52999877929688,74.52999877929688,2520800,75.06999969482422,74.52999877929688,64.43645477294922
19-02-2020,74.93000030517578,74.93000030517578,2765200,77.66999816894531,77.27999877929688,66.81402587890625
20-02-2020,75.69000244140625,76.79000091552734,2447100,77.37000274658203,75.98999786376953,65.69873046875
21-02-2020,73.6500015258789,74.87000274658203,2963700,74.87000274658203,74.20999908447266,64.15979766845703
24-02-2020,69.4000015258789,71.33000183105469,3854400,71.33000183105469,69.91000366210938,60.4421501159668
25-02-2020,65.55000305175781,70.1500015258789,6558100,70.31999969482422,66.98999786376953,57.9175910949707
26-02-2020,63.08000183105469,67.72000122070312,5371300,67.7699966430664,63.20000076293945,54.64087677001953
27-02-2020,58.849998474121094,60.59000015258789,7699300,63.560001373291016,60.0,51.874244689941406
28-02-2020,56.34000015258789,57.29999923706055,11070400,63.2599983215332,63.2599983215332,54.692745208740234
02-03-2020,60.15999984741211,63.810001373291016,8008500,63.900001525878906,62.86000061035156,54.346923828125
03-03-2020,60.88999938964844,62.93000030517578,6432200,65.41000366210938,62.43000030517578,53.97515869140625
04-03-2020,62.279998779296875,63.619998931884766,5455100,64.5,64.08000183105469,55.40169906616211
05-03-2020,60.709999084472656,61.779998779296875,4905100,63.7400016784668,61.869998931884766,53.490997314453125
06-03-2020,53.869998931884766,58.91999816894531,9915000,59.900001525878906,55.29999923706055,47.81076431274414
09-03-2020,34.88999938964844,38.220001220703125,18938200,40.18000030517578,37.599998474121094,32.50786590576172
10-03-2020,35.810001373291016,39.880001068115234,13804500,41.709999084472656,41.599998474121094,35.96614456176758
11-03-2020,37.560001373291016,39.45000076293945,13208700,39.95000076293945,38.86000061035156,33.59722137451172
12-03-2020,31.65999984741211,35.189998626708984,12384000,35.95000076293945,32.5,28.098552703857422
13-03-2020,30.25,35.25,13961100,35.81999969482422,34.79999923706055,30.087060928344727
16-03-2020,28.110000610351562,29.989999771118164,10311100,36.09000015258789,31.100000381469727,26.888153076171875
17-03-2020,29.6200008392334,31.389999389648438,10122100,33.2400016784668,30.889999389648438,26.706594467163086
18-03-2020,27.0,28.190000534057617,7759600,30.149999618530273,29.760000228881836,25.72962760925293
19-03-2020,29.760000228881836,29.940000534057617,9407700,34.54999923706055,33.220001220703125,28.721040725708008
20-03-2020,33.52000045776367,34.689998626708984,12411400,37.2400016784668,34.88999938964844,30.164871215820312
23-03-2020,33.11000061035156,34.599998474121094,8642100,36.529998779296875,34.540000915527344,29.862274169921875
24-03-2020,35.720001220703125,36.439998626708984,10485900,40.0,39.79999923706055,34.4099235534668
25-03-2020,36.70000076293945,39.09000015258789,9492500,41.56999969482422,39.689998626708984,34.31481170654297
26-03-2020,36.119998931884766,36.119998931884766,9263100,40.20000076293945,39.529998779296875,34.176483154296875
27-03-2020,34.880001068115234,37.83000183105469,10078900,38.38999938964844,36.0,31.12454605102539
30-03-2020,33.52000045776367,35.0099983215332,9148200,35.470001220703125,34.97999954223633,30.242687225341797
31-03-2020,35.18000030517578,36.900001525878906,7816000,38.61000061035156,35.91999816894531,31.055377960205078
01-04-2020,33.54999923706055,34.56999969482422,6250300,35.470001220703125,34.599998474121094,29.914148330688477
02-04-2020,36.290000915527344,36.630001068115234,12694000,43.45000076293945,38.29999923706055,33.11306381225586
03-04-2020,38.43000030517578,40.0,13593900,41.290000915527344,39.88999938964844,34.487728118896484
06-04-2020,37.65999984741211,40.68000030517578,9030700,40.939998626708984,39.43000030517578,34.090030670166016
07-04-2020,40.61000061035156,42.0,7531800,42.939998626708984,41.33000183105469,35.73270797729492
08-04-2020,42.16999816894531,42.2599983215332,7217500,45.38999938964844,45.290000915527344,39.156410217285156
09-04-2020,42.54999923706055,47.25,10998400,47.58000183105469,44.81999969482422,38.750057220458984
13-04-2020,42.7400016784668,46.20000076293945,5758200,46.97999954223633,43.290000915527344,37.427276611328125
14-04-2020,41.77000045776367,42.849998474121094,5410700,43.47999954223633,42.22999954223633,36.51082229614258
15-04-2020,38.779998779296875,39.369998931884766,6256000,40.400001525878906,39.88999938964844,34.79671859741211
16-04-2020,36.400001525878906,39.54999923706055,6638800,39.650001525878906,36.52000045776367,31.857011795043945
17-04-2020,37.4900016784668,37.54999923706055,10886100,42.130001068115234,41.84000015258789,36.497745513916016
20-04-2020,38.84000015258789,39.029998779296875,6680800,43.029998779296875,41.16999816894531,35.91328811645508
21-04-2020,39.27000045776367,39.27000045776367,6313900,41.63999938964844,40.5,35.32883071899414
22-04-2020,41.59000015258789,42.689998626708984,5273600,43.33000183105469,43.150001525878906,37.64047622680664
23-04-2020,44.08000183105469,45.25,7565400,46.119998931884766,44.220001220703125,38.573856353759766
24-04-2020,42.810001373291016,45.0,5192300,45.33000183105469,43.36000061035156,37.82366180419922
27-04-2020,42.04999923706055,42.86000061035156,4777200,45.08000183105469,44.540000915527344,38.852996826171875
28-04-2020,44.5,46.040000915527344,4409600,46.810001373291016,44.97999954223633,39.236820220947266
29-04-2020,45.470001220703125,47.20000076293945,6661500,47.900001525878906,47.720001220703125,41.6269645690918
30-04-2020,45.86000061035156,47.79999923706055,5449300,49.11000061035156,47.5099983215332,41.44377517700195
01-05-2020,43.84000015258789,46.13999938964844,5699200,46.959999084472656,44.56999969482422,38.87916946411133
04-05-2020,43.2599983215332,43.5,7710200,46.79999923706055,46.7400016784668,40.7720947265625
05-05-2020,45.70000076293945,48.5,7181600,49.20000076293945,46.04999923706055,40.17019271850586
06-05-2020,45.599998474121094,46.13999938964844,3247100,47.08000183105469,45.84000015258789,39.98701095581055
07-05-2020,47.38999938964844,47.56999969482422,5907500,49.40999984741211,48.310001373291016,42.141632080078125
08-05-2020,48.459999084472656,49.29999923706055,7284300,51.5099983215332,51.45000076293945,44.880706787109375
11-05-2020,49.5,50.7400016784668,5279100,51.970001220703125,49.84000015258789,43.47628402709961
12-05-2020,48.709999084472656,50.0099983215332,5286000,50.540000915527344,49.720001220703125,43.37160110473633
13-05-2020,47.54999923706055,49.45000076293945,5768000,49.45000076293945,48.20000076293945,42.04568099975586
14-05-2020,45.90999984741211,47.13999938964844,5903800,48.959999084472656,47.560001373291016,41.487396240234375
15-05-2020,46.939998626708984,47.09000015258789,4004800,48.810001373291016,47.68000030517578,41.59206771850586
18-05-2020,50.0099983215332,50.5,6340600,52.68000030517578,52.439998626708984,45.74429702758789
19-05-2020,50.58000183105469,52.290000915527344,3559100,52.77000045776367,50.65999984741211,44.19157791137695
20-05-2020,51.5099983215332,51.650001525878906,3303600,53.38999938964844,52.650001525878906,45.927486419677734
21-05-2020,51.61000061035156,52.95000076293945,3881100,53.560001373291016,52.31999969482422,45.63962173461914
22-05-2020,50.95000076293945,52.209999084472656,2500200,52.380001068115234,52.279998779296875,45.60472869873047
26-05-2020,51.29999923706055,54.36000061035156,5685300,54.369998931884766,51.439998626708984,44.871978759765625
27-05-2020,50.33000183105469,52.279998779296875,3968600,52.7400016784668,52.72999954223633,45.99727249145508
28-05-2020,51.310001373291016,52.61000061035156,4688700,53.099998474121094,51.63999938964844,45.04644012451172
29-05-2020,49.93000030517578,51.47999954223633,6602700,51.47999954223633,50.970001220703125,44.461997985839844
01-06-2020,50.0,50.720001220703125,3263900,51.91999816894531,51.810001373291016,45.19473648071289
02-06-2020,52.349998474121094,52.5,4824400,54.849998474121094,54.810001373291016,47.81169128417969
03-06-2020,53.93000030517578,56.11000061035156,4638800,56.2599983215332,55.369998931884766,48.30018997192383
04-06-2020,54.150001525878906,55.0,4361200,55.689998626708984,55.150001525878906,48.10828399658203
05-06-2020,58.220001220703125,59.209999084472656,6327200,59.86000061035156,59.310001373291016,51.73711013793945
08-06-2020,59.099998474121094,61.970001220703125,6075100,62.43000030517578,62.11000061035156,54.17961120605469
09-06-2020,58.650001525878906,59.560001373291016,6336900,61.41999816894531,59.470001220703125,51.8766975402832
10-06-2020,55.599998474121094,58.029998779296875,6349300,58.11000061035156,55.630001068115234,48.52699279785156
11-06-2020,51.06999969482422,51.77000045776367,5890600,54.93000030517578,51.150001525878906,44.61901092529297
12-06-2020,50.65999984741211,53.849998474121094,4552500,54.18000030517578,52.56999969482422,45.857704162597656
15-06-2020,49.27000045776367,49.72999954223633,5415200,52.7400016784668,52.209999084472656,45.543670654296875
16-06-2020,51.900001525878906,54.54999923706055,4660800,54.939998626708984,54.599998474121094,47.628501892089844
17-06-2020,52.439998626708984,54.5,3933500,54.54999923706055,52.47999954223633,45.77919387817383
18-06-2020,51.470001220703125,52.0,3444300,53.84000015258789,52.93000030517578,46.17172622680664
19-06-2020,52.27000045776367,55.439998626708984,7928400,55.4900016784668,52.29999923706055,45.62217330932617
22-06-2020,51.33000183105469,51.9900016784668,3335400,52.81999969482422,52.41999816894531,45.72684097290039
23-06-2020,52.0,53.189998626708984,3850000,53.5,52.459999084472656,45.761741638183594
24-06-2020,48.90999984741211,51.56999969482422,4258300,52.29999923706055,48.95000076293945,42.69990921020508
25-06-2020,48.0099983215332,48.43000030517578,3504500,50.79999923706055,50.72999954223633,44.25263977050781
26-06-2020,48.40999984741211,50.15999984741211,4342700,50.2599983215332,48.7599983215332,42.534183502197266
29-06-2020,48.43000030517578,49.029998779296875,2634100,49.849998474121094,49.650001525878906,43.3105354309082
30-06-2020,48.779998779296875,49.04999923706055,3104900,51.0099983215332,50.65999984741211,44.19157791137695
01-07-2020,49.779998779296875,51.029998779296875,3394800,51.9900016784668,49.86000061035156,43.49372482299805
02-07-2020,50.45000076293945,51.16999816894531,4166400,51.630001068115234,50.52000045776367,44.069454193115234
06-07-2020,49.869998931884766,51.220001220703125,2381400,52.09000015258789,50.40999984741211,43.9734992980957
07-07-2020,48.02000045776367,49.68000030517578,3779700,49.779998779296875,48.11000061035156,41.9671630859375
08-07-2020,47.16999816894531,48.279998779296875,3867400,48.7599983215332,47.439998626708984,41.38271713256836
09-07-2020,44.279998779296875,47.279998779296875,5209700,47.439998626708984,44.34000015258789,38.678531646728516
10-07-2020,44.040000915527344,44.34000015258789,6245700,45.56999969482422,45.400001525878906,39.60319137573242
13-07-2020,44.540000915527344,45.869998931884766,3817700,46.13999938964844,44.95000076293945,39.21064376831055
14-07-2020,44.470001220703125,44.84000015258789,3695600,47.29999923706055,47.279998779296875,41.24314880371094
15-07-2020,46.29999923706055,48.290000915527344,4202100,48.40999984741211,47.459999084472656,41.40016174316406
16-07-2020,46.13999938964844,46.52000045776367,3080100,48.349998474121094,47.81999969482422,42.046417236328125
17-07-2020,46.86000061035156,47.83000183105469,2949500,48.88999938964844,47.15999984741211,41.46609878540039
20-07-2020,46.93000030517578,46.93000030517578,4004100,48.650001525878906,47.70000076293945,41.94091033935547
21-07-2020,48.70000076293945,48.70000076293945,4584300,50.9900016784668,50.41999816894531,44.332515716552734
22-07-2020,49.0099983215332,49.61000061035156,2565000,50.47999954223633,50.189998626708984,44.13027572631836
23-07-2020,48.630001068115234,49.58000183105469,4936400,50.08000183105469,48.849998474121094,42.952056884765625
24-07-2020,48.619998931884766,49.13999938964844,3055000,49.97999954223633,49.040000915527344,43.11913299560547
27-07-2020,48.16999816894531,48.810001373291016,2474800,49.4900016784668,48.560001373291016,42.697078704833984
28-07-2020,47.189998626708984,48.11000061035156,2763300,48.689998626708984,47.27000045776367,41.56282424926758
29-07-2020,46.95000076293945,47.38999938964844,3016100,48.52000045776367,48.5,42.64432144165039
30-07-2020,46.09000015258789,47.34000015258789,3226500,47.689998626708984,46.58000183105469,40.95613479614258
31-07-2020,45.849998474121094,45.90999984741211,2885500,46.880001068115234,46.849998474121094,41.19353103637695
03-08-2020,45.90999984741211,46.86000061035156,4004500,47.06999969482422,46.369998931884766,40.771484375
04-08-2020,46.09000015258789,46.380001068115234,5754300,48.77000045776367,48.459999084472656,42.60914993286133
05-08-2020,49.52000045776367,49.869998931884766,5052800,51.11000061035156,50.75,44.62267303466797
06-08-2020,50.2599983215332,50.40999984741211,3290600,51.08000183105469,50.88999938964844,44.745765686035156
07-08-2020,45.06999969482422,47.0,8528400,49.189998626708984,48.810001373291016,42.91689682006836
10-08-2020,48.63999938964844,48.9900016784668,4088700,50.630001068115234,50.459999084472656,44.367671966552734
11-08-2020,49.22999954223633,52.0,5528600,52.779998779296875,49.41999816894531,43.45323944091797
12-08-2020,48.619998931884766,50.33000183105469,4644300,50.34000015258789,49.09000015258789,43.1630859375
13-08-2020,47.380001068115234,48.77000045776367,3394600,49.150001525878906,47.41999816894531,41.6947135925293
14-08-2020,46.93000030517578,47.349998474121094,3498900,47.97999954223633,47.970001220703125,42.17831039428711
17-08-2020,46.09000015258789,47.900001525878906,4693800,47.900001525878906,46.540000915527344,40.920963287353516
18-08-2020,46.18000030517578,46.31999969482422,3215400,47.18000030517578,46.349998474121094,40.75389862060547
19-08-2020,45.439998626708984,46.20000076293945,2878900,46.560001373291016,45.61000061035156,40.10324478149414
20-08-2020,44.09000015258789,44.959999084472656,4225500,45.29999923706055,44.099998474121094,38.77555465698242
21-08-2020,42.97999954223633,44.08000183105469,4166400,44.119998931884766,43.38999938964844,38.151275634765625
24-08-2020,43.36000061035156,43.709999084472656,6078900,44.970001220703125,44.33000183105469,38.9777946472168
25-08-2020,44.04999923706055,44.97999954223633,3263300,45.130001068115234,44.380001068115234,39.02175521850586
26-08-2020,43.0099983215332,44.2400016784668,3054000,44.36000061035156,43.2599983215332,38.03696823120117
27-08-2020,43.20000076293945,43.61000061035156,5453800,45.099998474121094,44.95000076293945,39.522926330566406
28-08-2020,44.7599983215332,45.310001373291016,3365900,46.25,46.209999084472656,40.63079833984375
31-08-2020,45.0099983215332,46.220001220703125,3017300,46.25,45.34000015258789,39.8658447265625
01-09-2020,44.38999938964844,44.720001220703125,2906400,45.380001068115234,45.209999084472656,39.75153350830078
02-09-2020,43.529998779296875,44.720001220703125,5249900,45.13999938964844,43.70000076293945,38.42384719848633
03-09-2020,42.779998779296875,43.709999084472656,5188200,44.599998474121094,43.130001068115234,37.92266845703125
04-09-2020,42.54999923706055,43.56999969482422,4418300,43.91999816894531,43.13999938964844,37.931461334228516
08-09-2020,40.029998779296875,42.16999816894531,5747100,42.36000061035156,40.83000183105469,35.90036392211914
09-09-2020,40.95000076293945,41.36000061035156,3565000,42.34000015258789,41.86000061035156,36.80600357055664
10-09-2020,37.9900016784668,41.81999969482422,7457200,41.81999969482422,38.0,33.41204071044922
11-09-2020,37.900001525878906,38.47999954223633,5658300,39.189998626708984,39.04999923706055,34.33527755737305
14-09-2020,38.540000915527344,39.310001373291016,5543300,39.7599983215332,39.16999816894531,34.44077682495117
15-09-2020,38.43000030517578,39.5,4791200,39.779998779296875,38.59000015258789,33.93082046508789
16-09-2020,38.650001525878906,38.900001525878906,6553700,41.58000183105469,40.86000061035156,35.92673873901367
17-09-2020,39.560001373291016,39.86000061035156,3900500,41.20000076293945,41.189998626708984,36.21689987182617
18-09-2020,40.310001373291016,40.79999923706055,5865800,41.54999923706055,40.709999084472656,35.794857025146484
21-09-2020,38.290000915527344,39.5,4719900,40.11000061035156,38.810001373291016,34.12425231933594
22-09-2020,37.97999954223633,39.06999969482422,3767800,39.70000076293945,38.45000076293945,33.80771255493164
23-09-2020,36.34000015258789,38.709999084472656,4041400,39.08000183105469,36.380001068115234,31.98763084411621
24-09-2020,35.33000183105469,36.18000030517578,4431700,37.439998626708984,36.650001525878906,32.225040435791016
25-09-2020,36.060001373291016,36.25,3365800,37.79999923706055,37.45000076293945,32.92845916748047
28-09-2020,37.2599983215332,38.369998931884766,4169600,38.369998931884766,37.439998626708984,32.91965103149414
29-09-2020,34.900001525878906,37.2400016784668,7017000,37.470001220703125,36.189998626708984,31.820581436157227
30-09-2020,35.79999923706055,36.439998626708984,6033700,36.7599983215332,35.939998626708984,31.60076141357422
01-10-2020,34.619998931884766,35.33000183105469,5085300,35.81999969482422,34.86000061035156,30.651151657104492
02-10-2020,33.630001068115234,33.790000915527344,5428500,35.220001220703125,34.810001373291016,30.607194900512695
05-10-2020,35.06999969482422,35.459999084472656,4113400,36.4900016784668,36.459999084472656,32.05797576904297
06-10-2020,35.72999954223633,37.18000030517578,6025700,37.720001220703125,35.9900016784668,31.644723892211914
07-10-2020,35.709999084472656,36.0,4513200,36.869998931884766,36.709999084472656,32.27779006958008
08-10-2020,36.66999816894531,37.11000061035156,3714900,37.869998931884766,37.66999816894531,33.121883392333984
09-10-2020,37.16999816894531,37.97999954223633,3398000,38.16999816894531,37.560001373291016,33.025169372558594
12-10-2020,36.65999984741211,37.5099983215332,3806500,38.40999984741211,38.209999084472656,33.5966911315918
13-10-2020,38.4900016784668,38.63999938964844,7808700,40.150001525878906,38.63999938964844,33.974769592285156
14-10-2020,37.599998474121094,38.7599983215332,6919300,39.209999084472656,37.619998931884766,33.077919006347656
15-10-2020,36.15999984741211,36.54999923706055,4791600,38.2400016784668,38.08000183105469,33.81950378417969
16-10-2020,36.650001525878906,37.880001068115234,10261100,39.849998474121094,37.41999816894531,33.23333740234375
19-10-2020,36.15999984741211,37.529998779296875,8378000,37.59000015258789,36.189998626708984,32.14096450805664
20-10-2020,35.25,36.47999954223633,6117800,36.599998474121094,36.279998779296875,32.22089385986328
21-10-2020,35.040000915527344,36.290000915527344,6314500,36.349998474121094,35.119998931884766,31.190675735473633
22-10-2020,34.95000076293945,35.08000183105469,7240100,37.130001068115234,36.93000030517578,32.79816818237305
23-10-2020,36.70000076293945,37.2599983215332,4466200,37.709999084472656,37.5099983215332,33.31327819824219
26-10-2020,34.65999984741211,36.77000045776367,5054900,36.77000045776367,34.93000030517578,31.021934509277344
27-10-2020,34.2599983215332,34.7400016784668,7082400,35.189998626708984,34.58000183105469,30.711090087890625
28-10-2020,31.969999313354492,33.650001525878906,8754600,33.689998626708984,32.5099983215332,28.8726863861084
29-10-2020,31.219999313354492,31.799999237060547,6106000,34.040000915527344,33.970001220703125,30.169342041015625
30-10-2020,33.02000045776367,33.63999938964844,4707300,34.2599983215332,34.2400016784668,30.409137725830078
02-11-2020,33.400001525878906,34.88999938964844,4858500,35.77000045776367,35.150001525878906,31.21731948852539
03-11-2020,34.529998779296875,35.91999816894531,3683700,35.970001220703125,35.02000045776367,31.101865768432617
04-11-2020,34.220001220703125,35.130001068115234,6095200,36.88999938964844,36.040000915527344,32.007747650146484
05-11-2020,35.310001373291016,35.310001373291016,5564100,36.470001220703125,35.599998474121094,31.616968154907227
06-11-2020,34.040000915527344,36.29999923706055,8823500,37.130001068115234,34.58000183105469,30.711090087890625
09-11-2020,39.099998474121094,39.45000076293945,10837900,41.779998779296875,40.310001373291016,35.80000305175781
10-11-2020,39.56999969482422,41.0,6593300,42.25,42.189998626708984,37.469661712646484
11-11-2020,41.27000045776367,42.75,7126700,43.040000915527344,41.90999984741211,37.22099304199219
12-11-2020,40.119998931884766,40.810001373291016,4738900,41.88999938964844,40.4900016784668,35.959869384765625
13-11-2020,40.959999084472656,40.97999954223633,4854100,42.93000030517578,42.66999816894531,37.89596176147461
16-11-2020,43.650001525878906,44.290000915527344,6993000,45.47999954223633,45.349998474121094,40.27610778808594
17-11-2020,43.95000076293945,44.849998474121094,5393500,45.79999923706055,45.66999816894531,40.560306549072266
18-11-2020,44.849998474121094,46.20000076293945,5104300,47.40999984741211,44.93000030517578,39.903106689453125
19-11-2020,44.11000061035156,44.45000076293945,4186700,45.61000061035156,45.459999084472656,40.373809814453125
20-11-2020,44.56999969482422,45.099998474121094,3497200,46.02000045776367,45.38999938964844,40.3116455078125
23-11-2020,46.04999923706055,46.130001068115234,6339600,50.459999084472656,50.380001068115234,44.74334716796875
24-11-2020,51.83000183105469,52.13999938964844,10364300,54.70000076293945,54.41999816894531,48.331329345703125
25-11-2020,53.0,53.880001068115234,7565600,54.779998779296875,53.0,47.07020568847656
27-11-2020,51.130001068115234,52.09000015258789,2187000,53.380001068115234,51.43000030517578,45.67586898803711
30-11-2020,46.720001220703125,50.7599983215332,9701300,50.810001373291016,46.880001068115234,41.63494110107422
01-12-2020,46.45000076293945,48.470001220703125,4337800,48.81999969482422,46.529998779296875,41.32408905029297
02-12-2020,46.310001373291016,46.58000183105469,9378500,49.06999969482422,47.81999969482422,42.46976089477539
03-12-2020,47.720001220703125,48.75,16458000,48.849998474121094,48.16999816894531,42.78060531616211
04-12-2020,49.2599983215332,49.33000183105469,7008400,53.0099983215332,53.0,47.07020568847656
07-12-2020,51.099998474121094,52.279998779296875,5689800,52.66999816894531,51.56999969482422,45.800201416015625
08-12-2020,51.02000045776367,51.720001220703125,4818500,52.22999954223633,52.150001525878906,46.315311431884766
09-12-2020,52.02000045776367,52.83000183105469,6915600,54.5099983215332,52.959999084472656,47.03468322753906
10-12-2020,52.959999084472656,53.0,5231100,55.95000076293945,54.68000030517578,48.5622444152832
11-12-2020,52.849998474121094,54.189998626708984,3929300,54.34000015258789,53.599998474121094,47.60308074951172
14-12-2020,51.880001068115234,54.439998626708984,3937200,54.68000030517578,52.08000183105469,46.253135681152344
15-12-2020,51.650001525878906,52.52000045776367,4081000,53.40999984741211,53.15999984741211,47.212303161621094
16-12-2020,52.41999816894531,53.27000045776367,3417500,53.970001220703125,52.70000076293945,46.803775787353516
17-12-2020,51.5,53.22999954223633,4054000,53.40999984741211,52.150001525878906,46.315311431884766
18-12-2020,51.029998779296875,52.0099983215332,9911100,52.36000061035156,51.77000045776367,45.97782516479492
21-12-2020,48.59000015258789,49.310001373291016,5317800,51.2400016784668,50.08000183105469,44.476905822753906
22-12-2020,48.52000045776367,50.0,5033400,50.0,48.849998474121094,43.38451385498047
23-12-2020,49.279998779296875,49.45000076293945,3660400,50.93000030517578,50.08000183105469,44.476905822753906
24-12-2020,49.040000915527344,50.150001525878906,2128500,50.20000076293945,49.599998474121094,44.05060958862305
28-12-2020,48.790000915527344,49.79999923706055,2594800,50.34000015258789,48.939998626708984,43.464454650878906
29-12-2020,48.20000076293945,49.540000915527344,2027800,49.83000183105469,48.66999816894531,43.224666595458984
30-12-2020,48.34000015258789,48.58000183105469,2324000,50.650001525878906,50.560001373291016,44.90320587158203
31-12-2020,49.529998779296875,50.29999923706055,2407800,50.45000076293945,49.869998931884766,44.290401458740234
04-01-2021,48.599998474121094,50.7599983215332,4406500,50.95000076293945,49.86000061035156,44.281524658203125
05-01-2021,50.369998931884766,50.7400016784668,5624100,55.31999969482422,53.91999816894531,47.88727569580078
06-01-2021,53.72999954223633,54.459999084472656,6350800,56.15999984741211,55.060001373291016,48.89973068237305
07-01-2021,55.25,55.689998626708984,5715300,59.2599983215332,58.619998931884766,52.06142807006836
08-01-2021,57.9900016784668,59.5,5804100,59.689998626708984,58.869998931884766,52.28345489501953
11-01-2021,56.79999923706055,57.43000030517578,5665600,60.029998779296875,59.61000061035156,52.9406623840332
12-01-2021,60.310001373291016,60.70000076293945,5489300,63.029998779296875,62.439998626708984,55.454036712646484
13-01-2021,59.79999923706055,62.130001068115234,3792200,62.34000015258789,60.470001220703125,53.70444869995117
14-01-2021,60.119998931884766,60.290000915527344,3732300,62.970001220703125,62.2400016784668,55.6213493347168
15-01-2021,58.54999923706055,60.939998626708984,4933100,61.040000915527344,59.189998626708984,52.895687103271484
19-01-2021,59.880001068115234,60.2599983215332,2966700,61.22999954223633,60.47999954223633,54.048500061035156
20-01-2021,59.36000061035156,61.04999923706055,2280700,61.25,60.20000076293945,53.79827880859375
21-01-2021,54.970001220703125,60.11000061035156,8526200,60.459999084472656,55.029998779296875,49.178062438964844
22-01-2021,52.939998626708984,53.25,5481100,54.97999954223633,54.86000061035156,49.026145935058594
25-01-2021,52.81999969482422,54.119998931884766,4902800,55.25,55.20000076293945,49.32998275756836
26-01-2021,53.470001220703125,55.84000015258789,3702400,56.779998779296875,53.4900016784668,47.80183792114258
27-01-2021,51.88999938964844,52.720001220703125,7499600,55.4900016784668,55.0099983215332,49.160186767578125
28-01-2021,53.56999969482422,55.52000045776367,7417500,55.900001525878906,53.720001220703125,48.00736999511719
29-01-2021,50.75,53.20000076293945,6691300,53.869998931884766,50.959999084472656,45.54086685180664
01-02-2021,50.08000183105469,51.31999969482422,4710300,52.0,51.33000183105469,45.871524810791016
02-02-2021,50.939998626708984,52.900001525878906,6255100,53.0099983215332,51.2599983215332,45.8089714050293
03-02-2021,51.5,51.83000183105469,5047600,56.0,55.880001068115234,49.937679290771484
04-02-2021,54.72999954223633,56.310001373291016,5451900,57.529998779296875,57.470001220703125,51.35859298706055
05-02-2021,56.43000030517578,58.040000915527344,4029000,58.099998474121094,56.61000061035156,50.59003829956055
08-02-2021,57.31999969482422,57.5099983215332,4079300,59.849998474121094,59.40999984741211,53.09228515625
09-02-2021,57.880001068115234,58.75,3039600,58.93000030517578,58.220001220703125,52.02883529663086
10-02-2021,58.45000076293945,58.5,4959100,60.91999816894531,60.209999084472656,53.807220458984375
11-02-2021,58.15999984741211,60.150001525878906,2973000,60.27000045776367,59.63999938964844,53.29783248901367
12-02-2021,59.029998779296875,59.209999084472656,3317600,61.5,61.02000045776367,54.53108215332031
16-02-2021,62.13999938964844,63.04999923706055,4921900,63.849998474121094,63.099998474121094,56.389888763427734
17-02-2021,61.84000015258789,63.34000015258789,2956500,63.72999954223633,63.540000915527344,56.783103942871094
18-02-2021,60.459999084472656,63.0,3691400,63.13999938964844,60.56999969482422,54.128929138183594
19-02-2021,60.790000915527344,60.790000915527344,3291100,62.560001373291016,62.5099983215332,55.862632751464844
22-02-2021,62.779998779296875,63.0099983215332,4639400,67.27999877929688,66.0999984741211,59.070865631103516
23-02-2021,63.619998931884766,67.30000305175781,4236500,68.16000366210938,67.8499984741211,60.6347770690918
24-02-2021,67.41000366210938,68.1500015258789,6106600,72.86000061035156,72.37000274658203,64.67411041259766
25-02-2021,69.83999633789062,72.4000015258789,5983200,72.83999633789062,70.58999633789062,63.083396911621094
26-02-2021,63.41999816894531,69.25,9258000,69.3499984741211,64.55999755859375,57.69463348388672
01-03-2021,64.12999725341797,65.45999908447266,4853300,65.9800033569336,64.9800033569336,58.069976806640625
02-03-2021,63.95000076293945,64.69000244140625,3593100,65.75,64.47000122070312,57.61421203613281
03-03-2021,64.80000305175781,64.80000305175781,4772200,68.4800033569336,66.98999786376953,59.86623001098633
04-03-2021,67.2300033569336,67.44999694824219,7351600,73.87000274658203,71.43000030517578,63.834068298339844
05-03-2021,71.2699966430664,73.91999816894531,6638200,74.86000061035156,74.58000183105469,66.64910125732422
08-03-2021,72.7699966430664,75.5,6850200,75.80000305175781,74.58999633789062,66.65803527832031
09-03-2021,70.5999984741211,72.98999786376953,5738400,77.1500015258789,73.61000061035156,65.7822494506836
10-03-2021,72.62999725341797,74.0,3712100,75.6500015258789,75.11000061035156,67.12274932861328
11-03-2021,74.66000366210938,75.19999694824219,4167900,76.58999633789062,75.30999755859375,67.30146026611328
12-03-2021,74.2300033569336,75.69999694824219,2958300,75.88999938964844,75.0,67.02444458007812
15-03-2021,72.16999816894531,74.16999816894531,2602400,74.58999633789062,74.36000061035156,66.45249938964844
16-03-2021,70.33000183105469,72.61000061035156,5399900,72.94999694824219,70.6500015258789,63.13702392578125
17-03-2021,69.87999725341797,71.37999725341797,3816900,73.23999786376953,73.19000244140625,65.40692138671875
18-03-2021,68.69999694824219,72.47000122070312,4406400,73.16000366210938,68.9000015258789,61.57311248779297
19-03-2021,68.27999877929688,69.22000122070312,8384500,71.02999877929688,70.08000183105469,62.62763977050781
22-03-2021,67.61000061035156,68.61000061035156,2942000,69.12000274658203,68.2300033569336,60.974369049072266
23-03-2021,66.27999877929688,66.9000015258789,7079700,71.51000213623047,69.6500015258789,62.24336624145508
24-03-2021,71.0,71.01000213623047,5032500,73.47000122070312,72.54000091552734,64.82604217529297
25-03-2021,69.80000305175781,71.05000305175781,4176000,73.1500015258789,73.04000091552734,65.27287292480469
26-03-2021,73.58000183105469,74.44000244140625,4425300,75.0,74.87999725341797,66.91719055175781
29-03-2021,72.48999786376953,74.33999633789062,3264000,74.88999938964844,73.63999938964844,65.80906677246094
30-03-2021,71.38999938964844,72.55000305175781,2614300,73.9000015258789,73.26000213623047,65.469482421875
31-03-2021,72.19000244140625,73.12999725341797,3458300,73.79000091552734,72.52999877929688,64.81710815429688
01-04-2021,72.16000366210938,72.83000183105469,5864000,75.55000305175781,75.33999633789062,67.32828521728516
05-04-2021,70.83000183105469,75.04000091552734,4173300,75.1500015258789,71.79000091552734,64.15579223632812
06-04-2021,72.1500015258789,72.47000122070312,3390600,74.62999725341797,72.30000305175781,64.61155700683594
07-04-2021,72.30000305175781,72.47000122070312,3552300,73.55999755859375,73.30000305175781,65.50523376464844
08-04-2021,70.87999725341797,72.80000305175781,4445200,72.8499984741211,72.19000244140625,64.51325988769531
09-04-2021,71.12999725341797,72.7699966430664,4065700,73.51000213623047,71.7699966430664,64.13790893554688
12-04-2021,70.0999984741211,72.38999938964844,3403700,73.37000274658203,70.0999984741211,62.645511627197266
13-04-2021,69.30999755859375,70.11000061035156,2229500,71.0999984741211,70.4000015258789,62.913604736328125
14-04-2021,71.06999969482422,71.26000213623047,4710200,74.87999725341797,74.12000274658203,66.23802947998047
15-04-2021,72.26000213623047,74.19000244140625,3520900,74.33000183105469,72.83000183105469,65.44988250732422
16-04-2021,70.44000244140625,72.83000183105469,3574700,73.0999984741211,70.51000213623047,63.3649787902832
19-04-2021,70.01000213623047,70.69999694824219,2914900,72.0999984741211,71.29000091552734,64.0659408569336
20-04-2021,67.30000305175781,70.2300033569336,3980900,70.5999984741211,68.56999969482422,61.62156295776367
21-04-2021,67.29000091552734,67.54000091552734,3513700,69.68000030517578,68.95999908447266,61.97205352783203
22-04-2021,67.12999725341797,69.13999938964844,2775800,69.19000244140625,68.3499984741211,61.42385482788086
23-04-2021,68.27999877929688,68.63999938964844,2181700,69.88999938964844,69.05999755859375,62.06191635131836
26-04-2021,68.79000091552734,68.9000015258789,2601700,70.38999938964844,69.83000183105469,62.75387954711914
27-04-2021,69.75,70.04000091552734,2808800,72.02999877929688,71.68000030517578,64.41641235351562
28-04-2021,72.22000122070312,72.22000122070312,4677600,75.44000244140625,74.9800033569336,67.38201904296875
29-04-2021,74.93000030517578,76.4000015258789,2863400,77.05000305175781,75.93000030517578,68.2357406616211
30-04-2021,73.5199966430664,74.43000030517578,2467600,76.2300033569336,73.63999938964844,66.17781066894531
03-05-2021,74.1500015258789,74.62000274658203,3324600,76.0199966430664,75.97000122070312,68.2717056274414
04-05-2021,74.72000122070312,76.1500015258789,4649200,76.69000244140625,75.01000213623047,67.40896606445312
05-05-2021,75.5,76.48999786376953,7966700,78.16000366210938,76.70999908447266,68.93670654296875
06-05-2021,74.66999816894531,76.7300033569336,4740500,77.20999908447266,76.9800033569336,69.17935943603516
07-05-2021,76.80000305175781,77.33000183105469,7297400,83.27999877929688,83.0999984741211,74.67918395996094
10-05-2021,83.68000030517578,84.72000122070312,5567800,86.5999984741211,84.55000305175781,75.98225402832031
11-05-2021,80.4800033569336,82.76000213623047,4977900,82.9800033569336,82.13999938964844,73.81647491455078
12-05-2021,81.06999969482422,83.23999786376953,4693900,84.19999694824219,81.36000061035156,73.1155014038086
13-05-2021,78.08000183105469,80.70999908447266,3427200,81.37000274658203,79.58000183105469,71.51588439941406
14-05-2021,80.54000091552734,80.55000305175781,4042600,83.0199966430664,82.5999984741211,74.22985076904297
17-05-2021,81.83999633789062,81.83999633789062,3833000,85.12999725341797,85.0999984741211,76.47653198242188
18-05-2021,82.81999969482422,85.51000213623047,3345800,85.80999755859375,82.97000122070312,74.5623550415039
19-05-2021,78.83000183105469,80.55999755859375,4041300,82.05000305175781,80.54000091552734,72.37861633300781
20-05-2021,78.70999908447266,80.5999984741211,3306500,81.05999755859375,80.5199966430664,72.3606185913086
21-05-2021,79.98999786376953,81.45999908447266,2782900,82.2300033569336,80.06999969482422,71.95623016357422
24-05-2021,78.83999633789062,80.88999938964844,4270800,80.94000244140625,80.13999938964844,72.01914978027344
25-05-2021,78.56999969482422,80.25,4786200,80.87000274658203,78.68000030517578,70.70707702636719
26-05-2021,77.94000244140625,78.93000030517578,3877200,79.91000366210938,79.5999984741211,71.53385162353516
27-05-2021,79.44000244140625,80.54000091552734,6086000,81.37000274658203,80.33000183105469,72.18987274169922
28-05-2021,79.9000015258789,80.44999694824219,2062200,80.98999786376953,80.33999633789062,72.19886016845703
01-06-2021,82.55999755859375,82.58000183105469,4135200,85.2300033569336,84.58999633789062,76.01820373535156
02-06-2021,83.25,84.83000183105469,3547500,86.02999877929688,85.2699966430664,76.62928771972656
03-06-2021,84.70999908447266,85.41999816894531,3658200,87.41000366210938,86.80999755859375,78.01325225830078
04-06-2021,85.6500015258789,87.2699966430664,3128600,87.9000015258789,87.45999908447266,78.59737396240234
07-06-2021,86.80999755859375,87.18000030517578,2670200,87.98999786376953,87.02999877929688,78.2109375
08-06-2021,84.33999633789062,85.16999816894531,3018800,87.69999694824219,87.38999938964844,78.53446960449219
09-06-2021,85.76000213623047,87.5,3154800,87.94000244140625,85.80999755859375,77.11457061767578
10-06-2021,84.83999633789062,87.37000274658203,3122100,87.5199966430664,86.16999816894531,77.43810272216797
11-06-2021,85.19999694824219,86.94000244140625,3977200,87.69999694824219,85.44000244140625,76.78207397460938
14-06-2021,84.06999969482422,86.04000091552734,3574100,87.33999633789062,84.86000061035156,76.26083374023438
15-06-2021,84.4800033569336,85.02999877929688,4392200,86.30000305175781,85.5999984741211,76.92586517333984
16-06-2021,83.66000366210938,85.4800033569336,3806800,86.05000305175781,84.70999908447266,76.12602996826172
17-06-2021,79.72000122070312,84.66999816894531,4582200,85.47000122070312,81.43000030517578,73.17839813232422
18-06-2021,78.80000305175781,79.80999755859375,9421200,81.30000305175781,79.30999755859375,71.27324676513672
21-06-2021,80.5999984741211,80.75,4966500,85.08000183105469,84.98999786376953,76.37767028808594
22-06-2021,83.4000015258789,84.94000244140625,3187400,85.55000305175781,84.94999694824219,76.34171295166016
23-06-2021,85.61000061035156,85.87999725341797,2601300,87.7699966430664,85.69999694824219,77.01571655273438
24-06-2021,84.37000274658203,85.20999908447266,2754800,86.12999725341797,86.08999633789062,77.36619567871094
25-06-2021,85.56999969482422,86.69999694824219,4754600,87.69999694824219,87.6500015258789,78.76812744140625
28-06-2021,82.48999786376953,87.01000213623047,4471800,87.01000213623047,82.97000122070312,74.5623550415039
29-06-2021,81.97000122070312,83.4800033569336,2944600,84.48999786376953,82.30999755859375,73.96923828125
30-06-2021,82.66999816894531,83.13999938964844,5392400,84.41000366210938,83.44000244140625,74.9847412109375
01-07-2021,84.5999984741211,85.88999938964844,4409600,86.37999725341797,85.98999786376953,77.27632904052734
02-07-2021,84.38999938964844,85.5999984741211,2884000,86.30999755859375,85.7699966430664,77.0786361694336
06-07-2021,83.12000274658203,85.7699966430664,3776900,86.0,83.72000122070312,75.23636627197266
07-07-2021,80.63999938964844,83.41999816894531,4430300,84.20999908447266,81.08999633789062,72.87287139892578
08-07-2021,79.55999755859375,80.11000061035156,6314800,81.62999725341797,79.88999938964844,71.79446411132812
09-07-2021,79.80000305175781,81.38999938964844,6362100,82.7699966430664,82.58999633789062,74.22087860107422
12-07-2021,80.91000366210938,81.4000015258789,3387600,83.87000274658203,83.30000305175781,74.85893249511719
13-07-2021,82.12999725341797,82.70999908447266,3512800,83.55999755859375,82.7300033569336,74.3466796875
14-07-2021,79.22000122070312,83.56999969482422,3745600,84.33000183105469,79.66000366210938,71.58778381347656
15-07-2021,75.75,76.73999786376953,6226800,78.63999938964844,76.19000244140625,69.70584106445312
16-07-2021,73.61000061035156,77.12000274658203,3652400,77.33999633789062,73.91000366210938,67.619873046875
19-07-2021,69.41999816894531,71.5,6348300,72.44000244140625,70.33999633789062,64.35369873046875
20-07-2021,69.30000305175781,70.0,7228100,72.45999908447266,71.5,65.41497802734375
21-07-2021,72.41999816894531,73.19999694824219,8755800,74.86000061035156,74.19000244140625,67.87605285644531
22-07-2021,72.93000030517578,74.3499984741211,3059200,74.54000091552734,73.69999694824219,67.427734375
23-07-2021,71.58000183105469,73.43000030517578,3889300,73.66999816894531,72.51000213623047,66.33902740478516
26-07-2021,72.55999755859375,72.77999877929688,4237500,74.5999984741211,74.16999816894531,67.85774230957031
27-07-2021,71.62999725341797,73.4000015258789,4977300,73.4000015258789,72.7300033569336,66.5403060913086
28-07-2021,71.69999694824219,73.27999877929688,3546100,73.80000305175781,73.30000305175781,67.06179809570312
29-07-2021,72.80000305175781,74.16000366210938,4442900,74.25,73.70999908447266,67.43689727783203
30-07-2021,72.08000183105469,73.16999816894531,4708500,73.3499984741211,72.86000061035156,66.65924072265625
02-08-2021,71.37999725341797,72.83000183105469,5653200,74.38999938964844,71.62000274658203,65.5247573852539
03-08-2021,70.87999725341797,71.37999725341797,4718300,74.29000091552734,73.68000030517578,67.40943908691406
04-08-2021,70.5,71.83000183105469,4964400,73.04000091552734,70.73999786376953,64.71966552734375
05-08-2021,69.76000213623047,71.12999725341797,6534100,71.95999908447266,70.73999786376953,64.71966552734375
06-08-2021,70.61000061035156,71.83000183105469,4560900,72.16999816894531,70.93000030517578,64.89347839355469
09-08-2021,68.86000061035156,69.5999984741211,3909300,70.61000061035156,69.37999725341797,63.475406646728516
10-08-2021,67.9800033569336,69.63999938964844,16155800,70.31999969482422,68.7300033569336,62.88072204589844
11-08-2021,68.0199966430664,68.86000061035156,7844900,69.87999725341797,69.45999908447266,63.5485954284668
12-08-2021,68.69999694824219,69.54000091552734,3905000,70.0,69.79000091552734,63.85050582885742
13-08-2021,67.95999908447266,69.83000183105469,2509200,69.8499984741211,68.0,62.21284103393555
16-08-2021,65.83000183105469,66.9800033569336,3657800,67.4000015258789,65.91999816894531,60.30986404418945
17-08-2021,65.3499984741211,65.5,4609300,66.83999633789062,65.97000122070312,60.355613708496094
18-08-2021,65.2300033569336,65.94000244140625,5504100,67.55000305175781,65.36000061035156,59.79752731323242
19-08-2021,62.810001373291016,64.33000183105469,5467600,65.44000244140625,64.26000213623047,58.791141510009766
20-08-2021,63.25,63.459999084472656,3554000,65.0,64.47000122070312,58.983272552490234
23-08-2021,66.33999633789062,66.87000274658203,4195000,68.04000091552734,67.63999938964844,61.88347244262695
24-08-2021,67.47000122070312,68.16000366210938,3638900,68.81999969482422,68.44999694824219,62.624534606933594
25-08-2021,67.7699966430664,68.55000305175781,2362900,69.29000091552734,68.7300033569336,62.88072204589844
26-08-2021,67.0199966430664,68.0199966430664,3247400,68.3499984741211,67.43000030517578,61.69135665893555
27-08-2021,68.4000015258789,68.4000015258789,3440800,70.41000366210938,69.62999725341797,63.704124450683594
30-08-2021,67.36000061035156,68.8499984741211,4614000,69.36000061035156,67.38999938964844,61.65476989746094
31-08-2021,66.66999816894531,67.36000061035156,4744100,68.20999908447266,67.5199966430664,61.77368927001953
01-09-2021,66.05000305175781,67.72000122070312,3737900,68.0199966430664,66.36000061035156,60.71241760253906
02-09-2021,66.93000030517578,67.0,3541100,69.5199966430664,68.36000061035156,62.542205810546875
03-09-2021,67.20999908447266,68.01000213623047,2450200,68.55000305175781,67.98999786376953,62.20370101928711
07-09-2021,66.94999694824219,67.31999969482422,2274100,68.31999969482422,67.66999816894531,61.91092300415039
08-09-2021,66.8499984741211,68.27999877929688,2927300,68.55999755859375,67.18000030517578,61.46262741088867
09-09-2021,66.08000183105469,66.66999816894531,3286600,68.19999694824219,67.3499984741211,61.618167877197266
10-09-2021,66.97000122070312,68.48999786376953,2768900,68.91999816894531,67.13999938964844,61.4260368347168
13-09-2021,69.08000183105469,69.13999938964844,5099500,71.37999725341797,70.08999633789062,64.1249771118164
14-09-2021,69.16999816894531,70.7300033569336,4747900,70.94999694824219,69.5199966430664,63.60347366333008
15-09-2021,71.0199966430664,71.18000030517578,8412500,75.52999877929688,75.30999755859375,68.90071868896484
16-09-2021,73.4000015258789,74.80999755859375,4326800,75.44999694824219,73.97000122070312,67.67477416992188
17-09-2021,73.48999786376953,74.04000091552734,6397200,74.93000030517578,74.25,67.93094635009766
20-09-2021,70.41000366210938,71.87999725341797,5227600,72.91000366210938,71.52999877929688,65.44242095947266
21-09-2021,71.37999725341797,72.5,3871000,73.16000366210938,72.20999908447266,66.06455993652344
22-09-2021,72.76000213623047,72.76000213623047,4775400,75.33000183105469,74.5999984741211,68.25115203857422
23-09-2021,74.4800033569336,74.91999816894531,3893800,77.05000305175781,76.87000274658203,70.32796478271484
24-09-2021,76.0199966430664,76.29000091552734,5126200,78.87000274658203,78.0999984741211,71.45329284667969
27-09-2021,80.29000091552734,80.44999694824219,5002000,82.41000366210938,81.80999755859375,74.84754943847656
28-09-2021,81.33000183105469,82.95999908447266,5830500,83.4800033569336,81.7300033569336,74.77436065673828
29-09-2021,80.4800033569336,81.70999908447266,4809400,83.5999984741211,82.56999969482422,75.54286193847656
30-09-2021,79.91000366210938,82.33999633789062,6709300,82.38999938964844,80.2699966430664,73.4385986328125
01-10-2021,81.01000213623047,81.0999984741211,5179400,84.13999938964844,83.91000366210938,76.7688217163086
04-10-2021,84.62999725341797,85.0,6252600,87.79000091552734,86.4000015258789,79.04690551757812
05-10-2021,86.75,87.7699966430664,6931000,89.4800033569336,87.0999984741211,79.68733978271484
06-10-2021,84.06999969482422,85.80000305175781,5049100,87.05999755859375,86.56999969482422,79.20245361328125
07-10-2021,85.06999969482422,86.45999908447266,4286200,86.80000305175781,85.79000091552734,78.48882293701172
08-10-2021,86.80000305175781,86.80000305175781,4848700,90.91000366210938,90.52999877929688,82.82543182373047
11-10-2021,90.04000091552734,92.30000305175781,4611400,93.06999969482422,90.16000366210938,82.48692321777344
12-10-2021,89.37999725341797,89.81999969482422,4565100,91.94000244140625,90.12000274658203,82.45030975341797
13-10-2021,88.02999877929688,88.98999786376953,4415900,91.58999633789062,90.41000366210938,82.71564483642578
14-10-2021,88.54000091552734,90.54000091552734,3583100,91.30000305175781,90.56999969482422,83.24227142333984
15-10-2021,89.54000091552734,91.83000183105469,3179500,91.88999938964844,89.62000274658203,82.369140625
18-10-2021,88.58999633789062,90.36000061035156,4664400,91.94000244140625,89.30999755859375,82.08422088623047
19-10-2021,88.0999984741211,89.41000366210938,2821100,90.8499984741211,90.16000366210938,82.8654556274414
20-10-2021,89.04000091552734,89.51000213623047,3799100,93.43000030517578,93.0999984741211,85.56758117675781
21-10-2021,89.88999938964844,91.97000122070312,3464400,92.7300033569336,90.9000015258789,83.54558563232422
22-10-2021,90.6500015258789,91.58000183105469,2202600,92.4000015258789,92.0,84.55658721923828
25-10-2021,92.83999633789062,93.5,3849100,94.73999786376953,94.04000091552734,86.43153381347656
26-10-2021,93.83999633789062,94.54000091552734,2617600,95.63999938964844,95.0,87.31387329101562
27-10-2021,92.33999633789062,93.5199966430664,3992200,94.6500015258789,93.04000091552734,85.512451171875
28-10-2021,92.41999816894531,92.44999694824219,2284600,94.0199966430664,93.80999755859375,86.22014617919922
29-10-2021,91.83999633789062,93.5199966430664,2293900,94.5999984741211,92.45999908447266,84.97936248779297
01-11-2021,92.51000213623047,93.63999938964844,3190600,94.20999908447266,93.45999908447266,85.89846801757812
02-11-2021,92.20999908447266,92.7300033569336,2327300,94.19000244140625,92.81999969482422,85.31024169921875
03-11-2021,90.1500015258789,91.56999969482422,4917500,93.11000061035156,90.94999694824219,83.59153747558594
04-11-2021,90.12999725341797,92.58000183105469,5006500,93.62999725341797,90.9000015258789,83.54558563232422
05-11-2021,92.87999725341797,94.97000122070312,7202000,96.19000244140625,95.12000274658203,87.42416381835938
08-11-2021,95.80999755859375,96.22000122070312,3487300,98.19999694824219,96.98999786376953,89.14286804199219
09-11-2021,94.80999755859375,96.87000274658203,2439400,97.47000122070312,97.11000061035156,89.25315856933594
10-11-2021,93.02999877929688,96.2300033569336,4271500,96.41999816894531,94.29000091552734,86.66130828857422
11-11-2021,94.7300033569336,94.7300033569336,3068600,96.31999969482422,94.91999816894531,87.2403335571289
12-11-2021,94.29000091552734,94.48999786376953,3539500,96.02999877929688,94.83999633789062,87.16680145263672
15-11-2021,92.31999969482422,94.44999694824219,6183400,94.70999908447266,93.19999694824219,85.65950775146484
16-11-2021,91.83999633789062,93.61000061035156,4718800,93.80000305175781,91.9000015258789,84.46468353271484
17-11-2021,89.20999908447266,90.70999908447266,6058000,92.4800033569336,90.08000183105469,82.79194641113281
18-11-2021,88.56999969482422,89.91999816894531,4543000,91.0,89.62000274658203,82.369140625
19-11-2021,85.31999969482422,87.94000244140625,5732400,88.0,85.68000030517578,78.74791717529297
22-11-2021,85.5999984741211,85.5999984741211,6530400,88.2699966430664,86.70999908447266,79.69457244873047
23-11-2021,88.2300033569336,88.55000305175781,4901700,91.8499984741211,91.76000213623047,84.33601379394531
24-11-2021,90.91999816894531,90.91999816894531,3049700,93.43000030517578,93.05000305175781,85.52163696289062
26-11-2021,84.69999694824219,87.83000183105469,4738200,88.19999694824219,87.41999816894531,80.34713745117188
29-11-2021,88.18000030517578,90.44000244140625,4061700,91.5199966430664,88.38999938964844,81.23865509033203
30-11-2021,86.0,87.02999877929688,7858200,89.0999984741211,87.0,79.96112823486328
01-12-2021,85.2300033569336,89.43000030517578,5594600,89.94000244140625,85.3499984741211,78.44461822509766
02-12-2021,83.25,84.75,5674200,87.05000305175781,86.55999755859375,79.55671691894531
03-12-2021,85.1500015258789,88.63999938964844,5592900,89.0999984741211,85.98999786376953,79.03282165527344
06-12-2021,86.80999755859375,88.0,3091200,89.12000274658203,87.56999969482422,80.4850082397461
07-12-2021,88.93000030517578,89.0,4748700,91.91999816894531,90.55999755859375,83.23309326171875
08-12-2021,89.19000244140625,90.7300033569336,3109200,91.30000305175781,90.08000183105469,82.79194641113281
09-12-2021,88.2300033569336,89.76000213623047,3957600,89.91000366210938,88.87999725341797,81.68901062011719
10-12-2021,87.30999755859375,89.91000366210938,3615200,89.98999786376953,89.68000030517578,82.4242935180664
13-12-2021,86.81999969482422,88.80000305175781,3999100,89.5199966430664,88.02999877929688,80.90778350830078
14-12-2021,84.43000030517578,85.41000366210938,3412400,86.48999786376953,85.30000305175781,80.22124481201172
15-12-2021,82.06999969482422,85.62999725341797,3148500,85.69000244140625,84.80999755859375,79.76041412353516
16-12-2021,85.44999694824219,85.86000061035156,5108400,88.5199966430664,86.19000244140625,81.05826568603516
17-12-2021,83.47000122070312,85.81999969482422,9057600,85.83000183105469,84.0,78.9986572265625
20-12-2021,80.66999816894531,81.80000305175781,2937500,83.62999725341797,83.58000183105469,78.6036605834961
21-12-2021,84.31999969482422,84.4800033569336,3089500,86.63999938964844,86.3499984741211,81.20872497558594
22-12-2021,84.87999725341797,86.22000122070312,2713900,87.94999694824219,87.22000122070312,82.02693176269531
23-12-2021,86.87000274658203,87.25,2458300,88.2300033569336,87.18000030517578,81.98931121826172
27-12-2021,86.04000091552734,86.98999786376953,2714800,90.81999969482422,90.77999877929688,85.3749771118164
28-12-2021,89.08000183105469,91.4000015258789,2307900,91.63999938964844,90.22000122070312,84.84831237792969
29-12-2021,89.25,89.87999725341797,2053100,91.06999969482422,89.8499984741211,84.50032806396484
30-12-2021,89.08000183105469,89.9800033569336,2228300,90.75,89.18000030517578,83.8702392578125
31-12-2021,88.43000030517578,88.88999938964844,2062300,89.56999969482422,88.83000183105469,83.54106903076172
03-01-2022,88.29000091552734,88.33000183105469,2997400,91.22000122070312,91.16000366210938,85.73233795166016
04-01-2022,91.6500015258789,92.05000305175781,5716500,96.2699966430664,95.3499984741211,89.67288208007812
05-01-2022,93.55000305175781,97.0,6632100,97.33000183105469,93.5999984741211,88.02706146240234
06-01-2022,94.56999969482422,97.25,5254700,97.4000015258789,95.5199966430664,89.8327407836914
07-01-2022,94.88999938964844,96.01000213623047,6277800,98.2699966430664,98.16000366210938,92.31556701660156
10-01-2022,96.02999877929688,98.36000061035156,5381700,99.30999755859375,98.05999755859375,92.22151184082031
11-01-2022,97.43000030517578,99.3499984741211,4866400,102.44000244140625,102.19999694824219,96.11502075195312
12-01-2022,101.25,103.29000091552734,3953900,103.5,102.7699966430664,96.65108489990234
13-01-2022,100.62000274658203,101.5,3469200,103.3499984741211,102.0,96.63213348388672
14-01-2022,102.12999725341797,102.12999725341797,4981800,106.0199966430664,105.62999725341797,100.07111358642578
18-01-2022,104.31999969482422,107.5999984741211,6205400,107.98999786376953,105.66999816894531,100.1090087890625
19-01-2022,103.05000305175781,106.77999877929688,4935500,107.16999816894531,105.12999725341797,99.59741973876953
20-01-2022,103.05000305175781,103.73999786376953,4863500,107.81999969482422,103.5,98.0531997680664
21-01-2022,99.44999694824219,102.38999938964844,3801600,102.54000091552734,100.62999725341797,95.33423614501953
24-01-2022,95.93000030517578,97.5199966430664,5916700,103.04000091552734,102.30999755859375,96.92581939697266
25-01-2022,99.36000061035156,102.25,4764900,107.69999694824219,106.94000244140625,101.31217193603516
26-01-2022,106.06999969482422,107.66999816894531,5122500,109.9000015258789,107.52999877929688,101.8711166381836
27-01-2022,107.75,109.66999816894531,6217600,111.27999877929688,109.75,103.97429656982422
28-01-2022,107.41999816894531,109.75,3832600,110.94999694824219,109.69999694824219,103.92692565917969
31-01-2022,107.68000030517578,110.52999877929688,5685000,113.19999694824219,111.4800033569336,105.61325073242188
01-02-2022,109.97000122070312,110.18000030517578,4590900,114.93000030517578,113.18000030517578,107.2237777709961
02-02-2022,109.26000213623047,112.54000091552734,4368300,113.26000213623047,112.91999816894531,106.97746276855469
03-02-2022,109.94999694824219,112.25,3569000,112.97000122070312,111.77999877929688,105.8974609375
04-02-2022,112.93000030517578,113.30999755859375,3708300,116.52999877929688,113.69999694824219,107.71642303466797
07-02-2022,111.41000366210938,113.33999633789062,3282800,116.29000091552734,114.69000244140625,108.6543197631836
08-02-2022,109.56999969482422,113.4000015258789,5698400,113.61000061035156,111.52999877929688,105.66061401367188
09-02-2022,111.12000274658203,111.45999908447266,2969100,114.23999786376953,113.30999755859375,107.34693145751953
10-02-2022,111.8499984741211,112.4000015258789,3861900,115.45999908447266,112.66000366210938,106.73114776611328
11-02-2022,113.12999725341797,113.7300033569336,4732900,116.88999938964844,116.75,110.60591125488281
14-02-2022,112.4000015258789,116.01000213623047,3960500,116.44999694824219,113.41000366210938,107.44168090820312
15-02-2022,108.43000030517578,109.6500015258789,4001700,111.19000244140625,110.9000015258789,105.06376647949219
16-02-2022,110.87999725341797,112.08000183105469,4041100,114.30999755859375,111.7699966430664,105.88798522949219
17-02-2022,111.13999938964844,111.51000213623047,3049700,114.05999755859375,112.5999984741211,106.67430114746094
18-02-2022,110.44999694824219,110.56999969482422,3315500,112.76000213623047,111.62000274658203,105.74588775634766
22-02-2022,108.0,116.87000274658203,4658600,116.97000122070312,109.52999877929688,103.765869140625
23-02-2022,108.87999725341797,110.36000061035156,4606600,111.55000305175781,110.33000183105469,104.52376556396484
24-02-2022,106.2699966430664,113.0,6777900,113.19000244140625,110.0999984741211,104.30586242675781
25-02-2022,105.8499984741211,111.23999786376953,10111300,112.25,107.27999877929688,101.63427734375
28-02-2022,107.83999633789062,109.04000091552734,7794000,115.05000305175781,114.91999816894531,108.87220001220703
01-03-2022,114.37999725341797,116.0,6225200,117.44000244140625,116.41000366210938,110.28379821777344
02-03-2022,115.87999725341797,118.0,4287700,118.94999694824219,116.73999786376953,110.59642791748047
03-03-2022,114.5999984741211,115.61000061035156,4147300,117.87999725341797,116.29000091552734,110.17012023925781
04-03-2022,116.30999755859375,116.68000030517578,4902500,120.52999877929688,118.75,112.50065612792969
07-03-2022,116.54000091552734,120.0199966430664,5521300,121.77999877929688,120.1500015258789,113.82698059082031
08-03-2022,113.01000213623047,122.0,7619900,122.5,117.80999755859375,111.61012268066406
09-03-2022,111.52999877929688,114.3499984741211,5747700,116.3499984741211,113.7699966430664,107.78272247314453
10-03-2022,113.98999786376953,115.37000274658203,5386900,120.56999969482422,119.87999725341797,113.5711898803711
11-03-2022,115.30000305175781,117.81999969482422,3963600,119.30999755859375,116.68000030517578,110.53958892822266
14-03-2022,111.83999633789062,118.11000061035156,6270500,118.70999908447266,115.83999633789062,110.69247436523438
15-03-2022,110.0,110.20999908447266,5415200,114.98999786376953,113.81999969482422,108.76224517822266
16-03-2022,111.37999725341797,113.29000091552734,4953600,113.77999877929688,113.0,107.97868347167969
17-03-2022,114.30000305175781,115.0,4230000,118.5,117.87000274658203,112.63227081298828
18-03-2022,113.76000213623047,118.68000030517578,25284700,120.3499984741211,115.80000305175781,110.65425872802734
21-03-2022,117.80999755859375,117.80999755859375,4776200,123.19000244140625,122.45999908447266,117.018310546875
22-03-2022,118.94000244140625,122.12000274658203,3664300,122.54000091552734,120.83000183105469,115.46074676513672
23-03-2022,122.45999908447266,124.4000015258789,3344100,124.88999938964844,123.55000305175781,118.05987548828125
24-03-2022,120.4000015258789,123.3499984741211,2952500,123.72000122070312,121.01000213623047,115.63275146484375
25-03-2022,120.12000274658203,120.12000274658203,3124600,124.54000091552734,124.51000213623047,118.97722625732422
28-03-2022,119.70999908447266,121.83999633789062,2955600,122.55000305175781,120.86000061035156,115.48941040039062
29-03-2022,115.75,117.54000091552734,3106500,120.87999725341797,120.62999725341797,115.26962280273438
30-03-2022,120.43000030517578,121.69999694824219,2788700,123.31999969482422,121.08999633789062,115.70918273925781
31-03-2022,119.22000122070312,120.87999725341797,4036000,123.87999725341797,119.2300033569336,113.93183898925781
01-04-2022,118.75,119.27999877929688,2258000,121.47000122070312,120.33000183105469,114.98295593261719
04-04-2022,119.1500015258789,121.43000030517578,1807200,122.0,120.83000183105469,115.46074676513672
05-04-2022,117.66000366210938,120.94999694824219,2335100,122.43000030517578,117.83000183105469,112.59405517578125
06-04-2022,117.11000061035156,119.9000015258789,2847600,121.18000030517578,118.44999694824219,113.1865005493164
07-04-2022,116.91999816894531,120.0199966430664,3053800,121.0,120.62000274658203,115.26007080078125
08-04-2022,121.77999877929688,122.0,4534900,127.94999694824219,126.87999725341797,121.24189758300781
11-04-2022,120.91999816894531,125.5199966430664,3342800,125.5199966430664,121.33999633789062,115.94807434082031
12-04-2022,123.69999694824219,123.80000305175781,2993900,127.20999908447266,124.56999969482422,119.03455352783203
13-04-2022,121.5999984741211,124.87000274658203,4314900,125.68000030517578,123.55999755859375,118.78459930419922
14-04-2022,122.30999755859375,123.0,3332000,123.91999816894531,122.94000244140625,118.18856811523438
18-04-2022,122.62999725341797,124.23999786376953,4338100,125.22000122070312,123.31999969482422,118.55387878417969
19-04-2022,121.08000183105469,122.93000030517578,4861600,124.3499984741211,121.76000213623047,117.05416870117188
20-04-2022,121.70999908447266,123.0,3273900,123.37999725341797,122.69000244140625,117.94822692871094
21-04-2022,118.88999938964844,123.0199966430664,3403200,124.3499984741211,119.48999786376953,114.87189483642578
22-04-2022,115.97000122070312,118.87999725341797,3086400,120.62000274658203,116.12000274658203,111.63214111328125
25-04-2022,105.01000213623047,112.1500015258789,4813200,112.94999694824219,111.7699966430664,107.45026397705078
26-04-2022,111.19999694824219,113.20999908447266,2462000,114.9000015258789,111.58999633789062,107.27722930908203
27-04-2022,108.36000061035156,112.51000213623047,2839800,113.69999694824219,112.80999755859375,108.45006561279297
28-04-2022,110.33000183105469,113.7300033569336,3312500,119.19000244140625,117.7699966430664,113.21837615966797
29-04-2022,115.5999984741211,118.45999908447266,4734000,119.52999877929688,116.76000213623047,112.24740600585938
02-05-2022,112.0999984741211,114.93000030517578,3496000,117.04000091552734,116.30999755859375,111.8147964477539
03-05-2022,116.27999877929688,116.3499984741211,3326700,121.37999725341797,120.76000213623047,116.09281921386719
04-05-2022,120.26000213623047,123.16000366210938,3134600,124.9800033569336,124.7699966430664,119.94783782958984
05-05-2022,121.7699966430664,126.11000061035156,4289400,126.43000030517578,123.41999816894531,118.65000915527344
06-05-2022,125.05000305175781,125.9000015258789,7042600,132.35000610351562,132.22000122070312,127.10990905761719
09-05-2022,116.7699966430664,128.9499969482422,6977200,130.02000427246094,117.94000244140625,113.38180541992188
10-05-2022,117.68000030517578,120.43000030517578,5451400,125.05999755859375,119.55999755859375,114.93919372558594
11-05-2022,120.91999816894531,120.95999908447266,4167300,126.19000244140625,121.29000091552734,116.60233306884766
12-05-2022,117.54000091552734,121.63999938964844,4056100,121.69000244140625,120.51000213623047,115.85247802734375
13-05-2022,122.4000015258789,122.66999816894531,3881600,126.05999755859375,124.27999877929688,119.47677612304688
16-05-2022,124.58000183105469,124.58000183105469,3560100,128.49000549316406,126.36000061035156,121.47638702392578
17-05-2022,125.55999755859375,128.02999877929688,3496800,129.08999633789062,127.41999816894531,122.49541473388672
18-05-2022,120.7300033569336,128.2100067138672,4340700,128.88999938964844,122.58000183105469,117.84246826171875
19-05-2022,119.58000183105469,120.25,4586600,124.5999984741211,121.69999694824219,116.9964828491211
20-05-2022,120.19000244140625,122.9000015258789,3559800,125.19999694824219,122.05000305175781,117.33296203613281
23-05-2022,122.41999816894531,124.27999877929688,3344300,128.27000427246094,128.07000732421875,123.12030029296875
24-05-2022,124.75,126.27999877929688,3127200,130.2100067138672,129.25,124.25468444824219
25-05-2022,129.52000427246094,130.50999450683594,3879700,133.4600067138672,133.07000732421875,127.92706298828125
26-05-2022,132.99000549316406,134.83999633789062,3384200,136.42999267578125,133.72000122070312,128.55194091796875
27-05-2022,132.02000427246094,132.72999572753906,2941000,136.94000244140625,136.85000610351562,131.56097412109375
31-05-2022,136.22999572753906,139.97999572753906,7746300,141.99000549316406,136.9600067138672,131.6667022705078
01-06-2022,137.39999389648438,139.83999633789062,4390300,141.6300048828125,139.92999267578125,134.5219268798828
02-06-2022,136.66000366210938,137.8800048828125,2619700,141.0,139.44000244140625,134.0508575439453
03-06-2022,139.77999877929688,140.08999633789062,2665200,143.27000427246094,142.47999572753906,136.97337341308594
06-06-2022,139.55999755859375,143.0,3225000,143.72999572753906,141.11000061035156,135.65631103515625
07-06-2022,140.72000122070312,140.75,3354500,146.25999450683594,145.92999267578125,140.29000854492188
08-06-2022,144.9499969482422,147.0,3494800,147.99000549316406,145.74000549316406,140.1073760986328
09-06-2022,142.24000549316406,145.02000427246094,3006300,146.22999572753906,142.49000549316406,136.98300170898438
10-06-2022,140.7899932861328,141.8000030517578,5527700,145.8000030517578,144.0,138.43463134765625
13-06-2022,130.14999389648438,138.19000244140625,5685400,139.57000732421875,132.72999572753906,127.60018157958984
14-06-2022,129.05999755859375,134.5399932861328,4036500,136.11000061035156,131.25999450683594,127.92179107666016
15-06-2022,125.0,130.0500030517578,3821200,131.02000427246094,127.45999908447266,124.21843719482422
16-06-2022,118.55999755859375,123.98999786376953,5865600,125.05000305175781,119.55999755859375,116.51935577392578
17-06-2022,109.55999755859375,118.80000305175781,13623200,119.19999694824219,111.66999816894531,108.83001708984375
21-06-2022,114.51000213623047,114.55000305175781,4369000,118.37999725341797,117.6500015258789,114.65792846679688
22-06-2022,109.43000030517578,110.80999755859375,4686300,114.18000030517578,110.7699966430664,107.95289611816406
23-06-2022,104.95999908447266,111.94999694824219,6254000,112.4800033569336,107.16999816894531,104.44445037841797
24-06-2022,107.87000274658203,109.33999633789062,11648700,113.26000213623047,110.58999633789062,107.77748107910156
27-06-2022,112.0199966430664,112.6500015258789,4957800,115.19999694824219,113.76000213623047,110.86685943603516
28-06-2022,115.7300033569336,117.69999694824219,4811000,119.93000030517578,118.30999755859375,115.30113983154297
29-06-2022,112.95999908447266,120.38999938964844,4806400,121.3499984741211,113.22000122070312,110.34059143066406
30-06-2022,109.33000183105469,110.5999984741211,5585800,114.5,110.44000244140625,107.63129425048828
01-07-2022,107.75,111.87000274658203,2781600,112.75,111.62000274658203,108.78128814697266
05-07-2022,102.44999694824219,109.22000122070312,5660500,109.51000213623047,104.81999969482422,102.15422058105469
06-07-2022,97.66999816894531,102.45999908447266,6749800,104.62000274658203,100.91000366210938,98.34365844726562
07-07-2022,102.8499984741211,103.2699966430664,4605300,106.0,105.06999969482422,102.39785766601562
08-07-2022,103.1500015258789,106.47000122070312,2494000,106.94999694824219,105.5199966430664,102.83641815185547
11-07-2022,102.06999969482422,103.62000274658203,3406400,104.76000213623047,103.69999694824219,101.06269836425781
12-07-2022,98.0199966430664,99.94999694824219,3873600,101.54000091552734,99.48999786376953,96.95977020263672
13-07-2022,97.72000122070312,98.19000244140625,3719700,102.26000213623047,99.38999938964844,96.86231994628906
14-07-2022,92.16000366210938,94.69000244140625,5584500,95.66000366210938,95.12000274658203,93.40575408935547
15-07-2022,95.33000183105469,97.62999725341797,3799200,97.69999694824219,97.27999877929688,95.52682495117188
18-07-2022,98.66999816894531,99.75,3301700,101.27999877929688,99.52999877929688,97.73627471923828
19-07-2022,99.22000122070312,99.25,3920900,103.69000244140625,103.62000274658203,101.7525634765625
20-07-2022,101.23999786376953,102.58999633789062,3088700,106.23999786376953,105.56999969482422,103.66741943359375
21-07-2022,101.30000305175781,102.16000366210938,4264100,103.5999984741211,103.55999755859375,101.69364166259766
22-07-2022,100.16000366210938,103.62999725341797,2274000,104.75,101.0,99.17977905273438
25-07-2022,101.31999969482422,102.56999969482422,3279500,105.97000122070312,105.4800033569336,103.57904815673828
26-07-2022,102.38999938964844,106.95999908447266,2865400,107.83000183105469,103.75,101.8802261352539
27-07-2022,104.1500015258789,104.61000061035156,3430800,108.72000122070312,108.19000244140625,106.24020385742188
28-07-2022,105.30999755859375,109.23999786376953,2766200,109.9800033569336,107.38999938964844,105.45462036132812
29-07-2022,108.19999694824219,109.7699966430664,6394800,111.56999969482422,111.22000122070312,109.2155990600586
01-08-2022,106.2699966430664,109.0,3623100,109.38999938964844,107.58000183105469,105.64119720458984
02-08-2022,106.22000122070312,107.91999816894531,3082700,108.4800033569336,107.19000244140625,105.25823211669922
03-08-2022,102.08000183105469,108.55999755859375,5654900,108.55999755859375,103.61000061035156,101.74274444580078
04-08-2022,99.58000183105469,102.68000030517578,5765900,103.20999908447266,99.81999969482422,98.02104949951172
05-08-2022,97.38999938964844,97.72000122070312,5736700,107.95999908447266,107.01000213623047,105.08147430419922
08-08-2022,106.63999938964844,107.06999969482422,3128500,108.79000091552734,107.19000244140625,105.25823211669922
09-08-2022,107.7699966430664,109.0,2565600,110.66999816894531,108.23999786376953,106.28929901123047
10-08-2022,105.52999877929688,108.16999816894531,2718500,109.66000366210938,108.98999786376953,107.02578735351562
11-08-2022,110.93000030517578,112.37999725341797,3264400,114.30000305175781,113.54000091552734,111.49378967285156
12-08-2022,111.88999938964844,112.6500015258789,2323800,114.75,114.48999786376953,112.42666625976562
15-08-2022,108.0199966430664,109.55000305175781,2975300,112.83999633789062,112.27999877929688,110.2564926147461
16-08-2022,110.13999938964844,113.30000305175781,3105500,114.33000183105469,112.41000366210938,110.3841552734375
17-08-2022,111.7300033569336,112.45999908447266,2539400,114.5,113.69000244140625,111.64108276367188
18-08-2022,114.76000213623047,115.0199966430664,5001300,119.02999877929688,118.98999786376953,116.84556579589844
19-08-2022,117.3499984741211,118.72000122070312,3827600,119.22000122070312,118.75,116.60989379882812
22-08-2022,115.68000030517578,117.66999816894531,2943600,119.62999725341797,118.9000015258789,116.75718688964844
23-08-2022,121.31999969482422,121.58000183105469,3191600,123.94000244140625,121.77999877929688,119.58528900146484
24-08-2022,120.66000366210938,122.48999786376953,3551600,124.58000183105469,123.9000015258789,121.66707611083984
25-08-2022,123.22000122070312,125.12000274658203,2904900,125.86000061035156,125.22000122070312,122.96329498291016
26-08-2022,123.91999816894531,125.3499984741211,2532600,127.47000122070312,124.56999969482422,122.32501220703125
29-08-2022,123.83999633789062,124.5,2675600,129.08999633789062,126.56999969482422,124.28895568847656
30-08-2022,120.8499984741211,123.5199966430664,3297000,124.5999984741211,121.86000061035156,119.66384887695312
31-08-2022,117.56999969482422,118.33000183105469,3538100,123.69000244140625,121.30000305175781,119.11393737792969
01-09-2022,117.12999725341797,119.55000305175781,2685500,119.77999877929688,118.70999908447266,116.57061004638672
02-09-2022,120.62999725341797,122.33999633789062,2355800,123.25,121.5199966430664,119.32996368408203
06-09-2022,119.83000183105469,122.93000030517578,2395900,123.45999908447266,120.30999755859375,118.14177703857422
07-09-2022,115.55999755859375,117.0,3785500,118.86000061035156,117.18000030517578,115.06819152832031
08-09-2022,116.51000213623047,118.58999633789062,3505400,118.9000015258789,118.30999755859375,116.17781829833984
09-09-2022,120.80000305175781,120.87999725341797,2839400,124.0999984741211,123.36000061035156,121.13681030273438
12-09-2022,124.87000274658203,125.36000061035156,3460200,127.66999816894531,126.41000366210938,124.13184356689453
13-09-2022,122.5199966430664,124.41000366210938,3020800,127.06999969482422,122.91000366210938,120.6949234008789
14-09-2022,122.9000015258789,123.11000061035156,3271800,128.1699981689453,126.7300033569336,125.98358917236328
15-09-2022,122.4000015258789,124.37000274658203,3534000,125.81999969482422,122.55999755859375,121.83815002441406
16-09-2022,118.6500015258789,122.81999969482422,5704200,122.9800033569336,121.44999694824219,120.73468780517578
19-09-2022,117.01000213623047,117.2300033569336,2339200,121.25,120.43000030517578,119.72069549560547
20-09-2022,117.41000366210938,120.02999877929688,2361600,120.48999786376953,119.62999725341797,118.92540740966797
21-09-2022,118.19999694824219,121.88999938964844,2540900,122.87999725341797,118.23999786376953,117.54359436035156
22-09-2022,118.18000030517578,120.44999694824219,3313400,121.2300033569336,118.3499984741211,117.65294647216797
23-09-2022,107.87999725341797,113.51000213623047,5136800,113.7300033569336,109.12000274658203,108.47731018066406
26-09-2022,105.08999633789062,108.16000366210938,4465400,109.87999725341797,105.18000030517578,104.56051635742188
27-09-2022,104.88999938964844,107.0,4404200,107.51000213623047,105.44999694824219,104.82891845703125
28-09-2022,105.77999877929688,106.0,4199100,112.37000274658203,111.7300033569336,111.07193756103516
29-09-2022,108.5,110.6500015258789,2966500,113.27999877929688,112.97000122070312,112.30463409423828
30-09-2022,109.91000366210938,111.37000274658203,3328700,113.62999725341797,111.7300033569336,111.07193756103516
03-10-2022,116.55999755859375,116.91999816894531,4243300,120.69000244140625,119.93000030517578,119.22364044189453
04-10-2022,121.47000122070312,123.04000091552734,3360400,125.37999725341797,125.16999816894531,124.43277740478516
05-10-2022,123.13999938964844,125.06999969482422,3967700,127.37000274658203,126.08000183105469,125.33741760253906
06-10-2022,124.66000366210938,124.80000305175781,5045700,128.5,127.52999877929688,126.77887725830078
07-10-2022,126.27999877929688,128.07000732421875,3654900,130.32000732421875,127.44999694824219,126.69934844970703
10-10-2022,123.3499984741211,127.44999694824219,2674300,129.24000549316406,123.69999694824219,122.971435546875
11-10-2022,120.56999969482422,121.27999877929688,3017700,125.33000183105469,122.69999694824219,121.97732543945312
12-10-2022,120.19999694824219,121.69999694824219,2540600,124.76000213623047,123.45999908447266,122.73284912109375
13-10-2022,121.5199966430664,121.5199966430664,2803800,128.32000732421875,127.33999633789062,126.58999633789062
14-10-2022,120.5,124.93000030517578,3230200,127.29000091552734,120.56999969482422,120.56999969482422
17-10-2022,120.6500015258789,122.66000366210938,3558100,123.93000030517578,120.9000015258789,120.9000015258789
18-10-2022,121.37999725341797,124.0199966430664,4018000,125.41999816894531,123.98999786376953,123.98999786376953
19-10-2022,124.30999755859375,125.0,4718800,130.92999267578125,130.07000732421875,130.07000732421875
20-10-2022,130.74000549316406,131.05999755859375,3902400,134.30999755859375,131.58999633789062,131.58999633789062
21-10-2022,131.6199951171875,132.5,4237200,135.8699951171875,135.0,135.0
24-10-2022,134.41000366210938,134.82000732421875,1485888,136.4499969482422,135.1999969482422,135.1999969482422
